,2006,2007,2008,2009,2010,2011,2012,2013,2014,2015,2016,2017,2018,2019,2020,2021,2022,2023,2024,2025
AAAA,,,,,,,,,,,,,,,,,,,,
AAAU,,,,,,,,,,,,,,0.16091949403083916,0.24196724813492576,-0.06046511902988805,0.010050268381313732,0.1200658202597864,0.27219231537725275,0.629897184553277
AADR,,,,,0.2109272816310337,-0.057695737775275,0.0769816424808091,0.1941551693743362,0.00909207890402,0.0601772985285931,0.0717281592607403,0.439253582214282,-0.3319343155569768,0.3447649604613614,0.1112992451786227,0.0552489945450755,-0.231143882632911,0.2010123476881107,0.2730500026467268,0.2353541405584884
AAOX,,,,,,,,,,,,,,,,,,,,
AAPB,,,,,,,,,,,,,,,,,,0.8874472098097117,0.5692379027026446,0.05480186673606968
AAPR,,,,,,,,,,,,,,,,,,,,0.07936207424515063
AAPY,,,,,,,,,,,,,,,,,,,0.24818798877170467,0.0757403968954129
AAUS,,,,,,,,,,,,,,,,,,,,
AAVM,,,,,,,,,,,,,-0.1623890337039024,0.0450594773146937,0.0398405674505069,0.0341964418806108,-0.0684442691860692,0.0134461607705729,0.1284670693772565,0.1864809481439646
AAXJ,,,,0.6072210064012564,0.1324991145387755,-0.2124738667060535,0.2033720377641095,-0.004852553161854067,0.06298997989517541,-0.09856823787408397,0.07837992113242076,0.40382287050512655,-0.16780760417612683,0.1875512784565665,0.2103223713581719,-0.06584514595434166,-0.20914269112086803,0.037032604403348435,0.12318223418668173,0.32496890975723813
ABCS,,,,,,,,,,,,,,,,,,,0.1462355261240751,0.0905959295159801
ABIG,,,,,,,,,,,,,,,,,,,,
ACEP,,,,,,,,,,,,,,,,,,,,
ACES,,,,,,,,,,,,,,0.5028217147332978,1.370417967626942,-0.1925286413321225,-0.2991045281087087,-0.1807583339992793,-0.2586827260119516,0.2301041688944749
ACIO,,,,,,,,,,,,,,,0.0943334763639045,0.1906375201948666,-0.1031623387247639,0.1614463662555616,0.2235854022139256,0.1000817499324169
ACLZ,,,,,,,,,,,,,,,,,,,,
ACMM,,,,,,,,,,,,,,,,,,,,
ACWI,,,,0.2952510291904211,0.1050633982246354,-0.08505425937144229,0.14547419800275496,0.1998040067254545,0.053324694919532956,-0.019744460294941257,0.10353839966127176,0.2337420533029424,-0.09974076856283787,0.2662914224235091,0.15145324985275144,0.1931934057081961,-0.1881532353456271,0.22245607910244747,0.18462024111522823,0.23450800615553957
ACWV,,,,,,,0.09509236801326004,0.15896679383443169,0.12043461955650225,0.032006188216656684,0.08979150993446017,0.1825695191798813,-0.016187735400671976,0.21712085502335232,0.027545993858529405,0.14569541498782534,-0.09998264947918767,0.07743797427247268,0.11240213667149757,0.118388292405321
ACWX,,,,0.34255298424317115,0.07372877662849575,-0.1472622910348319,0.1314827359383124,0.12741045859064792,-0.03174990621949947,-0.05230389328583407,0.0658538758159124,0.2650961718389868,-0.14885266536549735,0.21486038918891515,0.08957161591499863,0.07103782120837865,-0.1654906141474134,0.1487417149529553,0.06466800645845305,0.33468608564137714
ADME,,,,,,,,,,,,0.1713115966553158,-0.0661664822366924,0.0914749412371209,0.1823561407686926,0.2194868351186361,-0.2179521711395523,0.1571769423829028,0.2267121874041211,0.1108554458671839
AESR,,,,,,,,,,,,,,,0.188248320598751,0.2706535778676524,-0.1812520197044048,0.2198325232390465,0.2711407248944446,0.0434812010999137
AFGR,,,,,,,,,,,,,,,,0.15114012060257465,-0.3918262245269586,0.4539007690787762,0.28765666098548515,0.17696870584542967
AFK,,,,0.29801413797952847,0.22541447659518932,-0.24214746296856182,0.23786583878878642,-0.0003634427100013271,-0.12091736373980366,-0.30196753537063314,0.15277910318594579,0.2828180987245863,-0.2048097644277883,0.1040825408316659,0.03088815405537959,0.015103573839373885,-0.17761078776353167,-0.12919837095062603,0.10106761307130774,0.7178296688502233
AFLG,,,,,,,,,,,,,,,0.10004721307627573,0.28911972600877167,-0.16028664512649804,0.20663435565502097,0.27877588142650134,0.15530069388745882
AFMC,,,,,,,,,,,,,,,0.06016614782814789,0.27692086558199636,-0.1539400896828771,0.2177790875382215,0.19447770603794545,0.1130910415983668
AFOS,,,,,,,,,,,,,,,,,,,,
AFSM,,,,,,,,,,,,,,,0.08741409140566847,0.2736763370654709,-0.17850433500853902,0.22852194761410138,0.10939700687503073,0.1116507057508267
AGIQ,,,,,,,,,,,,,,,,,,,,
AGIX,,,,,,,,,,,,,,,,,,,,0.3063918051040968
AGNG,,,,,,,,,,,,0.28169493358011266,-0.022541439404238806,0.2656477137819546,0.18433809424712533,0.0466179842416623,-0.08748260449851164,0.09201384600621942,0.06507966486579475,0.21590205526945327
AGOX,,,,,,,,,,,,,,,,,-0.1908238746298028,0.1926661070342188,0.1657613551658547,0.0812135074872442
AGQ,,,,0.7134574532047706,1.6113946572252962,-0.468037518360926,-0.07547174488968522,-0.655820049928463,-0.4262665951123328,-0.2951587398670238,0.18195214009086014,0.005644641341957524,-0.24354560018559168,0.19977257867397613,0.59353630494059,-0.36315303090114615,-0.046199680247633546,-0.15146784235269362,0.25493843699923646,4.167659678357713
AGQI,,,,,,,,,,,,,,,,,,,0.034840972316389385,0.2754350988179224
AGRW,,,,,,,,,,,,,,,,,,,,
AIA,,,-0.4500294063454371,0.5130222594866076,0.16783475970289907,-0.15348467870923432,0.2179143366169054,-0.007605086205468736,0.03393205781511921,-0.0711320960220102,0.1522159050465195,0.4329709318124939,-0.1606520836674492,0.23282867204654334,0.30837015074762486,-0.12202602085414582,-0.2445784616554948,0.02910404242361575,0.22692768481315495,0.49398547414111227
AIOO,,,,,,,,,,,,,,,,,,,,
AIQ,,,,,,,,,,,,,,0.38323540988686045,0.4955735488623172,0.18226809331462857,-0.36623576272959024,0.553095627349383,0.27127625359185714,0.3380896280561094
AIRR,,,,,,,,,,-0.08811773875042883,0.46479165902508535,0.15548665928889305,-0.20856144758913187,0.33179146211715094,0.17892380162903043,0.3563773005368498,-0.02330138450227892,0.3164389109110073,0.34633423354137305,0.2977980051153186
AIS,,,,,,,,,,,,,,,,,,,,0.5961698947082321
AIVI,0.27289625088140745,0.11465460667380567,-0.4539340510079328,0.31211775830898736,0.02735962347647991,-0.06759059634165976,0.0803372036266723,0.17129601898084568,-0.031234614409253125,-0.0771097659398523,0.0377591028860611,0.20018787391117643,-0.10059290074827809,0.18240136332234846,-0.02077488930798288,0.08692124216891806,-0.10223286482301297,0.16975475148297647,0.02915752353465928,0.39785176805493094
AIVL,0.17057400635607456,-0.003292505996038808,-0.3537016378443204,0.22835022311746922,0.20115505861943128,0.11482926347184752,0.1118525324685462,0.24796677028483916,0.1639657840578692,-0.05521109548909009,0.18650317177713194,0.12455038411447239,-0.10401588059032607,0.23707571735880628,-0.057056544619776495,0.25953089674370866,-0.0733682105913448,0.06739178062427231,0.1316571144787786,0.10851941754892147
AJAN,,,,,,,,,,,,,,,,,,,0.07782342620436933,0.06058528364652749
AJUL,,,,,,,,,,,,,,,,,,,,0.07863121188476008
AKAF,,,,,,,,,,,,,,,,,,,,
AKRE,,,,,,,,,,,,,,,,,,,,
ALAI,,,,,,,,,,,,,,,,,,,,0.3959515255102204
ALIL,,,,,,,,,,,,,,,,,,,,
ALLW,,,,,,,,,,,,,,,,,,,,
ALRG,,,,,,,,,,,,,,,,,,,,
ALTL,,,,,,,,,,,,,,,,0.47695502602954676,-0.11902745319400376,-0.15851182353529514,0.11303281302060464,0.18028431390865718
ALTY,,,,,,,,,,-0.04632308384765638,0.17921696542277554,0.10319217438217376,-0.0600058343057176,0.20363438701327752,-0.12863214675868861,0.24599050575392956,-0.12065249570078818,0.09955053695205773,0.11163711772625651,0.10500828328040801
AMA,,,,,,,,,,,,,,,,,,,,
AMAU,,,,,,,,,,,,,,,,,,,,
AMDL,,,,,,,,,,,,,,,,,,,,1.056282763441144
AMID,,,,,,,,,,,,,,,,,,0.3191039610350337,0.1435571415211767,0.0029160882322369
AMKL,,,,,,,,,,,,,,,,,,,,
AMLP,,,,,,0.0977440613804279,0.0177559362786321,0.1570093936396794,0.0583588530767846,-0.2790234043113304,0.1388368915683731,-0.08904651283968,-0.1479601019198251,0.0408126310132301,-0.3312207390072734,0.4028831581624847,0.2196680195293698,0.233431669882165,0.226472977914758,0.0496349733910577
AMOM,,,,,,,,,,,,,,,0.524681927514427,0.13421959067589007,-0.26224453086371413,0.2838905965864238,0.3770192827251264,0.08764813193246734
AMYY,,,,,,,,,,,,,,,,,,,,
AMZP,,,,,,,,,,,,,,,,,,,0.39329442102984924,0.09321880937173588
AMZZ,,,,,,,,,,,,,,,,,,,,-0.08220754628020421
ANEW,,,,,,,,,,,,,,,,0.07675760420403921,-0.2953774076029604,0.22559709194975475,0.20745451036027296,0.12885139660777778
AOA,,,,0.23884906224840363,0.14901923422238594,-0.02638293090329069,0.13521083610932583,0.20508433464679254,0.07117218048978269,-0.009655619673918925,0.08635220361159468,0.19494873521493816,-0.08425958697271585,0.22574432601534444,0.11895214891324479,0.1600022159809158,-0.1653435496125928,0.18029374985906,0.14331921033741657,0.20665143961703825
AOCT,,,,,,,,,,,,,,,,,,,,0.07260988989851591
AOK,,,,0.08467682954188538,0.06627019900483733,0.042399619939412325,0.06214652278372035,0.05978107301039759,0.04471501463488581,-0.011829803905848202,0.052740700828035836,0.09601487075182935,-0.03248784680393613,0.13653937643930947,0.08821256211108763,0.05038871421388458,-0.13743701079502058,0.10293564901084262,0.07111163138313059,0.12217853047701044
AOM,,,,0.1274198297252589,0.07054213223434114,0.018078871396120633,0.07985864052249236,0.08935828859835859,0.05116943461779089,-0.011767330491118444,0.057570765075999564,0.11473652922876965,-0.042109233924367495,0.15482746616942156,0.09615179973087207,0.07131942944783032,-0.14497763448259104,0.11822628082260311,0.08571191712077542,0.1379392374997528
AOR,,,,0.17441263703078524,0.09797559668719313,0.0052326493990833,0.10411089799710305,0.14077887215007756,0.07242162819448628,-0.010187758191673835,0.07402153496335817,0.15489511450636773,-0.06243584276612024,0.1893645168858893,0.10752561668012528,0.1146404991085681,-0.15778691078839302,0.14891776955827396,0.11478580542320094,0.1724605980477132
AOTG,,,,,,,,,,,,,,,,,,0.5641346069120836,0.3565442156192449,0.2587605380372761
APHU,,,,,,,,,,,,,,,,,,,,
APOC,,,,,,,,,,,,,,,,,,,,0.029564204149962414
APPC,,,,,,,,,,,,,,,,,,,,
APRH,,,,,,,,,,,,,,,,,,,0.06907241972619915,0.06924137205846703
APRJ,,,,,,,,,,,,,,,,,,,0.05982780808622179,0.05642033856366435
APRP,,,,,,,,,,,,,,,,,,,,0.07924632762525108
APRT,,,,,,,,,,,,,,,,0.1234610466122998,-0.0697318780355693,0.2236230449642282,0.1553791291355657,0.0806815584867841
APRW,,,,,,,,,,,,,,,,0.0576848024667082,-0.0292051397582426,0.1233345913460246,0.1132588025045577,0.0628409560819793
APXM,,,,,,,,,,,,,,,,,,,,
AQLT,,,,,,,,,,,,,,,,,,,,0.18520500042723542
ARKB,,,,,,,,,,,,,,,,,,,,-0.1003392284467635
ARKF,,,,,,,,,,,,,,,1.0308152229946823,-0.1713996203187182,-0.6519511917570717,0.9463655297645236,0.4071401273871495,0.2916491822171221
ARKG,,,,,,,,,,-0.015727765385068,-0.1591156137023146,0.4436593639260104,-0.0358148738918646,0.4082432768050097,1.818311777516453,-0.3383489489590979,-0.5537464386459356,0.188337582324785,-0.280409559966759,0.1856092021855129
ARKK,,,,,,,,,,0.0370527785025605,0.001998859388657,0.8377970139083617,-0.0050564477962236,0.3424729157077533,1.5045889455514,-0.2351361240507595,-0.6779049191879645,0.7336427295632302,0.1241584249062113,0.3687819226932716
ARKQ,,,,,,,,,,-0.0140531147608752,0.1682446985075767,0.5036431279583635,-0.1007398856075832,0.2563002661923135,1.030909124493574,0.0101642469423179,-0.4791719629456537,0.4250432156260677,0.3689526869040116,0.5132850630281542
ARKW,,,,,,,,,,0.1663262103821718,0.1188140543903462,0.848637173225874,0.0108142692925452,0.356335397219685,1.5188568559509903,-0.1639514264283456,-0.6805336766727137,1.0116618877991446,0.4808009774496002,0.3878489910554414
ARKX,,,,,,,,,,,,,,,,,-0.3461741506863737,0.2477732284554168,0.297872374153828,0.5023160100662458
ARLU,,,,,,,,,,,,,,,,,,,,0.1224354705974963
ARMH,,,,,,,,,,,,,,,,,,,,
ARP,,,,,,,,,,,,,,,,,,0.029689465294529427,0.1446047050950079,0.19223639125176395
ARTY,,,,,,,,,,,,,,0.3374169164213323,0.45716663567506277,0.06565893906399967,-0.38411896307504867,0.3499581944789685,0.10750753373904032,0.3076301619665287
ARVR,,,,,,,,,,,,,,,,,,0.43297939943603736,0.13449718726595572,0.2951472336580967
ASCE,,,,,,,,,,,,,,,,,,,,
ASGM,,,,,,,,,,,,,,,,,,,,
ASLV,,,,,,,,,,,,,,,,,,,,
ASMF,,,,,,,,,,,,,,,,,,,,0.010992589756342097
ASMH,,,,,,,,,,,,,,,,,,,,
ASMU,,,,,,,,,,,,,,,,,,,,
ASTG,,,,,,,,,,,,,,,,,,,,
ASTT,,,,,,,,,,,,,,,,,,,,
ATFV,,,,,,,,,,,,,,,,,-0.3608017457222895,0.3441155859059666,0.503882263748384,0.3723972446330954
AUGM,,,,,,,,,,,,,,,,,,,,0.06770148755253125
AUGP,,,,,,,,,,,,,,,,,,,,0.14180090016803093
AUGT,,,,,,,,,,,,,,,,,,,0.2027079185219045,0.152381835863707
AUGU,,,,,,,,,,,,,,,,,,,,0.1333690546412029
AUGW,,,,,,,,,,,,,,,,,,,0.1343283637270576,0.1144125786512584
AUSF,,,,,,,,,,,,,,0.2358396420865978,0.014293374781561008,0.28977311131275907,0.0030274933774636636,0.23245398842427423,0.16785560138447875,0.14612589592423886
AVDE,,,,,,,,,,,,,,,0.0724601647932232,0.1335864265496282,-0.1417868519189886,0.1678895979900896,0.0594992677539922,0.3897596009671649
AVDS,,,,,,,,,,,,,,,,,,,0.0455026965445275,0.3899168160441977
AVDV,,,,,,,,,,,,,,,0.040013691682303,0.1573811976926771,-0.1195672498300188,0.1672237465118302,0.0981239931459792,0.498677835229917
AVEE,,,,,,,,,,,,,,,,,,,0.0445236260493748,0.20081805425583
AVEM,,,,,,,,,,,,,,,0.1284123385665792,0.0430809150361015,-0.1867445468583575,0.1468761040773849,0.0898082657710921,0.349481520008674
AVES,,,,,,,,,,,,,,,,,-0.1652103981630353,0.1616779828137746,0.0593127979495364,0.3065012099130519
AVGE,,,,,,,,,,,,,,,,,,0.1946682380872901,0.1468062040818349,0.2187877151509298
AVGU,,,,,,,,,,,,,,,,,,,,
AVGV,,,,,,,,,,,,,,,,,,,0.1193986000817,0.2338635470549144
AVIE,,,,,,,,,,,,,,,,,,0.0571866378885737,0.0478899503254246,0.1174558497262949
AVIV,,,,,,,,,,,,,,,,,-0.0898256738410955,0.1810801852551615,0.0526612683958649,0.4273749370820949
AVNM,,,,,,,,,,,,,,,,,,,0.0670052330991624,0.3875571648709779
AVNV,,,,,,,,,,,,,,,,,,,0.065425621167076,0.4064544410173252
AVXC,,,,,,,,,,,,,,,,,,,,0.3027061337306176
AWAY,,,,,,,,,,,,,,,,-0.0390377975348043,-0.3390712584772984,0.1730120089233644,0.1366708823882441,-0.020197289181992
BABX,,,,,,,,,,,,,,,,,,-0.3887394522229701,0.07692311617903069,1.258204463290388
BAFE,,,,,,,,,,,,,,,,,,,,0.1059356618854971
BAGX,,,,,,,,,,,,,,,,,,,,
BAI,,,,,,,,,,,,,,,,,,,,0.2504293150090908
BALI,,,,,,,,,,,,,,,,,,,0.22568913569180582,0.15201586490539465
BALQ,,,,,,,,,,,,,,,,,,,,
BALT,,,,,,,,,,,,,,,,,0.024783181985395197,0.07608288195142388,0.10323035748991316,0.06408012113862749
BAMA,,,,,,,,,,,,,,,,,,,0.1547729037686378,0.1324426719637885
BAMD,,,,,,,,,,,,,,,,,,,0.1800388945789215,-0.0063837208612627
BAMG,,,,,,,,,,,,,,,,,,,0.2494489392027528,0.184923927722207
BAMO,,,,,,,,,,,,,,,,,,,0.1493340257876385,0.0980490676781613
BAMV,,,,,,,,,,,,,,,,,,,0.1248836598503619,0.0890688240978547
BAMY,,,,,,,,,,,,,,,,,,,0.1094294033148801,0.1301881520274808
BAPR,,,,,,,,,,,,,,,0.0562125636465145,0.1270935286742787,-0.07196057861088434,0.23410303612449912,0.16482650648949781,0.08681890554669747
BAR,,,,,,,,,,,,,-0.027329266617214576,0.18097614148353847,0.24031516463687863,-0.06104502378857457,0.008943535655159929,0.12032958982993369,0.27286131737587094,0.6299542999554346
BASG,,,,,,,,,,,,,,,,,,,,
BASV,,,,,,,,,,,,,,,,,,,,
BAUG,,,,,,,,,,,,,,,0.11430605643110425,0.13111811793801165,-0.10534648970937543,0.20413698717064377,0.21845119027191418,0.15240696525298714
BBC,,,,,,,,,,0.02806269380281834,-0.33533111497914314,0.5498332664598733,-0.20743772373751213,0.5855417336505637,0.32547509872317737,-0.22685133933978485,-0.37300842825369873,-0.0009401288551206255,-0.017809998569446095,0.5948682001960841
BBH,-0.06185097032139897,-0.06622726235210141,0.10472807512705984,0.10634958433623765,0.011675837201955419,0.20525760714338315,0.4606005526641286,0.5999102637465537,0.3002030840924548,0.09324538393726267,-0.12742763967699755,0.14009763469045433,-0.12911397324230356,0.2585034586591335,0.21956480594860683,0.12138650420882668,-0.13951367994684982,0.04683741535179853,-0.06561564497492123,0.21601171434039945
BBP,,,,,,,,,,0.17923151608733545,0.10010075204272084,0.24375491226270385,-0.1504381701488623,0.23601569162323077,0.23254030058622321,-0.0853549227224617,-0.009208255109974917,0.19506270982404206,0.017633709251355434,0.3086157591857306
BCCC,,,,,,,,,,,,,,,,,,,,
BCHI,,,,,,,,,,,,,,,,,,,,
BCHP,,,,,,,,,,,,,,,,,,,0.22849942364464515,0.11541067576583819
BDEC,,,,,,,,,,,,,,,0.12847629089548596,0.167174646316812,-0.09520838554161615,0.20256550300827025,0.12853402485205323,0.15715014255933335
BDGS,,,,,,,,,,,,,,,,,,,0.1924495718657073,0.1100858086773477
BDRY,,,,,,,,,,,,,-0.2878140662193036,-0.1644131962944414,-0.4484636082510143,2.4816999812755567,-0.6854893977980632,0.3106576892967896,-0.427495292916759,0.3888000488281249
BDVL,,,,,,,,,,,,,,,,,,,,
BDYN,,,,,,,,,,,,,,,,,,,,
BEC,,,,,,,,,,,,,,,,,,,,
BEDY,,,,,,,,,,,,,,,,,,,,
BEDZ,,,,,,,,,,,,,,,,,-0.1372502864767991,0.2546494175040066,0.1888587615854422,0.049372058402342
BEGS,,,,,,,,,,,,,,,,,,,,
BELT,,,,,,,,,,,,,,,,,,,,0.1326544105731864
BETE,,,,,,,,,,,,,,,,,,,0.588024016739942,-0.11881089949905765
BETH,,,,,,,,,,,,,,,,,,,0.7500438473031834,-0.14626853150973007
BFAP,,,,,,,,,,,,,,,,,,,,
BFEB,,,,,,,,,,,,,,,,0.18622780009402518,-0.06793272973545927,0.22750583275030323,0.17980111160907453,0.13384087344265594
BFJL,,,,,,,,,,,,,,,,,,,,
BFOR,,,,,,,,0.2027040527888535,0.0742777216037815,-0.0271325210660784,0.2006281793158659,0.1882817598201505,-0.1435649274027954,0.2041412413943144,0.1683575100796805,0.3227410013765173,-0.1573385859050561,0.1946302707997189,0.1822463018635911,0.1475279614428417
BFRZ,,,,,,,,,,,,,,,,,,,,
BGCG,,,,,,,,,,,,,,,,,,,,
BGGG,,,,,,,,,,,,,,,,,,,,
BGLD,,,,,,,,,,,,,,,,,-0.01588577659150381,0.1253344653595112,0.21932833537774332,0.322531457955632
BGRO,,,,,,,,,,,,,,,,,,,,0.13126366600758255
BHYP,,,,,,,,,,,,,,,,,,,,
BIB,,,,,,0.13409452859597937,0.6473427896039021,1.4402466408259125,0.6693270386779888,0.11860435818207038,-0.4014696950208235,0.3543478262927908,-0.2846702014235848,0.4360464835377109,0.4155460676951037,-0.047775660738383796,-0.29875742108440917,0.004221817135604988,-0.13295353336489601,0.5706402921092766
BIBL,,,,,,,,,,,,,-0.07974304733146886,0.3045083504770645,0.21503103606821372,0.29029817987555084,-0.22828651313882742,0.1882325511145262,0.13404227261386703,0.18868997352021744
BIDD,,,,,,,,,,,,,,,,,,,,0.2030677183823475
BIGY,,,,,,,,,,,,,,,,,,,,0.1982353818342686
BINV,,,,,,,,,,,,,,,,,,,0.0843701229325875,0.3890940517223467
BIS,,,,,,-0.3582677704230519,-0.47935633407457445,-0.6668281790783175,-0.5529639698271112,-0.36468243298344094,0.14533577492934402,-0.3439452063579823,0.1087347946209336,-0.40127675757853354,-0.5656101533718172,-0.15849062589899077,-0.009081826844853702,-0.0821816250322942,0.09076524830366828,-0.45467864059748675
BITI,,,,,,,,,,,,,,,,,,-0.6600935646602483,-0.5988209830157191,0.022036752324474662
BITO,,,,,,,,,,,,,,,,,-0.6397237894342351,1.3596310245277157,0.9135961313003058,-0.14358718744199828
BITS,,,,,,,,,,,,,,,,,-0.7552550127037688,2.101581090333464,0.5829986271404457,0.11090364322656066
BITU,,,,,,,,,,,,,,,,,,,,-0.4147277146801569
BITX,,,,,,,,,,,,,,,,,,,1.3309584767708023,-0.43265970972532786
BIZD,,,,,,,,,-0.0660056455727197,-0.05219399310938855,0.24006317697802282,-0.004338124051028847,-0.07544898577607828,0.2706263013629697,-0.07231624340079645,0.3754496028703507,-0.09037515932283846,0.25773810631556704,0.15343264149570124,-0.059323331548914005
BJAN,,,,,,,,,,,,,,,0.11973471367434274,0.1519926520231154,-0.11752131069905447,0.240315746698069,0.17726494725874242,0.15087829775475314
BJUL,,,,,,,,,,,,,,0.17275041541098868,0.08498374735687642,0.1167615172208889,-0.07593425583240965,0.22215004706734165,0.19208132958830348,0.14372337079098307
BJUN,,,,,,,,,,,,,,,0.09720899306183739,0.11480704949645126,-0.1173021098185485,0.17089248426923787,0.16721022422982723,0.13079155799366426
BKCG,,,,,,,,,,,,,,,,,,,,
BKCH,,,,,,,,,,,,,,,,,-0.8532454578424458,2.7109525517041697,0.22597891781439938,0.23212786862609458
BKCI,,,,,,,,,,,,,,,,,-0.2052332309559018,0.1707969722187723,-0.007941221983892,0.1059904768388093
BKDV,,,,,,,,,,,,,,,,,,,,0.1914213620970366
BKEM,,,,,,,,,,,,,,,,-0.0471900775686718,-0.199548471122127,0.0797508354076788,0.0879181084451048,0.3151336960811013
BKF,,,-0.5681957435403809,0.7498237301332633,0.056288700701603744,-0.25909715069469685,0.11004123634467566,-0.07898721969250622,-0.015296853029430069,-0.13802507506630246,0.14487594114662272,0.39955271337779164,-0.16340742995394086,0.22209471331913822,0.13533687194783384,-0.12230525828881844,-0.2206974967773323,-0.0008178823381167488,0.10723562305849965,0.22911036163955378
BKGI,,,,,,,,,,,,,,,,,,0.1008684543228648,0.1201291587042026,0.3728641759074849
BKIE,,,,,,,,,,,,,,,,0.13239286056435,-0.1400776900241548,0.1759701957373554,0.059366621734805,0.3266068799139241
BKLC,,,,,,,,,,,,,,,,0.2905542688462048,-0.2103297941710186,0.313382561409137,0.263960265324296,0.1913384660278856
BKMC,,,,,,,,,,,,,,,,0.258206519812441,-0.1567552511234166,0.1785488019491614,0.1452414790754483,0.0994347933755099
BKSE,,,,,,,,,,,,,,,,0.1830454692770693,-0.1911728289307299,0.2292961783645515,0.1036615342970677,0.1403984406979457
BLCR,,,,,,,,,,,,,,,,,,,0.17903956329929516,0.31948926669959765
BLCV,,,,,,,,,,,,,,,,,,,0.1201155521660573,0.21303305121185057
BLDG,,,,,,,,,,,,,,,,0.2454140901380646,-0.1465273082699615,0.016339194862468,0.0790679535926683,0.0460726113693732
BLDX,,,,,,,,,,,,,,,,,,,,
BLES,,,,,,,,,,,,0.1520986424826274,-0.14132252195221706,0.28277289914972425,0.1193366217906,0.24980774952713447,-0.15910948166443317,0.16813058459880326,0.06637758172610386,0.19832334792744244
BLGR,,,,,,,,,,,,,,,,,,,,
BLOX,,,,,,,,,,,,,,,,,,,,
BLUC,,,,,,,,,,,,,,,,,,,,
BMAR,,,,,,,,,,,,,,,,0.17091650005585945,-0.07168615447053017,0.2321523439201163,0.16812655291979817,0.1547763263174433
BMAY,,,,,,,,,,,,,,,,0.12398761577411133,-0.12799464128289972,0.17035318118974807,0.19635016112850745,0.11330260729664499
BMED,,,,,,,,,,,,,,,,-0.025733527595877104,-0.19469606409826334,0.06276220367890151,0.012897719839590982,0.21701020419021844
BMVP,0.10081284560774217,0.045043836310190155,-0.3595798261300509,0.15871791127456158,0.15139564509146752,-0.06731892463348332,0.1976077081216483,0.37823183948283456,0.10074842147506113,0.007494431686360992,0.16002426716009022,0.20077450490609206,-0.06370649748172819,0.13678812505753268,0.0821787512875023,0.20245627058242333,-0.15245052328443742,0.19798735862393424,0.1743523186251441,0.07110267657357006
BNGE,,,,,,,,,,,,,,,,,,0.35164606473296867,0.22440969853984138,0.3677496846870194
BNOV,,,,,,,,,,,,,,,0.11322872424250785,0.11592780459117624,-0.09919834232911762,0.17538718855149016,0.12802690855673204,0.13923241267952258
BOAT,,,,,,,,,,,,,,,,,0.03525650829750715,0.26999609622141163,0.04084335488111934,0.2088188020126165
BOCT,,,,,,,,,,,,,,0.186188700462401,0.14247720529941454,0.16084616849343214,-0.08314085483578959,0.21509795976349833,0.12931036888163594,0.15006946494763218
BOIL,,,,,,,-0.6154826065654091,0.07175989085948165,-0.6091156799603665,-0.7116104868913857,0.055679287305122394,-0.5737704918032787,-0.23609467455621302,-0.6677290836653387,-0.7353015075376884,0.18483197093551307,-0.35603042375950744,-0.9004201702043122,-0.6262470879570305,-0.5430836950629818
BOTZ,,,,,,,,,,,,0.5696678177536458,-0.29237903155727296,0.31177224307319973,0.4932696263570491,0.09090962406277847,-0.4293123618498511,0.38291746022884654,0.15462555319945626,0.13913016193954264
BOUT,,,,,,,,,,,,,,0.2156520613152035,0.4997623746198627,0.2384912622145767,-0.2186921823327291,0.1422259469275579,0.2149087162670102,-0.0619446074792147
BPAY,,,,,,,,,,,,,,,,,,0.14027217285834848,0.1873876880914167,0.09928642168320723
BPH,,,,,,,,,,,,,,,,,,,,
BRAZ,,,,,,,,,,,,,,,,,,,-0.28429310215786885,0.45293543605032527
BRF,,,,,0.21511299352039215,-0.29154183973309633,0.14844308409780016,-0.2990483038869334,-0.23040561090095601,-0.4723480507427522,0.6660705067158728,0.500976559709505,-0.14331203676844884,0.34540659667312146,-0.22622395814022545,-0.1860080183119429,-0.10345092442700066,0.47496763302182177,-0.32548889268898673,0.5569200198890858
BRIF,,,,,,,,,,,,,,,,,,,,0.4524910359365488
BRNY,,,,,,,,,,,,,,,,,,0.2274137309652733,0.2955992153326654,0.2242441697934316
BRSV,,,,,,,,,,,,,,,,,,,,
BSEP,,,,,,,,,,,,,,,0.11861805155801464,0.15704334605141312,-0.09503206098598682,0.21056109665876566,0.17472140781454648,0.15348733368315481
BSMC,,,,,,,,,,,,,,,,,,,0.1041155042768777,0.1699790284361328
BTAL,,,,,,,-0.0703921657375673,-0.1109032407369772,0.0805858706786422,0.0433905253793911,-0.0506024630091347,-0.0112821355980827,0.1645526742907299,0.0204084694473074,-0.13743219906948,-0.0734757742893508,0.217121292547662,-0.1621210649519198,0.1074217649187976,-0.2009112768465177
BTCI,,,,,,,,,,,,,,,,,,,,-0.04271461623060391
BTCW,,,,,,,,,,,,,,,,,,,,-0.1011985435274807
BTCZ,,,,,,,,,,,,,,,,,,,,-0.22878233035066708
BTGD,,,,,,,,,,,,,,,,,,,,0.2893573348201177
BTRN,,,,,,,,,,,,,,,,,,,,0.026614681979659105
BUFB,,,,,,,,,,,,,,,,,,0.20787643700628267,0.16850555648206322,0.13833476484915552
BUFD,,,,,,,,,,,,,,,,,-0.07782465322783216,0.15345530543357877,0.12820510658427353,0.11512763497020573
BUFF,,,,,,,,,,,0.12696018011185317,0.14258510477421393,-0.06485609114270496,0.3452145045979145,-0.13338167105892462,0.08978626771358944,-0.046827337754605125,0.16783223156902105,0.12516906847760767,0.11321174947144885
BUFG,,,,,,,,,,,,,,,,,-0.12047017544711769,0.1888268793378196,0.1567516358351,0.13237703248910493
BUFH,,,,,,,,,,,,,,,,,,,,
BUFP,,,,,,,,,,,,,,,,,,,,0.13243339429814505
BUFQ,,,,,,,,,,,,,,,,,,0.36040710605807824,0.17276123880304484,0.14585987195373185
BUFR,,,,,,,,,,,,,,,,0.12922931913840552,-0.07880553619990971,0.2000903535366414,0.15024535963098384,0.12980613615924308
BUFS,,,,,,,,,,,,,,,,,,,,0.0745079728781104
BUFT,,,,,,,,,,,,,,,,,-0.08391254607374077,0.1306731584171077,0.07860578311794653,0.09783818796859589
BUFX,,,,,,,,,,,,,,,,,,,,
BUFY,,,,,,,,,,,,,,,,,,,,0.1826157081774762
BUFZ,,,,,,,,,,,,,,,,,,,0.11724267116231157,0.11250525099224418
BUL,,,,,,,,,,,,,,,0.2601425131481576,0.3401596156959108,-0.15817441921175635,0.06060544223603892,0.3035951039596807,0.20284737545149922
BUSA,,,,,,,,,,,,,,,,,,,0.1530427712708719,0.1872333378170074
BUSM,,,,,,,,,,,,,,,,,,,,
BUYO,,,,,,,,,,,,,,,,,,,,0.12454014903574584
BUYZ,,,,,,,,,,,,,,,,-0.18414595522107857,-0.4960438498517019,0.3844638630253294,0.31316372399016235,0.09563434802332593
BUZZ,,,,,,,,,,,,,,,,,-0.48334598967216535,0.5631671265798395,0.3711081503346012,0.31398843422292555
BVAL,,,,,,,,,,,,,,,,,,,,
BWET,,,,,,,,,,,,,,,,,,,-0.3785682655525757,0.9453716840643483
BWTG,,,,,,,,,,,,,,,,,,,0.2200544275488642,0.1732103450999116
BYRE,,,,,,,,,,,,,,,,,,0.11077010462626458,0.030952336174013384,0.04395536665200073
BZQ,,,,,-0.3043879787612017,0.2882391278966947,-0.08582517102893006,0.30876106149618,-0.03868223087869649,0.8539763892315819,-0.7910790667134977,-0.46149306639822063,-0.16413823597471688,-0.40559983005994105,-0.508898884580923,0.03798174736086568,-0.4692221967345044,-0.5569596564792643,0.9218360491243647,-0.5749029305390176
CAFG,,,,,,,,,,,,,,,,,,,0.07723184600817068,0.012555031363385538
CAIE,,,,,,,,,,,,,,,,,,,,
CALF,,,,,,,,,,,,,-0.10963013738965166,0.16618297502856572,0.16642945386021135,0.4131378050036887,-0.16320494108238948,0.36954004170703625,-0.0723518084475343,0.030015225721027994
CAMX,,,,,,,,,,,,,,,,,,,0.1253471096634988,0.1013461812582232
CANQ,,,,,,,,,,,,,,,,,,,,0.1204084183022633
CAOS,,,,,,,,,,,,,,,,,,,0.0567359341551172,0.0278032066676368
CARZ,,,,,,,0.2500836328487792,0.3571995977345934,-0.025662769543091324,-0.0033531366492840498,0.002380909283927757,0.2328542338057673,-0.24526071486023449,0.12265142613503843,0.5245193404362238,0.17702347224852732,-0.32839970221344505,0.43038605533978824,0.06080435692264197,0.3967916026763767
CAS,,,,,,,,,,,,,,,,,,,,
CATG,,,,,,,,,,,,,,,,,,,,
CATH,,,,,,,,,,,,0.21801565493658193,-0.06399024254517405,0.31215501835027815,0.1816403577489185,0.309070629598833,-0.20485824117995877,0.26918371568780075,0.24069840516464724,0.18394293624093905
CBOA,,,,,,,,,,,,,,,,,,,,
CBOJ,,,,,,,,,,,,,,,,,,,,
CBOY,,,,,,,,,,,,,,,,,,,,
CBTA,,,,,,,,,,,,,,,,,,,,
CBTJ,,,,,,,,,,,,,,,,,,,,
CBTY,,,,,,,,,,,,,,,,,,,,
CBXA,,,,,,,,,,,,,,,,,,,,
CBXJ,,,,,,,,,,,,,,,,,,,,
CBXY,,,,,,,,,,,,,,,,,,,,
CCEF,,,,,,,,,,,,,,,,,,,,0.133886830714035
CCNR,,,,,,,,,,,,,,,,,,,,0.459072677009456
CDC,,,,,,,,,,-0.008847465551980904,0.21421941945405942,0.15428295563908123,-0.060726293005690324,0.19645520769321512,0.1292254742196639,0.35183811597697146,-0.08081758614236079,-0.05547295531811547,0.1399628003368225,0.09736501129775577
CDEI,,,,,,,,,,,,,,,,,,,0.1954232823844817,0.1754130741509105
CDL,,,,,,,,,,,0.21138947080672343,0.1539042746797139,-0.0551853035047043,0.26554444911394626,-0.03181083931445905,0.3525884381303974,-0.005001987983581868,0.026574614372157246,0.14131120355226456,0.09670987687948274
CEFA,,,,,,,,,,,,,,,,0.07972733601470994,-0.16658527781906196,0.16989997300688975,0.06227160627834105,0.27825762299561974
CEFS,,,,,,,,,,,,,-0.1043459327643268,0.2703267033927863,0.03135813110463559,0.18247081083242223,-0.07220748824815837,0.2139153069320825,0.2393904213136835,0.16478605591235707
CERY,,,,,,,,,,,,,,,,,,,,0.16721532570157982
CFA,,,,,,,,,,-0.001916723444188806,0.16437674070351793,0.21649258095250645,-0.09007201790761954,0.311110205847293,0.11485199529180035,0.2798499494062687,-0.10964572678558526,0.11973962682164796,0.152636683286846,0.09624826626435157
CFO,,,,,,,,,,-0.010085490792285046,0.1586776977008275,0.21807817645005834,-0.09102542000672154,0.2208911688367854,0.19348477399605857,0.27992129337655647,-0.14051443920860995,-0.035872483658268894,0.15280444829071893,0.0944825294477396
CGBL,,,,,,,,,,,,,,,,,,,0.172838917231682,0.1581302927677084
CGCV,,,,,,,,,,,,,,,,,,,,0.1750940125072992
CGDG,,,,,,,,,,,,,,,,,,,0.1223801379581821,0.2405065358722382
CGDV,,,,,,,,,,,,,,,,,,0.291933562478998,0.2070440728977314,0.263742445073591
CGGE,,,,,,,,,,,,,,,,,,,,0.2520673038062435
CGUS,,,,,,,,,,,,,,,,,,0.2817501627323193,0.2586158661212143,0.1725993643696592
CGW,,,-0.39490180287497256,0.27622403572828214,0.13187779377330222,-0.08390956683857165,0.18869751374001797,0.2392280326429279,0.04932682660560461,-0.013230165094901047,0.0775827828774216,0.26501621427742217,-0.10346460173371252,0.34649237098589336,0.15077425078727513,0.32379080124977544,-0.21451233811059756,0.15010684784792527,0.0570534609316693,0.19972468465302384
CHGX,,,,,,,,,,,,,-0.06590445037579507,0.3260765149270972,0.23843917361081757,0.2427544830928945,-0.21706521660875178,0.23603647029348074,0.16226679758218943,0.13216464732705835
CHPX,,,,,,,,,,,,,,,,,,,,
CHPY,,,,,,,,,,,,,,,,,,,,
CIBR,,,,,,,,,,,0.11854504624010209,0.1812774670324211,0.003425790074490287,0.2979300749301532,0.48445000929143145,0.21984417724354333,-0.25440128564223086,0.4050974044936557,0.2129710258873463,0.1377563196777687
CLIX,,,,,,,,,,,,,0.0473686182093227,0.1653001834347101,0.8701627472547369,-0.3919526604816447,-0.47272792725862656,0.2629102288269707,0.2345786953440412,0.3181286089537947
CMCI,,,,,,,,,,,,,,,,,,,0.06520967156200119,0.07961731485934065
CMDT,,,,,,,,,,,,,,,,,,,0.07755900592144704,0.12490901658375808
CMDY,,,,,,,,,,,,,,0.04813759566703868,0.009862789456144272,0.25341757733446824,0.13800820868794372,-0.07306166455180974,0.059540080314837596,0.16729752224554972
CNBS,,,,,,,,,,,,,,,0.3275815533846591,-0.2184734409150479,-0.6475069220686258,-0.171677940756069,-0.2838423541815825,0.0890936871450274
CNEQ,,,,,,,,,,,,,,,,,,,,0.3380573412554482
CNRG,,,,,,,,,,,,,,0.624902761656492,1.4131974623970867,-0.16483922331798262,-0.09189747149166838,-0.0980368179922062,-0.13930202457509,0.44660885001753137
CNXT,,,,,,,,,,0.4239405085188461,-0.2052630945706847,0.18432757253117193,-0.4059290912272493,0.43624892185013797,0.5761523191920355,0.04586279579699637,-0.3560422861997974,-0.2208275300546747,0.1530816294952313,0.6830746636967471
CNYA,,,,,,,,,,,,0.2906361248207554,-0.2778919316416423,0.3682011083446479,0.38981161358168825,0.01158894332907634,-0.2640868393909187,-0.14523258332521927,0.1270339033892982,0.30492940370116517
COAL,,,,,,,,,,,,,,,,,,,,0.12665973212718318
COMB,,,,,,,,,,,,,-0.11881105637227907,0.06972293638133586,-0.02866556816013255,0.2612576973650964,0.14336449705403087,-0.06665859535715801,0.05899031567380919,0.16192157475975355
COMT,,,,,,,,,,-0.30173417203336705,0.21563218670637685,0.12218737498185073,-0.07329977047700909,0.10200725257230459,-0.19079177298474526,0.3703415029385002,0.18778377213994912,-0.04112912354920428,0.06892828502965864,0.05973695644630772
CONI,,,,,,,,,,,,,,,,,,,,-0.7111912120877073
CONL,,,,,,,,,,,,,,,,,,7.00471795431449,0.22159677778443898,-0.5928080448758488
COPJ,,,,,,,,,,,,,,,,,,,0.10771233200376074,1.387502929370509
COPP,,,,,,,,,,,,,,,,,,,,0.7518824659573411
CORO,,,,,,,,,,,,,,,,,,,,0.35983312081322194
COWG,,,,,,,,,,,,,,,,,,0.22432929375946742,0.36937944678011037,0.10588989469847543
COWZ,,,,,,,,,,,,0.18862137222332853,-0.10997806721181769,0.2138811064693853,0.11361345103314457,0.43988802195213217,-0.0012620415692093934,0.1636857173300228,0.10050669132353574,0.09643969775363814
CPNJ,,,,,,,,,,,,,,,,,,,,0.0846817584490258
CPNM,,,,,,,,,,,,,,,,,,,,
CPNQ,,,,,,,,,,,,,,,,,,,,0.0777665346407043
CPNS,,,,,,,,,,,,,,,,,,,,0.0723166240710155
CPRA,,,,,,,,,,,,,,,,,,,,
CPRJ,,,,,,,,,,,,,,,,,,,,0.0509491595389837
CPRO,,,,,,,,,,,,,,,,,,,,0.0847730278060632
CPRY,,,,,,,,,,,,,,,,,,,,0.0866291173246789
CPSA,,,,,,,,,,,,,,,,,,,,0.0734766733774547
CPSD,,,,,,,,,,,,,,,,,,,,0.0801906937666689
CPSF,,,,,,,,,,,,,,,,,,,,
CPSJ,,,,,,,,,,,,,,,,,,,,0.0734237905746377
CPSL,,,,,,,,,,,,,,,,,,,,0.0675279066869349
CPSM,,,,,,,,,,,,,,,,,,,,0.0692939675202117
CPSN,,,,,,,,,,,,,,,,,,,,0.0623520092419846
CPSO,,,,,,,,,,,,,,,,,,,,0.0619364919455083
CPSP,,,,,,,,,,,,,,,,,,,,
CPSR,,,,,,,,,,,,,,,,,,,,
CPST,,,,,,,,,,,,,,,,,,,,0.0677062833696593
CPSU,,,,,,,,,,,,,,,,,,,,
CPSY,,,,,,,,,,,,,,,,,,,,0.0678846642628707
CQQQ,,,,,,-0.2509430761227268,0.08390288966656478,0.5439451495808103,-0.010261645831232014,0.062489743943579645,0.03434417987277971,0.7245191500724373,-0.37283909054217945,0.3346439130285588,0.49542072495839595,-0.25234655440092213,-0.29946464923592564,-0.20504748087598645,0.1314283832344587,0.39394067489184703
CQTM,,,,,,,,,,,,,,,,,,,,
CRAK,,,,,,,,,,,0.11331536656533747,0.4810061179117535,-0.11128920191433711,0.09413069135382446,-0.12195283761386955,0.1012566406967137,0.1641168470769414,0.16596990353221908,-0.1487263626773906,0.3796241515532135
CRBN,,,,,,,,,,0.002387879294241557,0.09552431052363852,0.22668594652160134,-0.10545883338974182,0.2809250870808482,0.1553478685032652,0.19262438610463684,-0.19443628057152984,0.22179888152836336,0.20362582160670706,0.22896267788418512
CRPT,,,,,,,,,,,,,,,,,-0.8103684815944463,1.886567320012046,0.7749744544432129,-0.10561017187521404
CRSH,,,,,,,,,,,,,,,,,,,,-0.1831703473036207
CRWL,,,,,,,,,,,,,,,,,,,,0.31265409049483717
CSB,,,,,,,,,,,0.3240600089191148,0.10684933360075632,-0.07379648403120576,0.2052142936988135,0.11343429039275121,0.28442787665676583,-0.13757256080935742,0.11469765047321623,0.09647434099899255,0.033565639690652294
CSD,,0.08830373660107926,-0.5442716275109367,0.6566085282000858,0.20142684924236876,0.02661503430590706,0.24813314688823973,0.4795320724665184,0.024559839420042806,-0.12041219732478137,0.16467717561289352,0.20007495657657537,-0.1874296382263002,0.19310901820423787,0.10766325500373974,0.15531831922265327,-0.15134453446799534,0.2431887069199683,0.29212227592088413,0.2178753898789194
CSEN,,,,,,,,,,,,,,,,,,,,
CSM,,,,0.2540044200453897,0.12534157350581188,-0.008338177748084652,0.14811092975226048,0.3253219266974243,0.17211628378324662,-0.0024243868254834045,0.15506297347939713,0.2146124784734711,-0.08596404956386872,0.28937108558475133,0.10200855301357192,0.34529353381300165,-0.1861572399277136,0.24032337792518854,0.22435705616536628,0.2286386822877604
CSTK,,,,,,,,,,,,,,,,,,,,
CTA,,,,,,,,,,,,,,,,,,-0.029060140807811052,0.2253789767393275,5.1070223084481725e-05
CTEX,,,,,,,,,,,,,,,,,-0.220075333415635,-0.0850866418339804,-0.19373718537394224,0.6002990141216042
CVIE,,,,,,,,,,,,,,,,,,,0.0669845941169215,0.3435723998365214
CVLC,,,,,,,,,,,,,,,,,,,0.2507366867560217,0.1731536253545635
CVMC,,,,,,,,,,,,,,,,,,,0.1343814334290025,0.1085413998060549
CVRT,,,,,,,,,,,,,,,,,,,0.1610823088998327,0.3043179766049244
CVY,,-0.07361467228550944,-0.4036592985263453,0.451786813098074,0.16119108848224983,0.07120768472458106,0.11929727253017308,0.16653322124473324,-0.03700833559340866,-0.14388494086507386,0.16670387451351543,0.1470917409642296,-0.11090566829621396,0.249309006673895,-0.1147922400231911,0.25350852288342707,-0.09860114017370625,0.187718626070428,0.10503254579282517,0.10551537172683734
CWB,,,,,0.12804265399161885,-0.07975768431254626,0.13982808566078075,0.19287506883383831,0.08005360779725312,-0.008388259811965004,0.11740492788640888,0.15850014043485783,-0.03390556747948692,0.224454968535456,0.5207513586927952,0.027237451047263272,-0.20519216032513965,0.14907301882620771,0.10968480325240693,0.17016350380895018
CWI,,,-0.41962716511554976,0.3544222700997659,0.08500746988144225,-0.14422802117937317,0.13704847696981814,0.12230472368514711,-0.012839886740498963,-0.049548873854951214,0.0667480411280792,0.2596440207259336,-0.14659857996303383,0.22107215443796968,0.0860914325074138,0.07994835437485603,-0.15814630211141867,0.15066531928025695,0.07546871688654044,0.334279648564892
CWS,,,,,,,,,,,,0.1994642468122416,-0.0600341659624783,0.3027976629589619,0.1750225105295226,0.2304043677851346,-0.0878454103706268,0.2469451262084183,0.1075270034268163,0.07780323532048
CXSE,,,,,,,,-0.05430336403983327,0.02282089323940495,-0.05482075350757176,-0.0015595567010574518,0.8059898221886967,-0.31244593602011717,0.38462955994226,0.536743297128293,-0.24395603958579848,-0.2926571003753188,-0.20357465190753954,0.1195599932093745,0.4121515418670858
CZA,,,-0.3554435238197422,0.40072103405766946,0.2192716702879003,0.029723174766305815,0.14144550501385322,0.324362706675291,0.10806831358792013,-0.01417374389409709,0.16934807021800902,0.2125563112448332,-0.09222535155552891,0.33061915218930693,-0.00012100168801643107,0.2937586020401439,-0.05390791171291942,0.07131991452340536,0.12396960918115085,0.09905731834442011
DALI,,,,,,,,,,,,,,0.2532031224008977,0.044645330511764225,0.24036064200956053,-0.08388781305207338,-0.07333370061503597,0.20159926495066371,0.12869874523418257
DAPP,,,,,,,,,,,,,,,,,-0.8570663822893083,2.7933577034468646,0.49376359197116937,0.1119947327348294
DAPR,,,,,,,,,,,,,,,,,-0.06940014948137918,0.10217983438809197,0.15080566056568379,0.05847558152724508
DAT,,,,,,,,,,,,,,,,,-0.43473388737814067,0.5302508854724028,0.37305159416732203,0.03907317589315862
DAUG,,,,,,,,,,,,,,0.01661028578294288,0.07630312042292409,0.0733070586842457,-0.12090396898759015,0.14235050789654036,0.12471660085376568,0.1227423365664857
DBA,,,-0.20190682120683134,0.011476636773808835,0.21206443031134392,-0.10588239173449243,-0.040178639462831955,-0.13237922096480326,0.029788940420374832,-0.1635551983868333,-0.021558302401778806,-0.0601202095145541,-0.09745460823485641,-0.005316872446148868,-0.02181824422050027,0.22594665769168865,0.029403801214765934,0.0882143407176974,0.33770055740712834,-0.004802040809812058
DBB,,,-0.45302769991259006,0.8101367366758347,0.06588132196888719,-0.24676908988568003,0.01154249091095605,-0.14891465842060247,-0.05581954840744141,-0.25376888129246233,0.28731672497457983,0.31237330174020417,-0.19677407826496707,0.007915587699762305,0.1430464234522344,0.2676539414255872,-0.11082833977991446,0.017758921780727466,0.0982360834374485,0.26588211848984966
DBC,,0.35890981936560484,-0.33628849312925346,0.12266301419243009,0.0915213947887954,-0.029996321180509655,0.0050650907627045605,-0.07962680027742608,-0.2704626274201567,-0.26714201278188543,0.19457010187269086,0.061341977341337506,-0.12053883746168415,0.1153135359160482,-0.07952401737134829,0.4213406748083792,0.18882240243991633,-0.03894203449123679,0.030256630715407073,0.08392643215570117
DBE,,,-0.43833008663312645,0.21700746031048124,0.005611611438210318,0.018812261641071082,-0.027835785122205636,0.036997546950119364,-0.3872326304699817,-0.3384524002776865,0.23856501341361835,0.07470401804177107,-0.1313210955487758,0.1876920081928275,-0.259056747441924,0.59626159256095,0.31611005556836336,-0.08468320232690296,0.03498917497484633,-0.023800078791139878
DBO,,,-0.4581116097807926,0.3261184064039482,0.004627968739359778,0.006694941421839573,-0.1257161390089775,0.05604267806944874,-0.4174397540460685,-0.40772246860669126,0.06725467716024358,0.0729386204416782,-0.15547928785782594,0.2567839648351242,-0.21141247058293566,0.6404358154703056,0.11476076161401916,-0.016604380840531396,0.08554648915868301,-0.12273435127328647
DBP,,,-0.05647950608719399,0.2704891802030982,0.341792022863332,0.04519897095144554,0.0249552335350125,-0.3194998355465063,-0.08466516833514337,-0.1235036691258189,0.06901840201393239,0.09231390596281552,-0.05410925194909233,0.15989342473443835,0.2585879207298214,-0.09341473767105057,0.0019273837656539339,0.08178532842074215,0.26993964752849076,0.7537558790678953
DDEC,,,,,,,,,,,,,,,,0.08212406673908546,-0.07129849937490351,0.1722012917199307,0.12721142099559635,0.12758531760799752
DDFL,,,,,,,,,,,,,,,,,,,,
DDIV,,,,,,,,,,-0.06142359750724913,0.19307043276178915,0.13565203694739925,-0.15937994959124313,0.3183929647724584,-0.03407640233519782,0.42747855368189924,-0.12465363163921228,0.11551762867406445,0.2742817165128506,0.12509682293014301
DDLS,,,,,,,,,,,,0.2536985600938211,-0.17364901729172744,0.24609968604651278,-0.04035533000612723,0.1765785130460591,-0.1085172155088231,0.14225056004358438,0.1126589225405028,0.28583024335651586
DDM,0.2514889266822631,0.08864305523483007,-0.6087146061086489,0.3242330174496375,0.21657249422479685,0.08975754177944051,0.1434640597141965,0.5648660964786667,0.19882906660766753,-0.03494211354077559,0.35203237022708156,0.5819848800970746,-0.13839082792133472,0.4801986739408466,-0.003014334334325963,0.45212751191020883,-0.20514830447360433,0.24475797224925477,0.2149677190529551,0.23073579368841668
DDTL,,,,,,,,,,,,,,,,,,,,
DDWM,,,,,,,,,,,,0.1712055482336574,-0.12121347078160227,0.2054170199178409,-0.054914394409685596,0.14468178167926915,-0.01767739512884936,0.145034840326008,0.11426654030140138,0.3039095049574936
DECM,,,,,,,,,,,,,,,,,,,,0.06981280793437161
DECO,,,,,,,,,,,,,,,,,,,,0.4022031137783888
DECP,,,,,,,,,,,,,,,,,,,,0.15437458415781857
DECT,,,,,,,,,,,,,,,,,,0.196539070839617,0.123347954529684,0.1554753621972369
DECU,,,,,,,,,,,,,,,,,,,,0.1207212954376539
DECW,,,,,,,,,,,,,,,,,,0.1630435049572554,0.0897603459936473,0.1220420285560437
DEM,,0.025888486989428028,-0.33988445624661257,0.5368844691640913,0.2085432817756192,-0.11215534245146341,0.13636522418675612,-0.08249885587447758,-0.10186845409624301,-0.20897904525294364,0.261504562326462,0.24793486164914835,-0.08798060170388533,0.19754324374094456,-0.07437926932680072,0.10708739723107552,-0.10701782792250392,0.21100133099756935,0.0562798915104914,0.22291122960106202
DES,0.164093449191403,-0.12878549444547993,-0.27119036081362213,0.20189711821354828,0.24628902509383566,-0.03605899809914437,0.16160931891493058,0.32906236595871463,0.08933283582920204,-0.05502481704408202,0.33593753649855485,0.08090762086704517,-0.13444077892199757,0.19330689397155898,-0.036884592049974185,0.2789922851682447,-0.11631671049698544,0.16293161473265627,0.09722153032275305,0.017094594822560483
DESK,,,,,,,,,,,,,,,,,,,0.14250382001793338,-0.09480428654904838
DEW,0.23195317960993478,0.07514956744814771,-0.43351809695650756,0.2997421081839846,0.040134737343813454,-0.0327295580296455,0.1239764013071305,0.13014666846571243,-0.013125764831820042,-0.06290768378047662,0.16278952178203165,0.14931145564445347,-0.10905529893342447,0.20290492205778254,-0.08024313824504292,0.21773578632643398,-0.028677188508205664,0.09471152614454437,0.11006293157546887,0.234490602788755
DFE,0.29200302888230234,-0.03613538139058359,-0.5296702141060847,0.478867914048031,0.16996587759671367,-0.19463882996850512,0.2694379829383362,0.44800773932223326,-0.07149317005468703,0.11261398823110325,0.019972047594227327,0.3215124964297382,-0.2206513330952502,0.2769909610600314,0.012710450295705611,0.17605775556641978,-0.22725193217962136,0.13743977506837668,0.014156026986629655,0.33996091283649577
DFEB,,,,,,,,,,,,,,,,0.09509015985928526,-0.054594422254551134,0.1268410328415963,0.1394330614091328,0.11909218419971013
DFII,,,,,,,,,,,,,,,,,,,,
DFJ,0.0174468159900365,-0.10769964773483165,-0.12903646818136638,-0.00899181822376105,0.15066645057150718,-0.04400264295956635,0.050791931713687344,0.1654461313427389,-0.020035024624605713,0.18018027531846315,0.133917759750259,0.3133230804484377,-0.18951704395278202,0.16256918228936246,0.001067210784303052,0.019104843485512335,-0.08876266227218288,0.2173517905558855,0.0358487696659302,0.32512733850847964
DFMC,,,,,,,,,,,,,,,,,,,,
DGIN,,,,,,,,,,,,,,,,,,0.29457920868429266,0.23298215744910955,-0.07389122028905293
DGLO,,,,,,,,,,,,,,,,,,,,
DGRE,,,,,,,,,0.03484093687164602,-0.17422057077385789,0.13956487038374954,0.3115087871638249,-0.17602531692325818,0.2073352430219484,0.09391343223387372,0.020767427009723782,-0.21997046123872577,0.1795792118726367,0.048654195063596806,0.2645152117026133
DGRO,,,,,,,,,,-0.006382037142884989,0.16236349827053176,0.22325867384297804,-0.02714402471013555,0.30102050694822746,0.0875097866174106,0.2845105149083813,-0.08023898940995455,0.1077785493614214,0.1627404019723271,0.16962390162381435
DGRS,,,,,,,,,0.058775787163759086,-0.07226387631722797,0.334058901215629,0.072164574815484,-0.10869517252677707,0.2376473818710938,0.0803386563313857,0.2475330228096233,-0.13199218625850961,0.20646169530203373,0.10629260190343226,0.01604944360006222
DGRW,,,,,,,,,0.14823511011450785,-0.0066771723344737355,0.1374804468515065,0.2628619173133744,-0.05840036204594923,0.29677457431849885,0.13271834414452233,0.263323201693211,-0.06347283291599848,0.18955217588608875,0.1714976316955028,0.13287360172940854
DGS,,,-0.4476650213140162,0.7858152620605381,0.2626861521429382,-0.21976457256795523,0.21625952082137467,-0.048892420524837554,-0.008516183234304697,-0.15595260562176805,0.1817076124138033,0.3642332515681672,-0.17510481399723354,0.1816799752922038,0.027478146887707444,0.14751407236740177,-0.12495761769346991,0.19110116151738277,0.024057270078719384,0.21587356841192862
DGT,0.1748010605421424,0.05868428938997439,-0.37157338131680406,0.1995648777335648,0.02857206503854859,-0.12810959432900837,0.11880259107317337,0.2345889450346632,0.04026811501583594,-0.03862267183822188,0.10800051290818935,0.24073909657765924,-0.10558182506232161,0.21999045285980046,0.08519584486736975,0.2185583176017294,-0.08774366277638135,0.20324215874932738,0.1454865159186598,0.30672584056848606
DHDG,,,,,,,,,,,,,,,,,,,,0.12231162012153551
DHS,0.16830285771784426,-0.04743280980763409,-0.3808162225030364,0.14758519105959444,0.1625197560086855,0.1335792303295933,0.10664329485990853,0.21804282111193363,0.16354972622804054,-0.011716591114407815,0.18708037938302358,0.10949414799541657,-0.07680822947528765,0.22235854942084887,-0.05613290127187531,0.24622837969465383,0.07434300246949976,0.0020972982954114983,0.16614388186031337,0.13542029717491588
DIA,0.17399380413955434,0.08743335564597365,-0.3113825384867228,0.1909581878627309,0.12295860657120561,0.07335185837172409,0.0835423073193764,0.26549684676341845,0.10631902403930793,0.0005625374480184853,0.1820651896689507,0.27496780941139276,-0.03990958615024476,0.24940964548340627,0.08253759526377458,0.22212562459846952,-0.07615417869583152,0.16057677605627485,0.1475776437909524,0.1588986109812105
DIEM,,,,,,,,,,,,0.26988750020003516,-0.12394071411227847,0.12463233093303416,0.0008039557439138978,0.06477158406435901,-0.20876018679078234,0.14577651848482898,0.13747168788723463,0.3125871470326076
DIG,,,-0.7276632509083121,0.10362777535587298,0.2607842233355837,-0.054866721247609274,-0.00951206260087234,0.4644997715281971,-0.1974696506023158,-0.44446048334250976,0.4799063769905658,-0.09446154162728304,-0.4203031493535997,0.08108370207696325,-0.7089033433522585,1.1439653334075062,1.12679084132477,-0.05821559581970037,-0.014086401858610764,0.016707952183430574
DIM,0.2713577198437136,0.0735555486632562,-0.4111556108604726,0.3242915000615483,0.08598965490988397,-0.14314286724744196,0.17643986193300143,0.19574347114387214,-0.007458573641254462,0.02722753041136161,0.049064729677100294,0.27321789078759084,-0.1586755921003512,0.2025432160372671,-0.012256855235776909,0.09382100262058568,-0.14416441775857225,0.1480119807687581,0.04732418171885899,0.38427738655971644
DIPS,,,,,,,,,,,,,,,,,,,,-0.31221413541318854
DIV,,,,,,,,,0.18619591402947755,-0.11326311351573248,0.09656275583658624,0.08826374095378542,-0.06517143283201599,0.14220412493035783,-0.22539045625941712,0.3063734155616975,-0.04380065462643479,-0.015722751318788863,0.10627862846436176,0.03656842751792255
DIVB,,,,,,,,,,,,,-0.07713621551228378,0.3169951565228293,0.09919214000229482,0.3309722550911125,-0.11095533077633135,0.13121265946870442,0.18217833187253163,0.16227128367274246
DIVG,,,,,,,,,,,,,,,,,,,0.15481903721394086,0.12056513952334291
DIVI,,,,,,,,,,,,0.12328554190012841,-0.06317839213524501,0.23892597831802642,0.0026187880660732965,0.15892188145032393,-0.018360938066158794,0.1827268057891629,0.028460983263098427,0.3616726358628748
DIVY,,,,,,,,,,,,,,,,0.3542266564846459,0.025334547092255466,0.04539104005868522,0.02048569073865214,0.0796741679833115
DIVZ,,,,,,,,,,,,,,,,,0.0247800910816105,-0.0011591313346358545,0.17397894798163493,0.16943692348236694
DJAN,,,,,,,,,,,,,,,,,-0.05886913822003814,0.13679710188377814,0.13078704508550332,0.11287400585202056
DJD,,,,,,,,,,,0.18915036386172557,0.2066915950538284,-0.003797239015788323,0.22323592182359242,-5.6624343298561364e-05,0.22888813030378952,-0.01315725585036942,0.09128906295176464,0.12651738434636473,0.16329774670989994
DJUL,,,,,,,,,,,,,,,,0.06648943859824286,-0.08360509140514649,0.1838793590541432,0.15424802791053693,0.13609604568000533
DJUN,,,,,,,,,,,,,,,,0.0689709362859201,-0.06358315107963142,0.17750437642634376,0.14204289287270555,0.09626096702267684
DLLL,,,,,,,,,,,,,,,,,,,,
DLN,0.15924527193497484,0.024343784810558988,-0.3426620419393439,0.14700616162606628,0.13544085192722655,0.08711771779429456,0.11467339266160126,0.24173652125831513,0.15233716746856452,-0.01562280095040336,0.1697289172844978,0.17502532641758717,-0.06171059067128837,0.28773890466615537,0.04099991288154792,0.2733801051247824,-0.04098183481798556,0.10131848715794511,0.19211329839413138,0.16482712447558145
DLS,0.25043190296832596,0.039013275922379353,-0.4481082599173939,0.3493693628638048,0.15136691173494898,-0.12766708615224975,0.2090837264070402,0.24738078486057624,-0.07851413553730924,0.07250594266095334,0.07894361277229311,0.30781272071041976,-0.19651114757130572,0.2221910781618892,-0.021031376343498276,0.11976291901447333,-0.17644484788738624,0.14609527707601755,0.04257167627804037,0.34656806006508667
DMAR,,,,,,,,,,,,,,,,,-0.05543377515961878,0.12359777744817513,0.1280922048488542,0.09296344185212035
DMAX,,,,,,,,,,,,,,,,,,,,0.07773224916937038
DMAY,,,,,,,,,,,,,,,,0.06416655786439551,-0.10034496797760051,0.15893704904629202,0.1305083584913589,0.11411705378901416
DMXF,,,,,,,,,,,,,,,,0.10496991339487827,-0.19382734921442513,0.1944299531135325,0.0537716937762307,0.23830254804080742
DNL,0.16085415154107152,-0.07787144765976906,-0.1278339254380101,0.11681509041880056,0.11390804692317946,-0.12915739711902063,0.1481129298499575,-0.029518295482631962,0.018070771732799695,-0.05720200415663179,0.077168266051443,0.3053850828417699,-0.14927607491344652,0.36761588684936086,0.17469753734668592,0.14858007207320978,-0.2238635802638166,0.15865611060554974,0.008866432901520671,0.17224038736517944
DNOV,,,,,,,,,,,,,,,0.07051041928140966,0.06129810668131408,-0.07529022146189812,0.18482254770881212,0.11167011417281669,0.14430939717086577
DOCT,,,,,,,,,,,,,,,,0.07433768224122916,-0.053678267177783345,0.16519790736257356,0.08457299612529745,0.1293519783980519
DOG,-0.07930176587560422,-0.012859207146243223,0.28989736251426357,-0.21402800641554376,-0.1402249954591972,-0.11858267826699553,-0.10088832622494026,-0.2229168702360551,-0.11482875395867775,-0.029209357280732595,-0.17000872734537287,-0.21092904099052368,0.03902037594859897,-0.18391260638327456,-0.1946947863447671,-0.20105952589454845,0.06410840004060936,-0.07073707261090711,-0.055828304423690134,-0.09396222031529289
DOGG,,,,,,,,,,,,,,,,,,,-0.029368909041878943,0.20408679574400312
DOL,0.22104325498499078,0.13261256473173755,-0.3989093431561349,0.22419499291640133,-0.008318425879527469,-0.0899841911290572,0.13288921843666457,0.18156917508320825,-0.03861926135734528,-0.04146743145672471,0.04467594308007494,0.2157069274690151,-0.13431692153955788,0.19444999863428025,-0.03970130991257692,0.1073815871807422,-0.07223981039256089,0.160651797180696,0.049277900703166067,0.38446458556438423
DON,0.1476876108758567,-0.060335620620288966,-0.314310069779282,0.30103326525887675,0.20800229587988217,0.038904577131973817,0.13469539636142613,0.30219662320224616,0.16408856348820344,-0.012763662007602483,0.2143770998747907,0.1400468819727878,-0.08828161876961016,0.23194150021343019,-0.04977291367076486,0.3199800543624609,-0.05060743815312352,0.14420863577443566,0.1402403425490486,0.05487166475233529
DRAM,,,,,,,,,,,,,,,,,,,,
DRES,,,,,,,,,,,,,,,,,,,,
DRIV,,,,,,,,,,,,,,0.2744701084167216,0.5916017429273432,0.2758722809556411,-0.3556798630897654,0.2582451237919894,-0.03284290529211975,0.3147829397320905
DRLL,,,,,,,,,,,,,,,,,,0.018218589984517086,-0.011067211219708328,0.07412252689409948
DRMP,,,,,,,,,,,,,,,,,,,,
DRUP,,,,,,,,,,,,,,,0.27222363543218187,0.28335069786671374,-0.2865078969216197,0.42466017320681737,0.2562250254150604,0.18958881158689045
DSEP,,,,,,,,,,,,,,,,0.06970737558243822,-0.07521955830174565,0.1931226261208132,0.11585983641639985,0.11076851351594263
DSI,,0.033650289937096955,-0.3373187568567334,0.2731752806652188,0.09935755876950259,0.005486061566341682,0.11242368332528563,0.3239241601910763,0.13496663029956224,0.003677352140136314,0.11795566338895136,0.19911647269592536,-0.04668729745713307,0.31236710085304975,0.198275530801443,0.33047167257178445,-0.22063868933492592,0.28791111381625734,0.2316208549691252,0.19150649521144225
DTAN,,,,,,,,,,,,,,,,,,,,0.3114309710519201
DTD,0.15505550287333714,0.011087419091007522,-0.3399340109216519,0.16719686623973207,0.14869442411631684,0.07656318614111979,0.11945491801002861,0.2495898932585101,0.15156353504711495,-0.01590897464098162,0.1760497970753392,0.16550721265430446,-0.06757834596816559,0.28185388280672785,0.021774458895567506,0.27765734678105036,-0.04196936679276053,0.1079128154876261,0.1829938865263523,0.15337917414419477
DTEC,,,,,,,,,,,,,-0.056011220629788,0.3509048933481893,0.4267530097189453,0.0561387184769934,-0.3164853287878956,0.2465602292011954,0.121468681991542,0.0809741070216201
DTH,0.2445791351769695,0.0972147193357975,-0.4400230534328894,0.30373435011330363,-0.029639166538057427,-0.06916937046255178,0.12657215837035496,0.21023571250447248,-0.03829994587334273,-0.06784956947399079,0.06927590233388736,0.20337424181959696,-0.1364825852467093,0.18938361442591622,-0.07712118578169158,0.0790493042777185,-0.022262435118655444,0.14170390816960476,0.028978849533729978,0.4333390064554197
DTRE,,,-0.46516010603474733,0.33967135537358684,0.1786297561598762,-0.07514767059058902,0.26786796590873485,0.013967240914588785,0.1610161480245378,-0.006626590419209988,0.052023070004286964,0.10240613699511791,-0.051748774925584495,0.23595789407127366,-0.08221450499972671,0.3018748283540209,-0.260097046401641,0.12907260748183935,-0.09845389396753279,0.0968385727111456
DUBS,,,,,,,,,,,,,,,,,,,0.2423186661086935,0.2021351358043335
DUG,,,-0.09464269200423647,-0.4387666019633104,-0.37477019693814095,-0.30523165077055003,-0.13451264991241318,-0.3851825051610497,0.05435881458148972,0.3593721580509903,-0.48049402550278797,0.014528626733848249,0.40897030521364264,-0.19864945335455686,-0.2344707261847755,-0.6810135254691345,-0.7119666124904356,-0.09309082122546664,-0.03974072307365162,-0.1773578179969304
DURA,,,,,,,,,,,,,,0.26431079666845503,-0.0036507522563395955,0.170367666407514,0.02176938099071135,0.006294372538114157,0.07343154093731252,0.0810546109365855
DVAL,,,,,,,,,,,,,,,,,,0.0855655781785631,0.1216360817960078,0.0992460393543026
DVDN,,,,,,,,,,,,,,,,,,,0.026847724643133786,-0.1749087489771758
DVIN,,,,,,,,,,,,,,,,,,,,
DVLU,,,,,,,,,,,,,,0.2851099852210106,-0.07456782415538077,0.43962081673291764,-0.10590248712537531,0.21074265579935614,0.13599670624747562,0.2514344883777626
DVOL,,,,,,,,,,,,,,0.27241533332639034,0.12153092142368283,0.3174460797560599,-0.14196628407797474,0.058152547117497955,0.2533981194809327,0.053307114761741214
DVQQ,,,,,,,,,,,,,,,,,,,,0.2004401186263045
DVRE,,,,,,,,,,,,,,,,,,,,
DVSP,,,,,,,,,,,,,,,,,,,,0.1759916095424563
DVUT,,,,,,,,,,,,,,,,,,,,
DVXB,,,,,,,,,,,,,,,,,,,,
DVXC,,,,,,,,,,,,,,,,,,,,
DVXE,,,,,,,,,,,,,,,,,,,,
DVXF,,,,,,,,,,,,,,,,,,,,
DVXK,,,,,,,,,,,,,,,,,,,,
DVXP,,,,,,,,,,,,,,,,,,,,
DVXV,,,,,,,,,,,,,,,,,,,,
DVXY,,,,,,,,,,,,,,,,,,,,
DVY,0.1763523644500049,-0.06271653119308529,-0.32045910413071765,0.09219162254661928,0.16284177326450622,0.11038185567927816,0.10254637967187397,0.2599860023474079,0.1649794840927825,-0.021283084256216278,0.22598053141348573,0.14328688892956998,-0.06469059566082513,0.23027436257559608,-0.04620645607097418,0.3366963909494458,0.013248269883569197,0.0117123582293448,0.15091582535552672,0.1263195388780447
DVYA,,,,,,,,0.04532208729862974,-0.02137591983390119,-0.1689707324942502,0.21748373701836288,0.15145395436892084,-0.155198508655768,0.15286093101345055,-0.10454800378209861,0.041588150532228196,-0.02509784702741069,0.1305570912460634,0.06801572372229403,0.3166148822748207
DVYE,,,,,,,,-0.11500559569576274,-0.08116934724276725,-0.23381166400945852,0.2285075511064938,0.259078366591297,-0.07203739244097185,0.1410318921801963,-0.04276729288799619,0.11139552360867322,-0.31837947936664257,0.21184123252219345,0.09635657581792723,0.2948018786182034
DWAS,,,,,,,,0.45286586592261435,-0.0005609590905376605,-0.023347723537582188,0.120575760739837,0.20419522594183892,-0.10846210992526317,0.31244047507507755,0.32579938587143187,0.21669864453980914,-0.18671513970484876,0.192601261222342,0.10811875693056483,0.05831569432031403
DWAW,,,,,,,,,,,,,,,0.468194454540493,0.0512954945498516,-0.1756213194182513,0.1078538927778296,0.2031765273833026,0.1156028214215589
DWM,0.23892985146592904,0.13268845079552039,-0.41664799624423854,0.24543311652190591,0.023607111428162186,-0.10577317928166496,0.14533729937246798,0.19655939044002202,-0.029193353518995768,-0.027277472590837126,0.046083920836770265,0.2346555379557418,-0.14234594360876884,0.18954766985374638,-0.030181115233684497,0.10172422577982498,-0.09438419869469361,0.15894724872019195,0.051437516260681715,0.35633373635753673
DWMF,,,,,,,,,,,,,,0.16155972446358668,-0.019335783556928887,0.10281989074438225,-0.07694569963474163,0.09890493982117143,0.10716223320608398,0.25810024540171583
DWSH,,,,,,,,,,,,,,-0.2424991018764928,-0.5026131874495854,-0.2680821749085929,0.1879771231524498,-0.21729725861234,0.067254885672684,-0.0368186965839016
DWUS,,,,,,,,,,,,,,,0.3552334091689644,0.2130467013961738,-0.1788645279682011,0.2045833148947102,0.2181039892853817,0.1361731983006289
DWX,,,,0.5686208853761725,0.04487630996729153,-0.11540703051677703,0.07638849942492931,0.04703054547146501,-0.0475755121653576,-0.16287161240582293,0.1557444045882097,0.1848847391994195,-0.11493015505832127,0.20566794557851242,-0.053846012757240325,0.10194104920772373,-0.13438205095311773,0.13859550575554858,0.032526814766019596,0.32556085016226644
DXD,,-0.08905549534664725,0.42696307598713457,-0.4173586221851636,-0.27521000692199193,-0.2506116198465611,-0.19670461074696843,-0.398420379781268,-0.2192322483996243,-0.07267722377573982,-0.3185967316616978,-0.38071148279371825,0.0367143622387609,-0.35314485535405027,-0.43130541364687014,-0.3659873377874342,0.08568158760862898,-0.1886794574161632,-0.15975310644928287,-0.22779864043866105
DXJ,0.10572796335785672,-0.07238887825813589,-0.2049120897183937,0.00907506381617651,-0.03895487398261899,-0.16755334256589316,0.17709511727475813,0.3711875564259728,0.10355902506216763,0.0687505191940263,0.03361067881032653,0.2068660552435886,-0.19958196890049396,0.18739937279377505,0.0292484353962581,0.20042416179012812,0.0553976294889722,0.4164183547874234,0.29771576602756555,0.3284585192980465
DYNF,,,,,,,,,,,,,,,0.1291631408189644,0.26629663553768057,-0.20662407834563978,0.3732468625966754,0.31870541140799813,0.21085278775966754
DYTA,,,,,,,,,,,,,,,,,,,0.14183001122530037,0.07224060277035771
EAFG,,,,,,,,,,,,,,,,,,,,0.267123508396933
EALT,,,,,,,,,,,,,,,,,,,0.1877117514888076,0.10545274064404708
EAOA,,,,,,,,,,,,,,,,0.15201646696573556,-0.1802573633076603,0.18145644494859403,0.147296325547555,0.19213715751176075
EAOK,,,,,,,,,,,,,,,,0.04619587691975058,-0.14631062218135205,0.09732863099787403,0.06466215463211467,0.11895017250292272
EAOM,,,,,,,,,,,,,,,,0.06760081969968423,-0.15295279289707242,0.11561760237192331,0.0815697037734624,0.13420741616406429
EAOR,,,,,,,,,,,,,,,,0.11026086757489328,-0.16680255015258372,0.14724341020749954,0.11503540599624063,0.16366209679790877
EAPR,,,,,,,,,,,,,,,,,-0.052496438346111396,0.0769000026623663,0.03995824933669101,0.15155268044296344
EART,,,,,,,,,,,,,,,,,,-0.2080295137403524,-0.06024781093477327,1.005075489744482
EBUF,,,,,,,,,,,,,,,,,,,,0.11979009968863208
ECH,,,-0.3642798425096363,0.8281275070609431,0.43183499490471555,-0.270591753449295,0.09925701966355027,-0.24906769379018667,-0.1207825877374975,-0.17533804028360034,0.20790157930838205,0.4247297108534711,-0.21376055522081272,-0.18225493343990096,-0.09229366573139186,-0.21542800571284715,0.2458218109561019,0.12160722997849227,-0.0768716993605626,0.6779207290625116
ECNS,,,,,,-0.3907509432932641,0.24567391911101888,0.13266638116547536,0.009537596997361453,0.023163088697440326,-0.015623329265060937,0.26626450649850986,-0.1999562647686982,0.07981508159232797,0.22129039195072253,0.008694130818330814,-0.2520917792894948,-0.25030897575280564,0.08073145493892575,0.38688801108372717
ECOW,,,,,,,,,,,,,,,-0.0475683461028682,0.06906807450965236,-0.196974407210327,0.15100802950351322,0.04143260987967179,0.3325673002171965
EDEN,,,,,,,,0.3958764144236906,0.06036225867592537,0.19113433253393763,-0.07198797037938076,0.3470543057383484,-0.14921041665160217,0.2402255785489642,0.42950975769332245,0.12478236701254675,-0.11291586311879032,0.1674457329795096,-0.032760330357930356,0.09930865509864817
EDGE,,,,,,,,,,,,,,,,,,,,
EDIV,,,,,,,0.04743366756674128,-0.14456960361645976,-0.06655653611492218,-0.2703661568154847,0.20749551950312362,0.26666072794398077,-0.06868871973441792,0.11468924494939725,-0.10979540249333619,0.11377752398351415,-0.160788590260888,0.4155565190683568,0.14632800195996198,0.17779497473136407
EDOW,,,,,,,,,,,,,-0.020441574403761487,0.23976257062115214,0.054490031227597324,0.19790181762042858,-0.08195121505354053,0.15328916324319053,0.1296340205948121,0.16536218935847158
EELV,,,,,,,,-0.02498893241307487,-0.02229641147629191,-0.1773572010245531,0.07752734646240711,0.24528385517437434,-0.06909635126168157,0.08940016357659819,-0.05673986771214912,0.15006195344785445,-0.032313237488107105,0.09089301344163259,0.022811434750191095,0.22658790279053975
EEM,0.26482643458577493,0.3221127784618323,-0.48021158011049214,0.6126872153031553,0.13221929590117187,-0.19570267278854914,0.15517722405808065,-0.055022541486046905,-0.00048745772822644806,-0.15050548874185943,0.1398443197262791,0.35635679197331305,-0.16880260588068596,0.17921046223166215,0.14694376752637495,-0.04243968347414706,-0.2112876812711264,0.08036144977911741,0.07749473629040038,0.3458963486350535
EEMA,,,,,,,,-0.01243175517404782,0.06856973404784927,-0.10486830562345473,0.09048380128494471,0.4175248430530527,-0.17712821367068177,0.19246736189603264,0.22627378626966,-0.050414752808620844,-0.21630652614101042,0.05837303028888141,0.12234892028028388,0.34023580042685775
EEMO,,,,,,,,-0.1458372869884571,0.09063536712130515,-0.28887750436212056,0.030653213255527723,0.49684397487504306,-0.19705154533163616,0.20857855198686814,0.07792726856759691,-0.0647598981619717,-0.19327469289061439,0.14178722296141366,0.11384651754805453,0.10879202209043148
EEMS,,,,,,,0.19050451138671876,-0.004167624249118096,-0.01156730231214309,-0.0652076668454451,0.03472444390283003,0.33974970615331235,-0.1980062561777708,0.10850043802815335,0.17748647469267964,0.1620308051237549,-0.19605089079049987,0.2281377343148452,0.042652703508768486,0.1960674353182863
EEMV,,,,,,,0.20638061813750297,-0.02269612507924279,0.024911018894212322,-0.11285794833940299,0.05781352000748696,0.26783079093795403,-0.07142644456348068,0.08064428763555531,0.058319046479409,0.04364742682315881,-0.1395864221263835,0.07123360992765249,0.08408401395576837,0.14074676339470438
EEMX,,,,,,,,,,,,0.3845752701094296,-0.18135619288822868,0.18051788617759446,0.17460258150278918,-0.04275182874313277,-0.19825809224760582,0.08738298688248802,0.08774279937877338,0.3558170283034783
EES,,,-0.306892458531858,0.44073734119279306,0.23763014491424905,-0.034476680949970584,0.13072954646130786,0.4132944881265317,0.03595166954883888,-0.06184220704429677,0.32936752312201345,0.11880035996511329,-0.11001827347210846,0.19517378074124814,0.034114155491397735,0.35644318391835594,-0.17078422522077574,0.18394411845144543,0.1064153383118418,0.08327301640915108
EET,,,,,0.18755733655907103,-0.42744541987822715,0.2693848503727261,-0.1485468523671798,-0.04400697619172611,-0.3126528323065556,0.20858772986114582,0.7748395252581219,-0.36351649529569985,0.3163733165909388,0.14513417927463057,-0.12151171664208194,-0.43830234609631646,0.05360391708966272,0.05664737831989597,0.6457235324808881
EETH,,,,,,,,,,,,,,,,,,,0.30156981581448616,-0.201603333223624
EEV,,,-0.2730168830586114,-0.7697020794528476,-0.3806640541898543,0.10318219010319218,-0.34305205037244146,-0.01129668068567391,-0.08510621232371918,0.17835976157642008,-0.3471173317771693,-0.47687508714213867,0.28992187267720304,-0.30601761079437173,-0.46743214173981573,-0.037078698815883104,0.3868360377867237,-0.11589900420719568,-0.10558392760024604,-0.4418384433613456
EFA,0.2172975584484076,0.09517303948451872,-0.40820009511647515,0.2537048900944343,0.054046454502062025,-0.1294790669112731,0.15608976304707123,0.1959345489089639,-0.04500383083136239,-0.0056803637868643175,0.029504905490898903,0.24300262202596046,-0.1445375573271217,0.22293159287907516,0.06521340605914494,0.10868397802705787,-0.1493730389318183,0.17326696267146557,0.04654156223983574,0.3256533096405385
EFAD,,,,,,,,,,0.010559258118178372,-0.05736613949049563,0.2165544420295198,-0.12151789199871843,0.24847564161378077,0.08095311542942674,0.07615647799979164,-0.2121720568806994,0.11403467698718184,-0.0035807701184638052,0.16557233505631896
EFAV,,,,,,,0.09619628765022048,0.1448206909264409,0.05220084614249809,0.08407824852307688,-0.005996232537425095,0.22105309341589852,-0.06151401076875884,0.16972172737091817,-0.004725014144942974,0.067238343384868,-0.1494903608973932,0.11592614380406285,0.060486002026699515,0.26935417818865504
EFAX,,,,,,,,,,,,0.23849171055356067,-0.150205741378575,0.24149245529774244,0.08550029156982153,0.10185779584752463,-0.17056282504365772,0.17271620020868994,0.05891694283194693,0.3217396336319662
EFG,0.1773776878786959,0.14322932843763603,-0.4001051820098792,0.22892128334973072,0.09986015195307063,-0.13530376600450045,0.14666226625016443,0.19712228654336528,-0.04093023632194326,0.03931611202107588,-0.015382838431123647,0.2866295757593027,-0.13236660940603273,0.2817922203908747,0.17022130232925847,0.10157743697273092,-0.2328509381825995,0.16716132315678855,0.03189933813989554,0.2158509397515238
EFIV,,,,,,,,,,,,,,,,0.3314112315929927,-0.18336888641219862,0.28481047711964425,0.2467414174111815,0.19721840969266768
EFNL,,,,,,,,0.30818969890240533,-0.02782980519956313,0.024027218670641837,0.039605455813142676,0.2324137942548703,-0.07725597741333334,0.1408682891035833,0.19436159499577244,0.09119546130174605,-0.17723780161657288,-4.5027647092021894e-05,-0.04695075314738706,0.5306225721755164
EFO,,,,,0.04782694894374706,-0.32964627894168264,0.26775934052478356,0.39099793219825707,-0.11113168096381887,-0.06365731309944844,0.013334850351976568,0.4990958885845864,-0.31705260555109105,0.41349413641807775,0.008055273130170182,0.18463984056007776,-0.34398041284807757,0.24084732140168663,-0.004074474438871545,0.6038018809140948
EFRA,,,,,,,,,,,,,,,,,,0.13570173604526592,0.0951491589082345,0.1515495421883255
EFU,,,0.4791442360685396,-0.5539867628457884,-0.2686933045153761,-0.012937123816256002,-0.3277552383729616,-0.34699639594804743,0.03192982192918903,-0.08400203380317628,-0.1501882591843876,-0.35911122446267063,0.33893008242582723,-0.3310082348607146,-0.3421446442444366,-0.23987553005069762,0.25218488477790246,-0.24210650824862645,-0.03152814400549897,-0.42211393520457097
EFV,0.2621833124518078,0.03858139302710706,-0.4150917987825933,0.26642503519889726,0.01619385868016754,-0.13147789908427465,0.15719638462929808,0.1976849085206751,-0.04914062810773223,-0.05577575651980149,0.0672524081957564,0.2022829103136281,-0.1540869544482809,0.16155381708652294,-0.0396780541460674,0.10587395440634872,-0.06057866275693935,0.1790178007460379,0.06043093743618555,0.4330796658099558
EFZ,,,0.373767617344952,-0.2965775532965029,-0.11788531877534225,0.03726071238018225,-0.17162269142854392,-0.18846241479695958,0.019798910732779174,-0.03433346065121057,-0.06338042775170094,-0.19672139514304987,0.17223927342188938,-0.16677742242836846,-0.1516526662426505,-0.12370641047620246,0.1371340810487207,-0.09705851092335904,0.0159644405911481,-0.21499178340563374
EGGQ,,,,,,,,,,,,,,,,,,,,0.27110703216263254
EGGS,,,,,,,,,,,,,,,,,,,,0.15034716612597987
EGGY,,,,,,,,,,,,,,,,,,,,0.17648039461726106
EGLE,,,,,,,,,,,,,,,,,,,,
EGUS,,,,,,,,,,,,,,,,,,,0.35234267146709564,0.20057046679805945
EIDO,,,,,,0.008948598047312073,0.02179225614180269,-0.24178697995601495,0.2533776005844697,-0.20901825537599128,0.18821261841658,0.18513889649013726,-0.11254819555490636,0.03588856029972276,-0.08133865273773622,-0.023093684231794143,-0.011497422056765183,0.024245341504209206,-0.12583892873274927,0.031171589656515897
EINC,,,,,,,,0.12275534832903112,-0.25546731174451986,-0.5858988686713087,0.23963549117631078,-0.05041292448008605,-0.22377313805558052,0.14306792614703934,-0.20197404906393346,0.38976886388392673,0.17145321431753513,0.1832509636333044,0.4229814917606669,0.057238949191251054
EIPI,,,,,,,,,,,,,,,,,,,,0.11399765530294381
EIPX,,,,,,,,,,,,,,,,,,0.12807413058854156,0.1848423217790902,0.10986265684841667
EIRL,,,,,,-0.09105696230681326,0.2931984463692363,0.4345709309132748,-0.004376906079487042,0.22174843799688704,-0.0799572148433092,0.29992553559487556,-0.226096757244995,0.2785759066093607,0.08735637697108345,0.12136226406670025,-0.19319114117406233,0.3305496276139914,4.0770949484292274e-05,0.30273804394686965
EIS,,,,0.7176096277973933,0.10903782091008352,-0.33535462672356864,0.05366182538407904,0.15215447769539958,-0.005898253538884735,0.08252078292559362,-0.030619958329412333,0.10814746809734643,-0.06869282124673726,0.19916759019825148,0.10702166050970163,0.2432034820383333,-0.2797598646236661,0.053077751778633164,0.3362794184429345,0.46829776046966054
EJAN,,,,,,,,,,,,,,,0.10461486496153882,-0.004040432193629373,-0.08105374793676545,0.04864666848146171,0.04138663096387152,0.1476871094436012
EJUL,,,,,,,,,,,,,,0.03103853081957131,0.0047045014010567154,-0.027139881238313457,-0.11236389839823502,0.03232851860419084,0.05496158258709749,0.20888053690858754
EKG,,,,,,,,,,,,,,,,,,0.00510881932529772,0.08966619807264742,0.12113927613530451
EMDM,,,,,,,,,,,,,,,,,,,-0.03329191189394731,0.5953363571770318
EMDV,,,,,,,,,,,,0.30159587482668915,-0.08375019824788066,0.14905287002994894,-0.012726158132992604,0.004091697002314598,-0.18595786216582588,-0.017875911065013073,0.00844521197106829,0.1199118326496389
EMEQ,,,,,,,,,,,,,,,,,,,,0.7159644668575424
EMET,,,,,,,,,,,,,,,,,-0.17334467955957633,-0.12369314626551697,-0.11562943248729962,0.8059279924040434
EMGF,,,,,,,,,,,0.08115216092172628,0.4086251128029865,-0.2126042527457075,0.20370613044866293,0.08572221387337997,0.06344376458206957,-0.1742274842143,0.09736268666784853,0.10586999695687838,0.31903634618094245
EMIF,,,,,0.15582018627891148,-0.14464195251767908,0.2025225889372757,0.008752148651878677,0.0028942097796880173,-0.13414842556920237,0.09349747901939653,0.20400831038685885,-0.15144002163979386,0.1461420616954907,-0.20980389506044528,0.04394828617594837,-0.1318752921127786,0.05924896885687647,0.00179416209584371,0.33673814423989823
EMLP,,,,,,,,0.13774489893306519,0.25382890111984713,-0.258553410813964,0.2940776680858832,0.008353788385104366,-0.09403311940302161,0.2363122746851989,-0.12887327170491447,0.2541506974298462,0.0994832564361241,0.09158806984075252,0.3239466430615059,0.09547007367574722
EMMF,,,,,,,,,,,,,,0.024844439930666873,0.07843142171961892,0.053299042142578745,-0.14017997713859687,0.2076543328080378,0.10769336684270248,0.21332701168092427
EMOT,,,,,,,,,,,,,,,,,,,,0.1537368362878868
EMTY,,,,,,,,,,,,,0.12554628316866356,-0.06875631707289431,-0.32908637034881016,-0.37561192029500745,0.04744767306321451,-0.00405346974203058,-0.03834806715165662,-0.02081037594847246
EMXC,,,,,,,,,,,,,-0.13867398355889726,0.15486088323274982,0.11427926851745562,0.0729058744131239,-0.20244866264524464,0.1908278545299289,0.03596422721104897,0.3493133937773547
EMXF,,,,,,,,,,,,,,,,0.035287055567605696,-0.19428404741337124,0.05562840926866741,0.09952780132329453,0.30329871775534345
ENDW,,,,,,,,,,,,,,,,,,,,
ENFR,,,,,,,,,0.1346454412240445,-0.3767758164740704,0.3932356689347247,-0.0081550021020631,-0.1964347649061069,0.1923972937927436,-0.2424599320099046,0.411316615465108,0.1540785611259261,0.1769068554491271,0.4192112364269136,0.0455709141943558
ENOR,,,,,,,,0.04791730330656252,-0.203231868704437,-0.15912415218725062,0.19077740866368575,0.20804180096076585,-0.09354015114288394,0.12211922257421359,0.012539010292525354,0.18504593920277324,-0.13417974879619654,0.08059470298304405,-0.004169509417412454,0.3108266746017423
ENZL,,,,,,-0.00020015497457870346,0.2863121029736557,0.10976295645165979,0.1304313139321882,-0.011245928124924753,0.11899422327675002,0.23601938159357827,-0.005502126399019258,0.3079799938846197,0.20562933944654627,-0.11189613388025976,-0.1495294550740507,0.04440810441540011,-0.03394048365096569,0.02279670602249162
EOCT,,,,,,,,,,,,,,,,,-0.11135505414266522,0.05695776660682039,0.10772387037781894,0.2219652467124147
EPHE,,,,,,-0.05212819359692156,0.45179474338555226,-0.09001871541200812,0.24303696344889247,-0.10633446233650756,-0.022495473882646055,0.20233684490278558,-0.1815047929346102,0.0610061979909311,-0.037800259241571266,-0.024396115970153454,-0.14931512031622818,-0.000616804731288223,-0.016759276337767304,0.010385973517814007
EPI,,,,0.8482920543835293,0.16169224574851881,-0.41057113334876816,0.19540731977496595,-0.11946498194929589,0.3336603341118114,-0.10025774336458027,0.04662039692683062,0.37909901293517256,-0.1048757367027443,0.024432102732374616,0.16719999689362308,0.25549142521830204,-0.06462860592109887,0.24878190222109975,0.10570874085285209,0.0002182563028481077
EPOL,,,,,,-0.322531842524566,0.3698815429976936,0.03106585726990807,-0.14712475189001428,-0.2186329678647988,0.05505098049900026,0.5059538496668821,-0.14668743207359025,-0.06490263482221559,-0.10954079584198417,0.10348360607288609,-0.2574567688332279,0.48399587730720706,0.005818198180859824,0.7684715599937295
EPP,0.29582349809308095,0.2918166070608139,-0.47317081357489843,0.622838004002995,0.13891455990083168,-0.1435519832057004,0.2264988046519909,0.017642054371273197,-0.010064881446468332,-0.08341876970931472,0.09009408760932103,0.24044082835615876,-0.11632701160128756,0.192986602740566,0.049787055434258765,0.03829442242424341,-0.06824041631617905,0.060558646013659345,0.05982038843315762,0.20725616051996143
EPS,,,-0.35931539185000805,0.23475092058955593,0.11748929420097487,0.025873842121949764,0.1279276486745642,0.29436995279952405,0.14265787437398347,-0.0135750822155839,0.15322681296191676,0.2220481521723221,-0.07935604049841227,0.3216023574280569,0.11167419280805957,0.29205455215876763,-0.16503225759529294,0.23205729270326758,0.2437534681430551,0.18362737433775944
EPU,,,,,0.5451186949513693,-0.22360628042280228,0.20712938125355662,-0.2680614601594482,-0.039577588192356794,-0.3582089173135047,0.6499888024753331,0.28482216965380514,-0.13929440130542903,0.06700377225279164,-0.04794979829461521,-0.1286423429153527,0.003914147989799943,0.2403844721624464,0.22936981868654338,0.8667244082308734
EPV,,,,,-0.31231959838715406,-0.17725974964747027,-0.4004134674683809,-0.4076982745215517,0.009866225080284119,-0.08574088522526391,-0.14605818133236503,-0.39111643229278015,0.3360026883391438,-0.3719879320549998,-0.3612149219559073,-0.30245470772045724,0.17870984430791403,-0.29152187410163655,-0.005338299731999729,-0.4626263836586193
EQAL,,,,,,,,,,-0.036890796520513525,0.17295566247476102,0.1644759682330723,-0.09856354509593901,0.2449271288099999,0.16575773421505535,0.24601235819153122,-0.13781925760586544,0.12675128720998163,0.11355181309160822,0.1177520162524861
EQLT,,,,,,,,,,-0.029014771352673052,0.1521740056692813,0.19148308343726894,-0.10973607916637407,0.13877668132315213,0.0,0.0,0.0,0.0,-0.35085856672046234,0.3283112588144621
EQRR,,,,,,,,,,,,,-0.19232130172709738,0.17423852945037965,-0.10143445546526053,0.3493858978898947,0.005487458261490108,0.10292097661462263,0.07288147636896114,0.15821294329625668
EQTY,,,,,,,,,,,,,,,,,,0.2647842656357997,0.20678393104056392,0.14449321149106154
EQWL,,0.10047725365050164,-0.32224097839552013,0.16543668392585253,0.12492727081675858,0.021763962670738657,0.10127253966470184,0.32975937304414304,0.16022128864166296,-0.015850495411490195,0.15514753112128354,0.2346121113990456,-0.06514409912958885,0.2922458341318095,0.12986481911708037,0.29382061161403583,-0.11969032830600146,0.19228572839521219,0.18867676132667555,0.18782886029927282
ERET,,,,,,,,,,,,,,,,,,0.09990972270061893,0.0066955697001458425,0.11708753898622204
ESG,,,,,,,,,,,,0.23347737859728257,-0.051646926646750635,0.3099397289270922,0.19729894487739474,0.3010682390869506,-0.20628909720473454,0.2803905384236558,0.20723692375805358,0.1731325665115384
ESGD,,,,,,,,,,,,0.24785737190106905,-0.13813237308589954,0.24290297822679974,0.07274164884823597,0.110344094323648,-0.15674114840395026,0.1758699452964676,0.05249021338648796,0.30748459921137683
ESGE,,,,,,,,,,,,0.388636242088378,-0.169671849295705,0.20049947743398988,0.16613592247141917,-0.035532273523482205,-0.2285575934433539,0.08674204226343196,0.08176904841701615,0.3657963530213595
ESGG,,,,,,,,,,,,0.23904983907034283,-0.08895395039602416,0.2968813795238203,0.1615412603003834,0.24561085909203761,-0.19273123172439,0.2533406876190534,0.15547836670694792,0.2491296415592681
ESGU,,,,,,,,,,,,0.21069715606789852,-0.04451357141122436,0.3219657345863556,0.2143061744240744,0.28594517364866645,-0.206632851975027,0.26256026100018426,0.25169199776262263,0.17972109983531181
ESGV,,,,,,,,,,,,,,0.33242046819090976,0.24605546483156115,0.2814013915633047,-0.2439518888833876,0.31291887236577387,0.25784660265748593,0.17658228831715705
ESML,,,,,,,,,,,,,,0.288849247332019,0.19562266588316435,0.20800399847842943,-0.18014229054865194,0.1766726890886725,0.12538899653572888,0.11664204756626062
ESMV,,,,,,,,,,,,,,,,,-0.10579223488184597,0.11859096376272604,0.12836891606267753,0.0620341449837567
ESPO,,,,,,,,,,,,,,0.41615470518250497,0.8033089315374522,-0.022928641486895995,-0.34961958798027803,0.32071227214949327,0.5110316876043364,0.2589562180315772
ESUM,,,,,,,,,,,,,,,,,,,,0.12990630448514673
ETEC,,,,,,,,,,,,,,,,,,,-0.16011358545397558,0.3266553466073048
ETHA,,,,,,,,,,,,,,,,,,,,-0.14770995139464305
ETHD,,,,,,,,,,,,,,,,,,,,-0.7035815206704592
ETHT,,,,,,,,,,,,,,,,,,,,-0.6729691048707148
ETHV,,,,,,,,,,,,,,,,,,,,-0.14503062762434737
EUAD,,,,,,,,,,,,,,,,,,,,0.7392730654497319
EUDG,,,,,,,,,,0.04190091601426049,-0.02134281195676091,0.299089039629179,-0.15445240513320202,0.29458309856112286,0.10476631283778315,0.15066467581041576,-0.18434404124267856,0.1843435124134143,-0.0310339533455537,0.29570179470582736
EUDV,,,,,,,,,,,-0.09469006787021095,0.2120442865401586,-0.11725128453491362,0.262434864616792,0.05495497842012553,0.17859680372253006,-0.24827799316202004,0.19600164490763672,0.01812368132113984,0.1500647816800924
EUFN,,,,,,-0.2759648537892977,0.31043248652457733,0.26822307793660594,-0.07205453093365566,-0.0479041199623893,-0.006206186407538339,0.24443925135162536,-0.2376570445383398,0.21303205656629687,-0.09979506058035148,0.19742787446136711,-0.09682918437527654,0.2423408629558257,0.18040676586904114,0.6852885363894339
EUM,,,0.17370441779682566,-0.4804342795607143,-0.18522463549114232,0.09980225090359918,-0.17654322438385428,0.006505860339733438,-0.03482410945606751,0.1066868179069751,-0.17487598420635186,-0.27180520113085993,0.16938062288164635,-0.151002466278359,-0.22789720473681807,-0.005473053582549903,0.21783035746052737,-0.030647169618696624,-0.02279450438299513,-0.2292263087550589
EUO,,,,-0.12901716995827195,0.0996210190033684,0.0009837903511427104,-0.04902448991781605,-0.10446193442605223,0.2491330383447652,0.16309794074133044,0.05287716355596528,-0.23548499412525603,0.1536631528018515,0.08326594523041408,-0.16623471799592948,0.15601250067891215,0.12576456172467476,-0.03731839638344536,0.17654979143836957,-0.20073093761334437
EUSA,,,,,,0.02252369146815103,0.13914417362435216,0.28940585548785847,0.14930200013806072,-0.0209896095133959,0.1631922043047478,0.1804283987435089,-0.0920604256494092,0.3015389663992063,0.1478084605379948,0.2766170884914436,-0.1700509336428513,0.17965948987472724,0.1509367013470957,0.11487869487905433
EUV,,,,,,,,,,,,,,,,,,,,
EVLU,,,,,,,,,,,,,,,,,,,,0.39347690703022864
EVMT,,,,,,,,,,,,,,,,,,-0.2818039391691549,-0.09657337619749051,0.313266721826466
EVUS,,,,,,,,,,,,,,,,,,,0.13747492120190796,0.14376112997923518
EVX,,0.17860391086857663,-0.30244761972591494,0.1958425735062288,0.19582134958865827,-0.09472171320860745,0.09477087829120157,0.2734951819291589,0.05243510823543551,-0.09452648705378097,0.3299209402843921,0.1631160352309058,-0.03825825600112087,0.2898213936784213,0.12800695498353432,0.29095262469355965,-0.100760507115639,0.13505691562985112,0.14409673809469004,0.13280072807894827
EWA,0.2830110134805395,0.2802893364431074,-0.4792764849203951,0.6637604716212993,0.11048337337489866,-0.12090221500779597,0.20440269000534173,0.004192214600987176,-0.03892556729786312,-0.0965688572375687,0.12651084565169657,0.1778567175805228,-0.12600847369073864,0.2340700072291637,0.07810154069750341,0.08569774386686513,-0.060744441111847625,0.15152474982208863,0.024038778467307287,0.14064376295276793
EWC,0.1405668856531348,0.3137685686115801,-0.4491333233630268,0.4929891068898331,0.17158994460177568,-0.13103857680057007,0.059016603834121995,0.035591429630712934,0.01819771954472693,-0.23458497168679437,0.25627863326006683,0.1507154518543128,-0.17915061004087218,0.26419097792569635,0.05201220825156061,0.2656522923236604,-0.13270317018196243,0.15395617865571976,0.1355552274672236,0.36682839936531497
EWD,0.3819047854960851,-0.02274867069730646,-0.4653625307316921,0.4854264834186379,0.3132587680357368,-0.18286184475136213,0.19822337372805587,0.2201038785455649,-0.05984486301694336,-0.03906343776459409,0.04523696191954274,0.21014188616932716,-0.13447298037908195,0.23806430508993182,0.18940800140738845,0.21310661192902347,-0.28507042366243995,0.2365384459463895,-0.019423914972460876,0.37063741911064807
EWG,0.30774055076424367,0.32463714438095437,-0.4337035034995068,0.19819987496551894,0.0604744501023875,-0.18516888099428153,0.26689843625398035,0.2932861472210895,-0.09064743720470914,-0.023236134923670604,0.06163321753106943,0.2732547301684376,-0.21964601575804865,0.20051798149963607,0.08809797905168582,0.04553381786554955,-0.23155645257802315,0.21288651302855688,0.11100880049337469,0.37621632469046884
EWH,0.2758542738984644,0.3803261551350752,-0.5000448139093339,0.49069234869299594,0.21048440467780538,-0.18087977233195052,0.264234003690625,0.07058878483410491,0.04399084533240338,-0.010787159683709135,0.03596181912202878,0.34257743836485544,-0.09784178126030985,0.11924347535889024,0.017027313793445353,-0.04464142580713626,-0.07126668923792556,-0.15911044660885665,0.026046921439394133,0.38432381166371665
EWI,0.27604408389255863,0.031031151552993075,-0.4717815129814208,0.2094549196345441,-0.15921630650353513,-0.24362833184013266,0.10662687070412802,0.17231399056032992,-0.09404823008021168,0.02915702504984674,-0.07217562672426547,0.27228109737454864,-0.176927716293236,0.27299592489032753,0.0032746884210630434,0.13497499908304822,-0.1552397926614545,0.28391504395176104,0.11013344210349718,0.5831140976029463
EWJ,0.025892512613642227,-0.054360482200055404,-0.2663818268536854,0.02608381060532583,0.1075003195001667,-0.1553177171179535,0.07103999987166176,0.2296985932238904,-0.04655393208245928,0.08976934637188982,0.043984441220345394,0.2325527808361918,-0.1461396029305011,0.18519436525538713,0.14205744590943792,0.023675711634969065,-0.17809174676169537,0.1972146922101834,0.08011460763028544,0.2638417725015805
EWJV,,,,,,,,,,,,,,,0.01215627227926297,0.0717868036417364,-0.06197559827433452,0.22831273026778676,0.12516128154386075,0.3455919786325128
EWK,0.3070654952746714,-0.031061106481658718,-0.6204322896477921,0.4459212344998884,0.013511907206134488,-0.1628445138930732,0.31838690508311474,0.2433180651282112,0.02154148130623179,0.13667047292045864,-0.006330913338813637,0.23557513322718115,-0.20930102839996967,0.26618739125500834,-0.009692791052719252,0.11601754516372997,-0.15131834269867372,0.07145749170092053,0.0131737317533962,0.35968525217224245
EWL,0.2534476458089754,0.0513199630572021,-0.2726050978760156,0.22446816107331813,0.12083843965888996,-0.08136755780494975,0.19048205104428173,0.23735581910083292,0.0064180579717132424,0.007782952433474488,-0.013940796936083077,0.22882801252967977,-0.09563165548084152,0.3259000062092572,0.10932548994644709,0.18897043706655126,-0.19153578067635546,0.15870578769798338,-0.021564360971140673,0.33709360630517393
EWM,0.3618645792425079,0.41495964950606035,-0.390734104341537,0.44850648246182345,0.34954258309912833,-0.0374236903098375,0.13344097387568543,0.07130403051086542,-0.09192591868306377,-0.18725738801835023,-0.008258788420950292,0.2415876038885978,-0.07100450371681954,-0.011778849449785134,0.01696915210900385,-0.06131437847829935,-0.05738972206459758,-0.02502143193632378,0.20482174701853273,0.17585193782698694
EWN,0.2759598179522502,0.17497526007376152,-0.4710302552295905,0.3670626189784312,0.01490691414204215,-0.156144585401352,0.19357136595505575,0.2768261024838983,-0.04255679240161225,0.01975114184408988,0.05826985331587475,0.3367561363252132,-0.1579987019908693,0.32655289748952443,0.21969198744964435,0.20868609264436988,-0.24891546711496548,0.19733432283913044,0.04267484863497928,0.3564417191357174
EWO,0.29335652463237505,0.028113340309234403,-0.6358962752831303,0.5229059440611865,0.12086248340913319,-0.3472728213350851,0.27541053149889816,0.10084873319816912,-0.19701590084447773,0.033813406854704464,0.09174839464283235,0.5019611116552611,-0.24171696229165274,0.17179506265352185,-0.04954221991562824,0.30056761864951964,-0.22068221116432074,0.1899445275061571,0.056270409896600704,0.7677307583067483
EWP,0.445677515830905,0.19880415241819183,-0.36789841176355687,0.3143212960712871,-0.212094605583383,-0.09345277026861643,0.03152605254980512,0.30954022656531155,-0.03525922246776758,-0.1638466711392751,-0.004775455864373113,0.25369911131849343,-0.16244324943368227,0.11721776081481194,-0.05182377591057774,-0.005599147122598014,-0.06178680296532746,0.29398788728585146,0.06114275105336686,0.7920724143877631
EWQ,0.2870181944076451,0.11783791091183571,-0.4144106893543973,0.24271519340892445,-0.058855030633593874,-0.18559302091675423,0.20744595230342577,0.23428061008838919,-0.08560670960400119,0.0077575108858927155,0.06617536523254253,0.2916064265513276,-0.1309446819636293,0.27792206972082445,0.021400355693514728,0.2009112397824233,-0.12810413350299688,0.2054227224246934,-0.042335193371888624,0.3056423709863074
EWS,0.4184804222982772,0.2566105446379645,-0.44952190489495125,0.6334013332667345,0.21851870461787293,-0.19146767344059168,0.27385609847381187,-0.014305830072362746,0.04355166171503977,-0.17623241086494879,0.029962912212098347,0.3344439183173511,-0.13050037722111663,0.1453483996980336,-0.09635625247003876,0.05077695305938268,-0.09973505745578348,0.06092723424059088,0.2422674172788455,0.33061212172636156
EWT,0.14710533331688946,0.04788685062176157,-0.4331592441296783,0.6910498757945447,0.19371917389421833,-0.22330826181623586,0.17353440164112421,0.06312807404012122,0.09686650667443364,-0.11862630096924653,0.21419491428618875,0.25234330009891703,-0.11342697805683988,0.3480808051441746,0.29831051067242,0.2720444219626983,-0.2949110025011975,0.2835736393969519,0.18848140726324636,0.29795475606567834
EWU,0.26414544259693207,0.058142905901365616,-0.46018189392957853,0.35667703502895787,0.08140482016357997,-0.036643480873564505,0.11937401807125725,0.17760605855257472,-0.06433220556627994,-0.061336748243978834,0.004071400194281871,0.21066234328786604,-0.15079716835319434,0.2136873306084217,-0.11924881830434786,0.16641443621749152,-0.055085437569325935,0.11996952097948443,0.07752334718246501,0.3600528773730971
EWUS,,,,,,,,0.3540800995588338,-0.0693542182816731,0.0989870256559211,-0.1038171520952692,0.31665485437747765,-0.20713491641598059,0.349436245855844,-0.028836053437332088,0.13183526233614407,-0.31686110466472095,0.14873402642720768,0.06095279162384215,0.2750232010240161
EWV,,,0.028460461675153148,-0.2611571981509788,-0.2741248024563977,0.13193986333324492,-0.20716060746272225,-0.42686029468203546,0.001226356717418886,-0.24880660004141952,-0.17534794837651513,-0.3523506883268922,0.31748482623598817,-0.2962555860910281,-0.37339604224711465,-0.12383502591041318,0.3462189356904739,-0.27490268114221894,-0.12605313590556955,-0.38286540503817645
EWW,0.3899212571331794,0.1038195794506882,-0.3957992600971272,0.47472627169736836,0.22582010016360576,-0.1271226782896343,0.29090096904025486,-0.03415010734054669,-0.0905189845419977,-0.12011599604954604,-0.08923407584484655,0.1535766494752986,-0.16425233530451588,0.0960280499201831,-0.056354798452390775,0.19330745821075834,0.016011254449765477,0.37837155379675,-0.27522199965506167,0.5109454334613845
EWX,,,,0.9247514811516244,0.19595877520626637,-0.3078834931071477,0.2384158477636973,0.001589261547158216,0.008578693458074271,-0.11755405881509384,0.100422484452384,0.32556133846477997,-0.19754612355554224,0.14582316998942257,0.1303002408029761,0.1665477686342114,-0.15325297223148848,0.17106114647764392,0.07612944879488803,0.15975142614612925
EWY,0.07163192210275793,0.335246437144854,-0.5447316295062673,0.6555252820490023,0.25064123196423194,-0.14322790666242013,0.17417074546806832,0.00985264793454732,-0.0923171280630477,-0.07024753866651645,0.11029186544839753,0.42798401968570876,-0.2135588437850633,0.09434547110734304,0.3947682984842267,-0.09959550548003171,-0.26580267128276736,0.2130662640800165,-0.1951361077289272,0.9725165350187763
EWZ,0.37302036218713863,0.7538387272381928,-0.5446246983157649,1.1164592352863885,0.042006635758564226,-0.2484067508461799,-0.03523868814871178,-0.18958972860564383,-0.1255893971209937,-0.3977922959923199,0.7057697487390759,0.19598622666018461,-0.053952602490628165,0.20001692873643417,-0.21934528919564633,-0.1618349936173401,0.15000474770358552,0.4327534516080678,-0.29216090485295676,0.48517029682648705
EWZS,,,,,,-0.24840907393984613,0.25627928091483554,-0.27721376314810975,-0.23071630744887328,-0.493771966013819,0.7296409354815476,0.49143796758220715,-0.0895447601691034,0.44875879516516837,-0.21636037142462483,-0.12246705797508461,-0.06390851574170564,0.43395620736450446,-0.3338274812285893,0.45351217152990486
EXI,,0.13653945439250093,-0.4121061500115806,0.22523980143634348,0.2034770062432525,-0.0951027747994938,0.13626006306315053,0.29021870293113916,0.023369326244912836,-0.022354486350162905,0.15346114315021886,0.24318016736315284,-0.14899450301795458,0.27116832069980235,0.09721251339817716,0.1864884375449707,-0.11945104630862846,0.21523736341408295,0.1365184699801767,0.2693480178791121
EXUS,,,,,,,,,,,,,,,,,,,,
EYLD,,,,,,,,,,,,0.3466924837068206,-0.1460589837807959,0.2262590323018096,0.0777670108056169,0.1020326379216085,-0.1714708512692679,0.1676519603053861,0.0566392076928776,0.2972172430903814
EZA,0.1303937630313965,0.18255466463478376,-0.38384899230398983,0.47942375147096805,0.3228833080583082,-0.15841362158707784,0.1786110587100016,-0.07632553481776205,0.06932634549904448,-0.24473307892376062,0.19597556721318266,0.3473944293605653,-0.25187360496943556,0.10179007002775098,-0.06013586059983411,0.07421033267357013,-0.06547325557199546,-0.015783134914257313,0.09679976638627785,0.7454654534114131
EZBC,,,,,,,,,,,,,,,,,,,,-0.09945046313643857
EZET,,,,,,,,,,,,,,,,,,,,-0.1461187234496243
EZJ,,,,,0.18978330204509875,-0.34162890147621117,0.11515812974652873,0.43789517478047135,-0.12524126384798606,0.13765960887733697,0.0301532691618549,0.479296488976763,-0.3181715954130706,0.32440316125946644,0.1982534792890025,0.005053054119312339,-0.3806662050249281,0.30269712834247753,0.05140739471076583,0.44496543747451556
EZM,,,-0.34771796549973644,0.46094690588209564,0.24320767236686303,0.00021093518250125953,0.16512457748520526,0.3682957859619844,0.09761873690343692,-0.045394843899348336,0.2121870809881059,0.16597743961210076,-0.130123701697327,0.23936146956518134,0.0549316699871496,0.33049843078638874,-0.12720760582408264,0.20206494595543467,0.1081119169239444,0.09964331422293693
EZPZ,,,,,,,,,,,,,,,,,,,,
EZU,0.3086105748807597,0.1778437076928896,-0.4560655548760383,0.24576898008289572,-0.05671959959874773,-0.18624061030144257,0.19835132766326402,0.26166188129363666,-0.07610605288268468,-0.017494663413618605,0.03547730788208647,0.27595226298500686,-0.1717670355761456,0.238710019270997,0.06298247792663147,0.12594128095871238,-0.18077648302577498,0.21786113180038646,0.03674176139488372,0.4180573536468597
FAAR,,,,,,,,,,,,0.05003060294643946,-0.08913635089783467,-0.01610385761128219,0.1106819738576319,0.12321305642778024,0.10147160784550158,-0.04732844465146069,0.05731084703590561,0.07514887115348357
FAB,,,-0.3463308222652973,0.4835734268815617,0.20640478023695286,-0.006507592739178558,0.14824306974862056,0.34193638151216366,0.08957182024188826,-0.12026659419384544,0.26953797864422424,0.13647986854781924,-0.14841377872301686,0.22421733961914492,0.02635468889911352,0.3308775789803624,-0.07184371939206013,0.1588958995724996,0.07269390773284257,0.11081915488248906
FAD,,,-0.3804917602650316,0.3089402789524309,0.24370570467330532,-0.01917205612616002,0.09344755201199306,0.3586543698396214,0.09464043025345092,0.029083472144922018,0.08795090177279574,0.2465349640837966,-0.06708094530461595,0.2781125402205744,0.3474560516337102,0.22923935931730943,-0.2332223322083259,0.2072593767417774,0.25489460681115284,0.17845191700888052
FAI,,,,,,,,,,,,,,,,,,,,0.3407010162259507
FAN,,,,0.19462424588601368,-0.3238942361394661,-0.23414054034600051,-0.13555033548809592,0.6266303681858287,-0.07628042263792456,0.1075368980078717,0.10550485757971928,0.15896619130121437,-0.12122526951232948,0.3167961896913032,0.6114814338436207,-0.14094384467427834,-0.1443122105100172,-0.03911277713872041,-0.07558209487716461,0.3966200518104894
FAPR,,,,,,,,,,,,,,,,,-0.10450092231344454,0.19708860001980844,0.1851320532345162,0.07609964742136044
FARX,,,,,,,,,,,,,,,,,,,,0.10822583830710109
FAUG,,,,,,,,,,,,,,,0.11883356673028378,0.12485478291832774,-0.10912603033596202,0.17631731300418552,0.15027192211153584,0.1430723233944109
FB,,,,,,,,,,,,,,,,,,,,
FBCG,,,,,,,,,,,,,,,,0.23238452854925518,-0.3976007003456751,0.5949319009524618,0.41791227227520444,0.1874879607718587
FBCV,,,,,,,,,,,,,,,,0.2729225415807066,-0.027928495053851754,0.06356825008335365,0.09437858482383144,0.17090340684452943
FBDC,,,,,,,,,,,,,,,,,,,,
FBL,,,,,,,,,,,,,,,,,,3.175127938621406,1.1997867334509271,-0.02002337940424692
FBOT,,,,,,,,,,,,,,,,,,,0.1565788942052435,0.20889179151425985
FBT,,0.03834699994905799,-0.1838403607142156,0.4294294751491481,0.3528191269150407,-0.17127635161806454,0.39158079777696364,0.4515318394355403,0.46906961714616524,0.10414607778470097,-0.17314174103070412,0.3528454107415995,-0.025423751081204204,0.1987748779551286,0.1333829307223251,-0.023032156403807513,-0.05482315626018386,0.029036388005361236,0.044562048261399756,0.25734858992584897
FBTC,,,,,,,,,,,,,,,,,,,,-0.10025856365441888
FBUF,,,,,,,,,,,,,,,,,,,,0.14638539286238927
FBY,,,,,,,,,,,,,,,,,,,0.47469693266842916,0.011230414775991182
FCA,,,,,,,0.30315403810536057,-0.06116837091546734,-0.003967189516705605,-0.07766583495375745,-0.009226354850919494,0.6025725168547154,-0.2078321713866249,0.19381728796694064,0.0996340318127007,-0.003178797589120097,-0.19199726463658373,-0.1102741693047431,0.15108485484967926,0.474313601681444
FCEF,,,,,,,,,,,,0.1491260886557928,-0.1018125606655097,0.2769886894660658,0.033319237299368254,0.20600261213787352,-0.19630750048113244,0.09816521563907155,0.17465837178021415,0.14863678000186442
FCFY,,,,,,,,,,,,,,,,,,,0.11265103110657249,0.17808749506642152
FCG,,,-0.4761836538480577,0.4086221319018897,0.06616830321355294,-0.0795347052665335,-0.16288189265699438,0.2313840011392414,-0.41293478006463546,-0.5916992336378455,0.18462454548487184,-0.11750525414115309,-0.3653889679480087,-0.18151203938278748,-0.22087653070277413,0.9538821909153958,0.4171343135843406,0.08478225010122142,0.036040274826699914,-0.03336636785689573
FCLD,,,,,,,,,,,,,,,,,-0.40838833872435687,0.521666998610341,0.24959680981241616,0.08979532834917148
FCOM,,,,,,,,,0.07387781758759737,0.032522695771142196,0.24453292796701942,0.0029897346291565263,-0.05722278683722082,0.2545971761467427,0.26841960947728283,0.15129112852922355,-0.39438852973243543,0.43055059877460633,0.3426690084147792,0.2581372636902768
FCPI,,,,,,,,,,,,,,,0.019660462111251054,0.3558376909664598,-0.07677218334582037,0.1675186483115969,0.25292541398968416,0.1738161273183485
FCTE,,,,,,,,,,,,,,,,,,,,-0.02412956831587454
FCTR,,,,,,,,,,,,,,0.30466751006981063,0.29771319023805787,0.22205942102018028,-0.19186999101748614,0.01700589834483268,0.2203854851823004,0.09633204365718151
FCUS,,,,,,,,,,,,,,,,,,0.23281409584587753,0.33745862378898184,0.13732544903372434
FCVT,,,,,,,,,,,0.08082993261322091,0.13399902454836243,-0.026160501860799545,0.22393493511120566,0.4975656298790494,0.049356535671029045,-0.20964596088026977,0.07561894349480935,0.13109606683134611,0.2091602465554392
FDCF,,,,,,,,,,,,,,,,,,,0.3110913444184298,0.27265899368328994
FDD,,,-0.602324169801682,0.31426287994975066,-0.012525719870336793,-0.09822883026138929,0.0975119497153607,0.17155969460550402,-0.0029605163548960256,-0.02131917259572913,0.03425309034772073,0.181725488231556,-0.09505002291075282,0.2435126607299738,-0.049051145718703726,0.14784396324454607,-0.16610101058538906,0.11799528224812783,0.010762747793894079,0.6374974253934707
FDEC,,,,,,,,,,,,,,,,0.1535873348277954,-0.09464086171266417,0.23347045003531108,0.14884024843904653,0.15241304224038754
FDEM,,,,,,,,,,,,,,,0.07215417449761619,-0.03719606848182422,-0.13413372473468843,0.16703861843817203,0.10276841395547054,0.2575637222444751
FDEV,,,,,,,,,,,,,,,0.04702938429212211,0.10337273087145848,-0.1649401859825621,0.13062792582848437,0.0675615612774565,0.31416313231650395
FDFF,,,,,,,,,,,,,,,,,,,0.3015195660540062,-0.015277269747492994
FDIF,,,,,,,,,,,,,,,,,,,0.22080580892681323,0.1444885547929804
FDIG,,,,,,,,,,,,,,,,,,1.6585066894451561,0.2307243399979939,0.18306458631077183
FDIQ,,,,,,,0.09458474619800117,0.41787056004614676,0.04128209783839476,0.06663432862635199,0.42478397864497497,0.017255043473289433,-0.18255254432745716,0.22153740528968657,-0.090620068157521,0.3642109149458572,-0.086982781981496,0.0017455422110137508,0.12620592152137666,0.08864581069446698
FDIS,,,,,,,,,0.09997190372278086,0.07367030693822385,0.08084452766218342,0.2233261512607443,-0.022516788738118465,0.2641556967874008,0.4766852467995517,0.25740825837603154,-0.36645772989990866,0.41202793152988604,0.25514868850937966,0.07843498524097425
FDL,0.18299890892405468,-0.1126568384445642,-0.30035448846298596,0.12073426031945611,0.15239268580906984,0.13623034948752588,0.09274148223314893,0.20327899343221856,0.14351912934770317,0.02543361466581473,0.21707161467619573,0.11079045125753662,-0.06461379231286923,0.23955265815889892,-0.04591035937664212,0.2734861642464792,0.06116827929763691,0.03136428868043062,0.16169411324055605,0.15324240912477527
FDLO,,,,,,,,,,,0.03549801378292239,0.19750704490474225,-0.00032502402952405696,0.3093688325489601,0.11666851835822989,0.2549563708276654,-0.09912071283345503,0.1683534873599135,0.1630318884398938,0.13135806460359145
FDLS,,,,,,,,,,,,,,,,,,0.21964007261306562,0.08457946281381368,0.22595988833121727
FDM,0.1434766779532477,-0.07202530181678501,-0.31200911136355114,0.20046131722647442,0.2246167754107382,-0.10888729398845198,0.13464305638171958,0.4037102042542027,0.053600282255681364,0.017956517613683998,0.395935408606376,0.08182191614452905,-0.1354224482452422,0.25224478785108007,-0.03585594752935606,0.37112405516124114,-0.1256193748745561,0.13282676555934092,0.13462737315121198,0.1924586321422701
FDMO,,,,,,,,,,,0.018800095937846706,0.23587444019449477,-0.04728585360188797,0.2541996976768406,0.20777641443339379,0.23801808420680315,-0.1961325384505388,0.25698352969384985,0.34436011089317264,0.21902968184597627
FDN,,0.09642229389972257,-0.43421495190348347,0.7319090806675235,0.3431798061032625,-0.07414777265714778,0.18449846241039225,0.4905378694668723,0.03406408910206582,0.2181224589445152,0.103691411725914,0.3600692661002274,0.050328657447053615,0.18430232120120849,0.5008131690219721,0.07568263519038787,-0.4562193629969348,0.5111381746730299,0.33477883381906626,0.11322224707466821
FDND,,,,,,,,,,,,,,,,,,,,0.10252796628756622
FDNI,,,,,,,,,,,,,,0.383722988161876,0.8048558039210532,-0.19982239152315595,-0.38680296339756204,-0.019714940051466456,0.2552493200282233,0.27353996366971445
FDRR,,,,,,,,,,,0.05545401982027265,0.18354709296883187,-0.044059642094731344,0.2646564991678839,0.0775190176909677,0.2779280574084111,-0.10998844243389716,0.1353366439022996,0.20401497506659205,0.2221641681316333
FDRV,,,,,,,,,,,,,,,,,-0.4555801272726031,0.13442922290543446,-0.1964918052556185,0.25583705081324104
FDT,,,,,,,0.13357399217511468,0.16894668464269613,-0.04881682762069972,0.005329125270222335,0.04309785125627008,0.3283856542257848,-0.20750174805428223,0.17343495642141482,0.036397990576958694,0.10391201919872861,-0.1983534704735943,0.1384221782894539,0.07811645849194404,0.5336645520846537
FDTS,,,,,,,,0.21994699307217713,-0.10134109281490811,0.05346811123135109,0.04171259941947714,0.3511922842804065,-0.2481691587332836,0.1823531658635149,0.1289775457442628,0.1235199126908384,-0.1589892240202937,0.12997995338033186,0.0390387523954161,0.506641146231873
FDTX,,,,,,,,,,,,,,,,,,,0.2738737806145073,0.15401213647420198
FDV,,,,,,,,,,,,,,,,,,-0.02683586471235766,0.1276239341051708,0.11751288053498521
FDVV,,,,,,,,,,,0.050550095926724437,0.12496622818158798,-0.019758603466743074,0.23662831379634341,0.024514044916339017,0.31120190052878494,-0.04988136895987194,0.18190930877306233,0.21748382680196832,0.17732320413380442
FEAC,,,,,,,,,,,,,,,,,,,,0.189696706395154
FEBM,,,,,,,,,,,,,,,,,,,,
FEBP,,,,,,,,,,,,,,,,,,,,0.12368884047301165
FEBT,,,,,,,,,,,,,,,,,,,0.1783608494682793,0.1314505360149063
FEBU,,,,,,,,,,,,,,,,,,,,
FEBW,,,,,,,,,,,,,,,,,,,0.1134615358249002,0.096022375196205
FEDM,,,,,,,,,,,,,,,,,-0.15621594723663956,0.1677853497396844,0.0403992899255039,0.28627590483459686
FEGE,,,,,,,,,,,,,,,,,,,,0.34239255132436686
FELC,,,,,,,,,,,,,,,,,,,0.26201922809361866,0.18169202895434733
FELG,,,,,,,,,,,,,,,,,,,0.37437599226908524,0.1950986246005164
FELV,,,,,,,,,,,,,,,,,,,0.15696523803407225,0.1708413449967301
FEM,,,,,,,0.18143940537904735,-0.053577133755827955,-0.08748599731552575,-0.13519894515489972,0.1875643470373205,0.39131740958995564,-0.16997823259085343,0.2059366555112876,-0.03172078823839963,0.055656006033490746,-0.15470664378033472,0.10633269175362514,0.03961714653000148,0.2933650243187098
FEMR,,,,,,,,,,,,,,,,,,,,0.3599141585141439
FEMS,,,,,,,,0.035523828079082165,-0.05792912362923264,-0.1368366178080178,0.17295559081949996,0.47502269103048356,-0.2380927039708779,0.2892782325591763,0.05822402722064335,0.035695005414303926,0.00539201415594337,0.04247545694967725,0.03336197188454859,0.16909130298374997
FENI,,,,,,,,,,,,,,,,,,,0.0793234162798373,0.3853221005585614
FENY,,,,,,,,,-0.0852347875408146,-0.23373973227332667,0.27184953027388836,-0.03571295912318506,-0.21325749274238937,0.0678774790335932,-0.3365111624234034,0.5500743176924294,0.5784458565920803,0.04110820544761773,0.05520794146572583,0.06488991085350682
FEOE,,,,,,,,,,,,,,,,,,,,0.42077248698998204
FEP,,,,,,,0.23380921987480474,0.2971993154803514,-0.0888256313170499,0.031156286550692913,0.023625630422947186,0.3573325243924408,-0.1986276145940541,0.2539258667552171,0.0302580781638373,0.14447343811853264,-0.2380231608904595,0.15414475793808013,0.04288451333913401,0.5706603673491892
FESM,,,,,,,,,,,,,,,,,,,0.17177825803200442,0.18420796105380655
FETH,,,,,,,,,,,,,,,,,,,,-0.14719496212881722
FEUS,,,,,,,,,,,,,,,,,-0.19591152845500537,0.2591434643731225,0.23671233100764466,0.15824843379969034
FEUZ,,,,,,,,,,0.032806978093963046,0.08293886714576049,0.36700832497437963,-0.21471078064211868,0.2293207946697049,0.03607957817238283,0.11439058348907039,-0.20447460602821976,0.15515235505547587,0.024644353602711222,0.5938148825004734
FEX,,,-0.3772143215625261,0.3219972551605419,0.1893202147676014,-0.014886968924316735,0.12842431404499233,0.32848706072066913,0.13457224217021024,-0.039199815568569885,0.15745362983065347,0.20593774369735485,-0.10529734890134468,0.26877986923735864,0.13745036181864068,0.2874804813556735,-0.11348513746227162,0.14992138493006202,0.1729272427002757,0.15854542049131237
FEZ,0.2752591241530904,0.19662308689614139,-0.42897469773120733,0.23264406041560837,-0.11004432559999189,-0.17054427366228275,0.18524059252691183,0.24516852009654033,-0.07018833972032656,-0.039149553067071574,0.02839949916838158,0.2454532229727966,-0.1622533769602238,0.26614745246618643,0.036411876438408486,0.139965271509376,-0.15019607317957362,0.2531835752913467,0.050925383002844216,0.39964250194244966
FFDI,,,,,,,,,,,,,,,,,,,,0.2736526925758822
FFEB,,,,,,,,,,,,,,,,0.1672584161197901,-0.07626581635862317,0.201058284003655,0.17188601429806338,0.1415359240705012
FFEM,,,,,,,,,,,,,,,,,,,,0.378680992862497
FFGX,,,,,,,,,,,,,,,,,,,,0.28531245833417507
FFLC,,,,,,,,,,,,,,,,0.25882034596141645,-0.00928544456852709,0.25981949612807287,0.292493369378114,0.18300829058454515
FFLG,,,,,,,,,,,,,,,,,-0.38454303424078673,0.51873479460311,0.34910224150941915,0.19634141328389565
FFLS,,,,,,,,,,,,,,,,,,,0.18397417537942284,0.07239259218916705
FFLV,,,,,,,,,,,,,,,,,,,,0.1698835844449953
FFOG,,,,,,,,,,,,,,,,,,,0.40896266917446944,0.1755611267683881
FFOX,,,,,,,,,,,,,,,,,,,,
FFSM,,,,,,,,,,,,,,,,,-0.1655479315512628,0.1810357086889618,0.15059969976104903,0.1564266396117313
FFTY,,,,,,,,,,,0.1170211420986864,0.3717059831779525,-0.1828400274892914,0.2693715302344401,0.1635486689747045,0.1293458445439843,-0.5075513771070088,0.1370051115546025,0.2180860043239159,0.2279310532592318
FFUT,,,,,,,,,,,,,,,,,,,,
FGD,,,-0.5009214670758693,0.5822365933713485,0.1025625275962676,-0.030383601524086257,0.13599233499413388,0.16384036342445008,-0.0003449840600865395,-0.1018942249812711,0.13122693002341146,0.16870019530720315,-0.13252715838430917,0.20685643115938945,-0.05795326462052297,0.21043888533350485,-0.0794069331840741,0.0825429856738138,0.061370103449192914,0.45148211329220245
FGDL,,,,,,,,,,,,,,,,,,0.12021947726631077,0.2759071747778916,0.6353901992273654
FGM,,,,,,,,0.2696974045771039,-0.10527540573363359,0.019863352866381856,0.04199363985915605,0.4392241510462911,-0.25693980595815813,0.2147524819714388,0.16216693686863204,0.04625149148259622,-0.3060261345799473,0.11420502646121489,0.022271371140796248,0.6575341876331557
FGSI,,,,,,,,,,,,,,,,,,,,
FGSM,,,,,,,,,,,,,,,,,,,,0.22474688271127397
FHDG,,,,,,,,,,,,,,,,,,,,0.10933578963997537
FHEQ,,,,,,,,,,,,,,,,,,,,0.14106300672618244
FHLC,,,,,,,,,0.25826752568675215,0.06804028770611459,-0.017392793854436484,0.21826487733563615,0.0425078573801696,0.23492187679299636,0.18039754500892258,0.2074609308065669,-0.05189857799989106,0.029376804211241225,0.009539198525603032,0.15941632164723418
FIAT,,,,,,,,,,,,,,,,,,,,-0.24175417204270588
FICS,,,,,,,,,,,,,,,,0.19780789292072654,-0.19552371761140952,0.1771589002285101,0.03563072036161774,0.21370675690000662
FID,,,,,,,,,0.005532774534279028,-0.09685037164821164,0.034227982283120406,0.22018512926733447,-0.12440692746721749,0.22362474749572514,-0.07507667349119962,0.1304601204302347,-0.09037731149949613,0.08999091882034782,0.05882683633600361,0.3354197568346573
FIDI,,,,,,,,,,,,,,0.16391482758417286,-0.1262100379627984,0.1670573770158632,-0.07309420230908825,0.15780471518637285,0.005832937979416197,0.3991551859643059
FIDU,,,,,,,,,0.08054686408240208,-0.03240443856195108,0.21880800310584747,0.21333398093270817,-0.14446795408916302,0.3045123406464263,0.11881077272081542,0.23625182670065348,-0.07839447053194049,0.2226191434749223,0.17744516666234889,0.20253486607122584
FINT,,,,,,,,,,,,,,,,,,,,0.2965661595283515
FITE,,,,,,,,,,,,,-0.00944872645766559,0.3391988984536254,0.17922872887117935,0.16696386267946361,-0.17918060089775545,0.2846011042634524,0.23679657230718743,0.28673785094636783
FIVA,,,,,,,,,,,,,,0.2029318624271561,-0.026456938616304715,0.15639109735150303,-0.1208998799413662,0.1958658644936917,0.03336145067332286,0.470252778833014
FIW,,,-0.2797686058065547,0.17811560220999145,0.17585313258377955,-0.06458809297254908,0.23996268575280943,0.27479506118290153,0.01954737528114281,-0.09414378237036847,0.34295411756311345,0.233064209153109,-0.09115554639630097,0.3777977900749683,0.21091742387133672,0.3409712597716008,-0.14543931240504127,0.20407818189741467,0.09210092165278838,0.09163021390553228
FJAN,,,,,,,,,,,,,,,,,-0.03988260576276614,0.21878829434241176,0.15471701951896621,0.12987577170936015
FJP,,,,,,,-0.04405965170207615,0.28249144514924684,-0.00832107664299564,0.05392407975443669,0.04491712896626043,0.2680705828282015,-0.18791847138392026,0.07279110245182041,0.02165341429615819,-0.004777947097094559,-0.12781056522205558,0.23756028551154174,0.06012509124208898,0.34338653576104594
FJUL,,,,,,,,,,,,,,,,0.11595712339606279,-0.06528609969040666,0.21607014718657558,0.18280185265280857,0.14761614200072337
FJUN,,,,,,,,,,,,,,,,0.12260940121962971,-0.05117361068151305,0.22672963231047372,0.17118765258898128,0.11414103219585159
FKU,,,,,,,,0.29136414101438723,-0.04736615111545206,0.06229571311344251,-0.15139378175022056,0.26564794955192306,-0.16735935235310717,0.33779688220362725,-0.06597971764867339,0.18945555126278468,-0.24128073082900037,0.1906836367297644,0.10224526397836331,0.3932510503363269
FLAG,,,,,,,,,,,,,,,,,,,,
FLAO,,,,,,,,,,,,,,,,,,,,0.0375910103075953
FLAU,,,,,,,,,,,,,-0.10171689102895454,0.2427431902035746,0.10365018303282514,0.09509127601009149,-0.05783414023876676,0.14170366767020925,0.025192390091654193,0.165174712931905
FLAX,,,,,,,,,,,,,,0.1792784808031882,0.21992318335044136,-0.04791927631342907,-0.19298189279114264,0.049407311316332914,0.1168469720182641,0.34665956728676695
FLBR,,,,,,,,,,,,,-0.02134667179381311,0.20401037413363898,-0.21594018547674798,-0.1570268818044741,0.13080730488276204,0.43878556816568715,-0.2625287158734657,0.448444353354692
FLCA,,,,,,,,,,,,,-0.16204429271470677,0.2754856485120696,0.06125830027145551,0.2922029590575266,-0.12184513602596858,0.15372148663324836,0.14120358525996224,0.34908938659073097
FLCC,,,,,,,,,,,,,,,,,,,,0.1717726221598852
FLCE,,,,,,,,,,,,,,,,,,,,0.15383280242473107
FLCG,,,,,,,,,,,,,,,,,,,,0.17773868195004705
FLCH,,,,,,,,,,,,,-0.2208555447557734,0.24766251105663017,0.25911188819513775,-0.21119476979769336,-0.22854670833016677,-0.138780993020306,0.20939590143478637,0.3579147092203758
FLCV,,,,,,,,,,,,,,,,,,,,0.15983540244425853
FLEE,,,,,,,,,,,,,-0.15288074329122847,0.25507357620177773,0.043364485946889575,0.15535335594081667,-0.1571088893241931,0.1948958587630778,0.03255242494115729,0.3908704237526137
FLEU,,,,,,,,,,,,,-0.08482717260018258,0.26286780972522017,-0.004927055879746733,0.22224385647906608,-0.10281210656253792,0.13714395595917872,0.03793714549896632,0.4328756782291403
FLGB,,,,,,,,,,,,,-0.11598453569862399,0.23372294967081797,-0.09768391152357514,0.15408198170936127,-0.07056216006948435,0.1388343328588264,0.0997544313519414,0.34260676626198405
FLGR,,,,,,,,,,,,,-0.21655534667339726,0.19991150582708528,0.10245560721872504,0.04575737978823913,-0.22728893204934753,0.22229823733351073,0.11806840679824915,0.3876408891134542
FLIN,,,,,,,,,,,,,,0.05711456235509038,0.12960262205689554,0.23593255706315008,-0.09276215716928904,0.2004691760039452,0.10423690952546538,0.003054385505350865
FLJH,,,,,,,,,,,,,-0.14641887127044284,0.20290161243748206,0.09730919514953551,0.1421425844508717,-0.030707382208543854,0.3600482683230293,0.23237547558228,0.2527307344658425
FLJJ,,,,,,,,,,,,,,,,,,,,0.1129732798098739
FLJP,,,,,,,,,,,,,-0.1443283725637714,0.1850009519884004,0.14657202360789312,0.02316703112908769,-0.16447321354972932,0.19451902096105167,0.07842344218973807,0.2744548566342555
FLKR,,,,,,,,,,,,,-0.21979210931046933,0.1011455538596071,0.4411400275725983,-0.09861427987069604,-0.27677617735160376,0.21217990883205795,-0.18079685192814887,0.9299285105358037
FLLA,,,,,,,,,,,,,,0.14737222406288986,-0.16797328642702003,-0.08393296302491404,0.09589076963548515,0.38528479772420043,-0.25737742617641424,0.5087546361810629
FLMX,,,,,,,,,,,,,-0.13321532951463144,0.09740660963723524,-0.05919452802036784,0.18403466629910503,0.029245826074450587,0.3692037693358996,-0.2763484734662097,0.5091195121280947
FLN,,,,,,,0.15590664641762664,-0.1268934550054085,-0.14053244239096774,-0.2737621117738449,0.42684993100705415,0.1897855253412175,-0.1038707194519104,0.21505017872406418,-0.14226290630237015,-0.06371342902520982,0.038468171637226156,0.36261279884785114,-0.2197010172956233,0.5548178810955018
FLOW,,,,,,,,,,,,,,,,,,,0.12558991118425267,0.1826102435841861
FLQL,,,,,,,,,,,,,-0.026268795717096838,0.2911627900420548,0.10387921472584738,0.2844378701515362,-0.14465811389797378,0.24526289143130997,0.2535188054628712,0.2104010137892509
FLQM,,,,,,,,,,,,,-0.041916279223020214,0.2883971662137277,0.15266384130624044,0.30559351894439857,-0.12001411318899946,0.17688379534454612,0.14766531743304268,0.06621829311829575
FLQS,,,,,,,,,,,,,-0.050816326694320124,0.18393089533976137,0.10468890519963092,0.2857768531123239,-0.17106124906042386,0.21278117818156805,0.09063552321795254,0.06259917346695443
FLRG,,,,,,,,,,,,,,,,0.31270866879084425,-0.10904941211861419,0.18859120255550077,0.23731532281264123,0.14793374611091603
FLSA,,,,,,,,,,,,,,0.07625601112624691,0.028787950512978222,0.3593561564244747,-0.04622163566266213,0.10990341505954149,-0.018281518525778417,-0.08309172250476415
FLSP,,,,,,,,,,,,,,,-0.14542579609526374,0.11520384163653574,0.013025933093914421,0.0471442218271525,0.087848383659489,0.15551988325787103
FLSW,,,,,,,,,,,,,,0.31664077206687935,0.12336196533675459,0.19495708449983473,-0.1837323750702693,0.15270371015620765,-0.011005020690997624,0.3388274896923569
FLTW,,,,,,,,,,,,,-0.09321915848820406,0.3297216817269588,0.2831078266060063,0.2752192187945057,-0.27900900317413324,0.29380097363695046,0.1948959095450553,0.3367517663920343
FMAG,,,,,,,,,,,,,,,,,-0.26439111824574724,0.31650880184299557,0.3008385238609097,0.11443072434289614
FMAR,,,,,,,,,,,,,,,,,-0.055706068206007875,0.2076708595064225,0.14713677246686707,0.10043971868880353
FMAT,,,,,,,,,0.06479777775835172,-0.10034422156027933,0.22756356640014808,0.226202307607563,-0.18833403951029004,0.22829783646817758,0.2073200737811829,0.2879948980742433,-0.11234683410619595,0.13836187010575918,0.008392919413710898,0.14353701028299493
FMAY,,,,,,,,,,,,,,,,0.11385744647818474,-0.08249204189150694,0.18180522599947202,0.1492609590280074,0.13051743409354977
FMCE,,,,,,,,,,,,,,,,,,,,0.1211985945097136
FMCX,,,,,,,,,,,,,,,,,,0.220359025734727,0.20281229318154192,0.12373712506900958
FMDE,,,,,,,,,,,,,,,,,,,0.2225515824549149,0.13284321168768498
FMED,,,,,,,,,,,,,,,,,,,0.02427188926949686,0.0952266291821271
FMET,,,,,,,,,,,,,,,,,,0.4084689906623835,0.09020459898560729,0.2317795249779957
FMF,,,,,,,,,-0.010969274507826365,-0.00464936558509188,-0.040837160937468586,0.023277902199483558,-0.02295781888951043,-0.05319860121334996,0.0524410194674767,0.03471041647074147,0.046745303499440505,-0.003976385714847486,0.07658240171133324,0.04250695453248077
FMKT,,,,,,,,,,,,,,,,,,,,
FMQQ,,,,,,,,,,,,,,,,,-0.542682913583206,0.16042699578082464,0.1413256328098682,0.08974567589759519
FMTL,,,,,,,,,,,,,,,,,,,,
FNCL,,,,,,,,,0.14626603377639058,-0.006430960082690396,0.2645493232201419,0.18989087999925514,-0.1333304533664723,0.30721066249125384,-0.02972623536539587,0.3686754825619831,-0.13260248335951474,0.13717112261242148,0.30296691317285873,0.16210796854665666
FNDA,,,,,,,,,0.08833752140969198,-0.04700854957351164,0.2547085576348167,0.11897378391488167,-0.1286838790896605,0.23735376347039527,0.08331432596987565,0.3285834333268072,-0.15393978062634972,0.2039674591943259,0.09510753697459906,0.09114442719388682
FNDB,,,,,,,,,0.12984145320078766,-0.029432518511171457,0.18365508470199599,0.15906231835570517,-0.08841156350835122,0.2804308833951741,0.08687177337172902,0.3336265287054705,-0.08162825853061739,0.1857759731590911,0.16331878523563503,0.1731904634920336
FNDC,,,,,,,,,-0.03465734484568628,0.05244563738414598,0.1062704142730615,0.28270606148780275,-0.1979688817317251,0.20414683566305603,0.059159991756915886,0.10166415024577069,-0.15141150181723506,0.15037436279235283,0.02793272205848152,0.36994764865765317
FNDE,,,,,,,,,-0.08695394393717204,-0.1928832553379103,0.36198020113932405,0.2468071124518767,-0.11613529581525506,0.1929133803510914,-0.0447184836808342,0.14205652594335816,-0.16389945481807489,0.143513468489598,0.13771142328365205,0.3059058997127926
FNDF,,,,,,,,,-0.04266606476636048,-0.05098986892560042,0.09586188295189246,0.2304797310592941,-0.14913068559012765,0.18461647020345762,0.025851343492064638,0.14270784773887057,-0.08453948972364989,0.19520687336144582,0.030900199525219607,0.4214989223920169
FNDX,,,,,,,,,0.13279872906988155,-0.029929745363836413,0.17288134406803457,0.16229692379789906,-0.08016308089691238,0.28347996185663793,0.08355291751454352,0.3332312800307944,-0.07692971803786541,0.18362712035883622,0.16678995701321564,0.18147454108323702
FNK,,,,,,,0.14536939092174173,0.3413667377181797,0.07211095631395836,-0.12749458021196725,0.27249039182620405,0.10869074252771971,-0.15002757112211806,0.20405672728710322,0.01917787468665355,0.35981306357954534,-0.0758850430412168,0.20799485122229444,0.06749869087780302,0.06897932433648801
FNOV,,,,,,,,,,,,,,,0.11664652836401856,0.11626579570962337,-0.09156005514237797,0.20265917324121951,0.13022921632452356,0.15140112347701273
FNX,,,-0.352811214961281,0.46806209374163954,0.24450369370095149,-0.005923139571214042,0.12662144234234174,0.33719028925089956,0.06782293330162448,-0.07692202661655156,0.2038576429634822,0.16730878553279527,-0.12043014790815287,0.26989813535601304,0.1590044713635963,0.2677354526254856,-0.1384434237050166,0.20871249621709476,0.13032272498985753,0.10847731721564391
FNY,,,,,,,0.10533130392512224,0.334474427811734,0.0660543063696386,-0.00733414683298661,0.11408484654702322,0.2437110468222139,-0.08158088144166231,0.32867734481642774,0.36261801889588496,0.14740904415501754,-0.23738743994012823,0.22919583635950325,0.19636797896409974,0.14796562271686908
FOCT,,,,,,,,,,,,,,,,0.14176127201285182,-0.07896210432494499,0.18134877134758942,0.0995615312039182,0.15543552261486693
FORH,,,,,,,,,,,,,,,,,-0.022910025257801725,-0.0029602712296744604,-0.07531364970549148,0.1651018673680016
FOWF,,,,,,,,,,,,,,,,,,,,0.3099060251937231
FOXY,,,,,,,,,,,,,,,,,,,,
FPA,,,,,,,0.24740761046338333,0.031093698655622726,0.055528697623005385,0.003803262550144737,0.022643118721708877,0.3389429995726392,-0.22563420627318953,0.08592492379903338,0.13316494203424178,0.013305995739053778,-0.14585815729443885,0.13288327857320614,0.056072378974849846,0.4329916660720896
FPAG,,,,,,,,,,,,,,,,,-0.18444033121829795,0.28821583367331693,0.17012375191237705,0.26450949700997284
FPRO,,,,,,,,,,,,,,,,,-0.2423159531877258,0.10600944203792806,0.04781957060411823,0.0465142257657809
FPWR,,,,,,,,,,,,,,,0.1031883346256206,0.13565744475834252,0.05759031887476662,-0.027883227942672173,0.21612349204104375,0.1667162763732064
FPX,,0.1486368151220281,-0.4262003538396021,0.41682232734445446,0.16576232168300042,0.018693519468936826,0.2904252701008687,0.44450325198459173,0.12628881798794223,0.019793363123354224,0.08738366870804071,0.2625951286989716,-0.08918716495728796,0.3060811215015127,0.46861975747920215,0.052684111745641804,-0.34672944576211673,0.2383635171475873,0.286363458020775,0.37704302242266063
FPXE,,,,,,,,,,,,,,0.3455879713397201,0.33981949811558465,0.08312284151424443,-0.35071467923089295,0.1455823682326085,0.19156225712873365,0.24594593853949198
FPXI,,,,,,,,,,-0.05158119821186946,-0.01642509227105471,0.3861306875135566,-0.14864222450885245,0.3435876233483861,0.6905785761306547,-0.16172237041100157,-0.31828844899734454,0.0894009641791873,0.14960773340902844,0.2739825095823527
FQAL,,,,,,,,,,,,0.22289139534638203,-0.04857105502337844,0.2724859406383442,0.15418686556654526,0.33927147160877613,-0.1966917337133749,0.2521087502797821,0.2282889304578557,0.17895171268410515
FRDM,,,,,,,,,,,,,,,0.15008859182019285,0.042683639246209104,-0.15140130452350253,0.24145114878842167,0.037564841110351965,0.6139103460268955
FREL,,,,,,,,,,,0.08088781838216219,0.08568688267787761,-0.040898429882307075,0.3178281330169499,-0.03672950628821625,0.45443801710083487,-0.2628869192002491,0.11564303562848499,0.04109982102999177,0.049061542951771786
FRI,,,-0.3819088550676072,0.3064064669837918,0.2858232226340034,0.06324970844908373,0.1635601436324512,0.005351198863375872,0.299903152645951,0.004773092814054358,0.09164197254718376,0.03500623896619337,-0.039445723821261214,0.2683707901423833,-0.064075696511807,0.47805166338309535,-0.24197723175153163,0.13565691071595554,0.06786445179064815,0.045795566170859114
FRNW,,,,,,,,,,,,,,,,,-0.12480320647129584,-0.1915379343989715,-0.19589074268869333,0.49314347918203927
FRTY,,,,,,,,,,,,,,,,,-0.4224223841322628,0.1620688620157249,0.4061030763857107,0.1244240933602065
FRWD,,,,,,,,,,,,,,,,,,,,
FSCC,,,,,,,,,,,,,,,,,,,,0.15725532125234087
FSCS,,,,,,,,,,,,,-0.1285056801388792,0.2786389576299513,0.05473248235136463,0.2820622732925049,-0.09553745104899647,0.1722151110017529,0.15127294727694185,0.031105171254581343
FSEP,,,,,,,,,,,,,,,,0.1272146523736717,-0.0733664947271736,0.20804563252682629,0.13983534476384984,0.1316998595129839
FSGS,,,,,,,,,,,,,-0.11913035672155947,0.1935561023597432,0.10816420039490593,0.27338097735770117,-0.13658942101636984,0.15375791654839355,0.06372665498683205,0.03428672934560617
FSMD,,,,,,,,,,,,,,,0.08583410723567875,0.27621248554372224,-0.11910716911857921,0.17708692770194356,0.15628327382182694,0.10142698016704066
FSML,,,,,,,,,,,,,,,,,,,,
FSTA,,,,,,,,,0.16896604539693794,0.06352627601316141,0.06656979505910421,0.12279423933130751,-0.07924010990390462,0.2721660558015848,0.11935971427087733,0.18720060666674465,-0.023828441580604376,0.026989954786457382,0.12051029984706063,0.027550592702597188
FSZ,,,,,,,,0.28348262869701024,-0.039910776246049884,0.07132757772938869,0.05585654670094664,0.3136111037679574,-0.15517140198574453,0.26813718130485387,0.12682733067828034,0.1796574966039053,-0.20125177048996612,0.20584092232861284,-0.005560100630144782,0.30554695480312644
FTA,,,-0.3460579708803563,0.3631781039644051,0.1687776776938683,0.002487764587895347,0.15068186575094078,0.3086729437971554,0.12034232709116965,-0.10325878958587309,0.24841028324656067,0.175446651678127,-0.14158389983687936,0.2427199329674814,-0.007972669869470761,0.31427021928382426,-0.039386821969816355,0.0997454148117718,0.0912761797924071,0.15950410277600513
FTAG,,,,,,-0.490187651542607,-0.20601424965938342,-0.18058445125277023,-0.17865537967499812,-0.5747987373919787,0.14112603123271228,0.24441207818008492,-0.20190987582510278,0.09249766419017869,0.1311982541624357,0.17902681950126986,-0.052646890646099176,-0.07409420125687227,-0.06641441847091434,0.14769678196214886
FTBI,,,,,,,,,,,,,,,,,,,,
FTC,,,-0.40015259466131126,0.2659704647822383,0.21866194069077372,-0.038902078263689965,0.09352080773708704,0.3477467511109855,0.15508836677936166,0.0444346219897116,0.044118747806078495,0.24302432779973926,-0.06532973622996086,0.29202203134669436,0.32446066004434626,0.2615398680867953,-0.22268757220168722,0.21815134036267825,0.28368997603676416,0.16644035510181476
FTCE,,,,,,,,,,,,,,,,,,,,0.2696945551334613
FTCS,,0.11607364699873002,-0.3649358519685816,0.35160826922305866,0.12806368096036724,-0.03815665509279487,0.12524929897548187,0.3254494807328361,0.1700051510480225,0.019703420789816795,0.10192760498177633,0.25889236969863516,-0.04595064791969161,0.27078058796177773,0.12197785316807797,0.28709208241654394,-0.09285529715013174,0.08682480490993338,0.10966238068170675,0.07850270143810434
FTDS,,,,,,,,,,,0.14416794206142747,0.19337130669688785,-0.10515546762459227,0.23955717943799004,0.13750977731775493,0.2647531415100497,-0.13311025534016896,0.1227603671131281,0.1099609987280139,0.15101569554182914
FTEC,,,,,,,,,0.19530850129155675,0.054650625853067014,0.1563113267914633,0.3591148004692628,-0.017613421497789106,0.48598381061838514,0.43240574483887717,0.3260712787498441,-0.3017393462395317,0.5473712095785586,0.3296046031417865,0.23251321161984562
FTGC,,,,,,,,,-0.11332230828963097,-0.22332732966337498,0.015928092666755544,0.03335723739232588,-0.13086723705544545,0.06103702027597335,0.01951470930907262,0.2788153317949007,0.17102730121134946,-0.034692329522097,0.10260570322008888,0.15037735516539574
FTGS,,,,,,,,,,,,,,,,,,0.35446823081929146,0.1713877253851419,0.13983270355506305
FTHF,,,,,,,,,,,,,,,,,,,-0.06561926521320116,0.655932416712752
FTHI,,,,,,,,,,0.02394742188375165,0.12908786472591016,0.13586392616038334,-0.101024215832474,0.17866573326400248,-0.07247047932524175,0.13673065022694852,-0.054878987501307264,0.20218992290354154,0.1907101173605048,0.11455543010772984
FTIF,,,,,,,,,,,,,,,,,,,0.0042559893514135805,0.08849285244150762
FTKI,,,,,,,,,,,,,,,,,,,,
FTLS,,,,,,,,,,0.053820489865703536,0.07569059128273126,0.1388438765571105,-0.054179384502208494,0.16323342474834424,0.02133291349646904,0.2029750173279261,-0.052307415097515686,0.1824911540196983,0.19098664402258358,0.09917793389110496
FTQI,,,,,,,,,,0.005097656687750973,0.11295436336212039,0.124957659252938,-0.0993616411668744,0.1442902976536382,-0.06854124691925989,0.09879077243917211,-0.09564277023957579,0.24461008235625892,0.18662072914342942,0.13329939323782325
FTRI,,,,,,-0.3069965041799195,-0.00019659836871299685,-0.27867332955905244,-0.16465505885120557,-0.4629580029480912,0.24019548918462363,0.11186641100349792,-0.09221942604165634,0.21877400497297428,-0.019703535660567817,0.23570015086794283,0.07141326103902701,0.03340871277139601,-0.040380400282098994,0.3286687206175867
FTWO,,,,,,,,,,,,,,,,,,,0.15475342433044625,0.41211422661232544
FTXG,,,,,,,,,,,,0.0514263175587828,-0.12388895219178309,0.24050347098855007,0.06819609382469616,0.14190206258980353,0.06355172800723752,-0.04821156413214445,-0.04218612666790689,-0.05777729528995268
FTXH,,,,,,,,,,,,0.1943981145480529,-0.10713878592213666,0.22136064481236062,0.10961570630859785,0.07388852307451188,0.029857387818190695,-0.015022811234735367,0.0061191723948796906,0.2473276346980231
FTXL,,,,,,,,,,,,0.3250679517501971,-0.16093967011293497,0.596130915963411,0.4371116188143298,0.3597309781802105,-0.34933983808372837,0.5528765142446803,0.11189688149850419,0.49705894524022054
FTXN,,,,,,,,,,,,-0.02288280380032759,-0.2185675849392963,0.00628474509521304,-0.2853131153823891,0.6800190027776147,0.4317678646779688,0.1056440701375565,0.032103871617119584,-0.011875374775134895
FTXO,,,,,,,,,,,,0.13864428394321027,-0.21996853754269552,0.2781962246227141,-0.12992178461646775,0.41024346732522954,-0.20071828732589092,-0.0005976663696518614,0.27898679647659663,0.22952503584983774
FTXR,,,,,,,,,,,,0.15859175294078787,-0.15264852259151163,0.14093944362513855,0.15031637528766728,0.2630410225128037,-0.2600021325977059,0.20602623956413701,0.17675806389562876,0.17746442402798124
FUTY,,,,,,,,,0.28927366159361534,-0.05036804288472885,0.16974244137873495,0.12770161092004417,0.052711121660579785,0.2737699923374026,0.005560980280377548,0.2025823780506284,0.013686906814443178,-0.07482065301402518,0.21589271350088435,0.16425612755084762
FV,,,,,,,,,,0.07017875480427938,0.016669509036057573,0.18433742035289202,-0.09260536827507149,0.2582727806206613,0.26993819316769563,0.2358676620686031,-0.04612767419172237,0.15334643378883261,0.16285476110370278,0.0829585425346242
FVAL,,,,,,,,,,,,0.20998420861627598,-0.08673512775285441,0.29110206787809445,0.08566961622054547,0.32613960672391284,-0.1509958625990715,0.23271282665529225,0.1824548038567657,0.20740727008425908
FVC,,,,,,,,,,,,0.1837006381671764,-0.09640985399959923,0.19081453598218823,0.11723470250493451,0.2370827330701748,-0.06648559223737505,-0.03722099241062027,0.13417811601156493,0.03153144840795141
FVD,0.3656616928278138,-0.04302215889959626,-0.22445997602494905,0.16814631310926997,0.1508149516683741,0.08262345097175605,0.10825485405580815,0.24262325091059056,0.17476186235111624,0.012885969521592822,0.20721845333820088,0.12072336883431012,-0.03338670307492819,0.273708299726938,0.0017572311092723947,0.267031320072008,-0.0478627597069583,0.03828572723745416,0.09667345035367259,0.09435256181766927
FXA,,0.16799986817533896,-0.1480753912617666,0.2944668089550959,0.16051500054455015,0.046051249048977505,0.030209882635655605,-0.13302787810558148,-0.06718402463110751,-0.0871669770194472,0.013162308810422019,0.0886023741862485,-0.09189076699678922,0.00731045556633414,0.10006907970957979,-0.056290333493149936,-0.054220092640818174,0.024373062463529882,-0.06947345314948572,0.09140739641878715
FXB,,0.06903445765285321,-0.23596204180402836,0.11303828376292135,-0.02989342905328296,0.00116955334159341,0.03523594101937477,0.01598907445844011,-0.05536041449082707,-0.041763550586605636,-0.1653248846396499,0.0994719160610833,-0.06425021442183143,0.04977933003231905,0.037048461219121975,-0.007476998008515312,-0.1015006268820563,0.09184401145386212,0.023305171327234975,0.11422344103818394
FXC,,0.2224081245081153,-0.16511658268535123,0.15217425962934228,0.040122344317447434,-0.022894860715260257,0.019247915512548897,-0.07069444474830722,-0.07969953508071537,-0.15214876927801058,0.03372159869305791,0.0676245625596208,-0.08009097384899078,0.05400944301562327,0.01905910835420177,0.007280677422456527,-0.05634228458723778,0.05374921247722453,-0.05359457069150353,0.055934408853064665
FXD,,,-0.4159441139857051,0.5162491264442532,0.3058917136782582,-0.001175000478438104,0.1506288733598673,0.4052412170668589,0.12140744534540082,-0.030908155825093653,0.06782575236275257,0.19033002803019672,-0.12655326430053948,0.232170830223567,0.12651763189741416,0.24981269399550476,-0.2170295052148259,0.23441892175757095,0.11647948296063282,0.08051001738510344
FXE,0.12266889612321741,0.1448774528463097,-0.020405161005884187,0.03323991789002556,-0.0748043812335818,-0.028387661654240892,0.00722985225011219,0.039122761131204165,-0.11806931847049518,-0.09983053548679333,-0.035465190903989474,0.14544744734228154,-0.05783139643244484,-0.019734299525855037,0.08398692775735683,-0.08082744838291833,-0.058810688620575924,0.06365823712707974,-0.03359041338155877,0.15496174637209958
FXED,,,,,,,,,,,,,,,,0.10726490778102038,-0.14843410001338986,0.14813276351560067,0.05896145197649405,0.0509432747038141
FXF,,0.0971503647267451,0.061030396129447384,0.04082293741187715,0.09944131915975918,-0.009985090601470348,0.01415633927811788,0.025396786253010895,-0.09795996760056236,-0.010676548400825547,-0.026181907352704092,0.04241568908720472,-0.022661666857999196,0.01083257872332144,0.08446541076684033,-0.044500256686096806,-0.015706317568185635,0.11030827123382592,-0.06458125323022945,0.14698319753105293
FXG,,,-0.2427629332395479,0.24760442220416,0.1878244043411501,0.13095672645000622,0.09112257195976081,0.3815813774013539,0.22071018562913425,0.06906205928121656,0.05888937989769527,0.07097628699835701,-0.11585429466293562,0.2113618674457105,0.05952898889967062,0.2215931436045493,0.02918457870739677,0.029555228346487716,0.015361784492913477,-0.021414804684640187
FXH,,,-0.2844265634099642,0.4893177408762257,0.17010281834298335,0.046226984169549956,0.19684024617301565,0.44677004371015716,0.25997897286192617,-0.0004959701700461006,-0.035678094090332846,0.20615191450839898,-0.02849446212502893,0.24042419794162684,0.2800475542204648,0.1627646505750544,-0.11080709288248325,-0.040952724201049895,-0.004509588846824175,0.11274472244426303
FXI,0.7918452095557547,0.48174151803750664,-0.4701265366686781,0.3777625057408527,0.014270254853108622,-0.18749145248871024,0.15485821973444103,-0.05413116034405696,0.15205532176662118,-0.1303069126145725,0.044375098544738645,0.3455264437305976,-0.16185136221861096,0.1585043835581177,0.05884089045178542,-0.19838485098535652,-0.20593620049872052,-0.15468593745667258,0.3336485292640261,0.32624141520430383
FXL,,,-0.47252212050971587,0.6037557266865341,0.24416621645907655,-0.12717798795315427,0.07487769698061442,0.33711464018815485,0.1749977724016083,-0.030211451524442157,0.17444408504557396,0.3517652237843003,0.009507668322404017,0.39561234079566354,0.5173399853215765,0.20260292762758025,-0.3011134575449066,0.4065046243472892,0.19052263076622888,0.14474711121082762
FXN,,,-0.5135176948835705,0.4063907235718518,0.22755972092364884,-0.08968891230845666,-0.0019705880856563107,0.26053061171381353,-0.14757652697918278,-0.3291327614072014,0.19358102846816538,-0.0682973085377494,-0.26537882691336057,-0.09049070053651631,-0.19785777605634192,0.5151207275467902,0.42841446634786706,0.06522074331292682,-0.0026987385307519762,0.02086751607063797
FXO,,,-0.37887041244629105,0.3071081464927674,0.18072567759245328,-0.0868272930661963,0.18997703355117435,0.3695322790011728,0.09857691914206157,0.012919833710415496,0.20307375694559426,0.17189133858032601,-0.11404519718522865,0.26073966151709227,0.05732874368781782,0.39517827321542587,-0.096085522819648,0.0909435894932542,0.27246412360824457,0.14882596300067763
FXP,,,-0.5487122488085812,-0.7268879148925234,-0.24987546632912216,0.04006852699095287,-0.3825078372353591,-0.06772420839154836,-0.3504917076844337,-0.005218179900875253,-0.2391596389977938,-0.4844738016827618,0.20635103919655617,-0.30299838985049654,-0.3599226124984578,0.22732783650062593,-0.11901998332233255,0.21446483742903455,-0.5530361158216897,-0.48282389350306143
FXR,,,-0.45677357118216655,0.39196762944726204,0.23528016608915814,-0.07166255427639723,0.13906647050623167,0.42383736479746736,0.09560105728916946,-0.13324521686314572,0.2822800105603054,0.2308000255844167,-0.15720891945916837,0.3299425603999999,0.1150579941051566,0.2761677127173021,-0.16062988016640656,0.26614969944335964,0.17271384372230258,0.09171037824160067
FXU,,,-0.2694835653454052,0.19006906884915598,0.09303861233105137,0.09241681748548514,0.03951649148570979,0.15844697677076125,0.2724465946147627,-0.06867682746635917,0.23046733531422614,0.0001470218817416491,0.05678528192868715,0.125135399080462,0.024449850827256148,0.20507694913033703,0.04457318589868153,-0.016718730807043003,0.20868170361665217,0.2169147710199948
FXY,,,0.20725949545432343,-0.010947214910040914,0.13593953772475054,0.057884726555321064,-0.12011526644973036,-0.17458618612478005,-0.12911529131932808,-0.001115014444054152,0.017760172416031894,0.03994132812219697,0.0191880117728509,-0.0025099967698023473,0.04513766257362284,-0.10978810302866293,-0.1254613062086002,-0.07661006512764923,-0.1024345257509306,0.002561938989470658
FXZ,,,-0.4359532491218937,0.5311852902066172,0.24412224313277608,-0.11554763654881839,0.2193028725031121,0.2323061493710703,-0.002684943684592933,-0.09936287842239544,0.3033103662584664,0.22392162861969322,-0.2444564539008477,0.2108581933107727,0.2332063926411061,0.32163486505353567,-0.006167831581803784,0.16210054091974824,-0.16235152141937537,0.18903370160939548
FYC,,,,,,,0.11515867821793235,0.3984556775534145,0.007944609877064357,0.02602568533951244,0.17535876046787657,0.22143837453550796,-0.06333661770917764,0.1667555669403442,0.32288520149114297,0.228173200294157,-0.26427957661997137,0.15951561314712004,0.25630429100272023,0.24724508410136936
FYEE,,,,,,,,,,,,,,,,,,,,0.16515649570849011
FYLD,,,,,,,,,-0.0883863058033357,-0.075422118154614,0.0894428464072081,0.2900710433103983,-0.1502458480348667,0.1865932614382597,0.029443649409478,0.1766186307031376,-0.0600536461283105,0.1352418009641804,0.0323909189409057,0.3454928441500497
FYT,,,,,,,0.14248215616555715,0.3954469005983421,0.055203917712600026,-0.16194595687140523,0.33124918955843796,0.06220821852275771,-0.15847877296178614,0.23325804647265858,0.10766657816137415,0.31212493607961633,-0.14899293763501376,0.22487521888470874,0.03487270246367813,0.05667877138064226
FYX,,,-0.3332328670258411,0.3444053555400419,0.24452380074170255,-0.024734322932444708,0.1326719017943785,0.39109899912030865,0.026421732478121296,-0.08426936148009023,0.26052291134659367,0.13621833087923885,-0.113163111780343,0.20237310935259067,0.1953076052396696,0.28799239998619575,-0.19118368603742997,0.1862894244327833,0.12886962334683516,0.13989946264941522
GAA,,,,,,,,,,-0.0407797613827142,0.0959849639487111,0.1498980656304356,-0.0743578050206901,0.1516696414020004,0.0834444479870575,0.1109291572949988,-0.0809301405327515,0.0578167177439079,0.0743114553952359,0.190194094951712
GABF,,,,,,,,,,,,,,,,,,0.37775442210796206,0.45327767656658025,0.04595189549303802
GAL,,,,,,,,0.11553707237356048,0.0675999071999085,-0.024167412453022896,0.03980577326835322,0.17991899250581334,-0.08117285101095117,0.18832714392135386,0.08709506517968935,0.12762909289951807,-0.13464519823902732,0.1343689262599983,0.1071031507854805,0.1687060675921348
GAMR,,,,,,,,,,,,0.6017366855713346,-0.1933223825553532,0.1581418425953302,0.7531082888789069,0.1414587328974526,-0.3745412453026343,0.0677808999964439,0.1390648425386873,0.3975698586333267
GAPR,,,,,,,,,,,,,,,,,,,0.14785225449769523,0.06811028461936686
GARP,,,,,,,,,,,,,,,,0.29870185240570923,-0.26949950558089186,0.4418479369972259,0.39764820594940953,0.23052991620474161
GAUG,,,,,,,,,,,,,,,,,,,0.12092904418154715,0.11817088444943402
GAVA,,,,,,,,,,,,,,,,,,,,
GBUG,,,,,,,,,,,,,,,,,,,,
GCAD,,,,,,,,,,,,,,,,,,,0.23427899118872064,0.40598293244887595
GCC,,,,0.18826174783287364,0.22718816080211646,-0.09525243621105883,-0.058765934279768284,-0.1131812468450355,-0.10911909475385562,-0.18485897961555475,0.0522592899803862,-0.005175976315331621,-0.09536080826214866,0.07310106154097085,0.014377016903655893,0.1933262849105144,0.07582777553106035,-0.023294592377188117,0.1577438344732347,0.20600592449222854
GCOW,,,,,,,,,,,,0.20221051957597536,-0.09146318716107615,0.1608523832037836,-0.048231697952058616,0.14220376532714485,0.04654527361223182,0.13164960882989374,0.02919680032019034,0.27956899398962887
GDE,,,,,,,,,,,,,,,,,,0.32958948129097343,0.4675541461463282,0.7585467727462187
GDEC,,,,,,,,,,,,,,,,,,,0.1193495744738633,0.1242217220152142
GDMA,,,,,,,,,,,,,,0.11617402572058322,0.20123977685606853,0.03187621074569269,-0.028247883454610823,0.01658508049609808,0.07812174129668725,0.2599421401850097
GDMN,,,,,,,,,,,,,,,,,-0.13548958638379027,0.0869055528726641,0.2998846547720382,2.264015930823964
GDOC,,,,,,,,,,,,,,,,,-0.16913320099015317,0.052037446425431844,-0.02022875490447673,0.11052113721906753
GDX,,0.21263397170900045,-0.3119416388815832,0.39024541409183877,0.2971012295509925,-0.15126471144822728,-0.12882377207499707,-0.5471671537569067,-0.16019932921742452,-0.2693938576321956,0.4890332494432601,0.0766317878173941,-0.10992479247381481,0.40083613172869614,0.23366501867209077,-0.1537238209605155,-0.06735776678849059,0.06268359573062732,0.1226473856575605,1.4751185963902076
GDXJ,,,,,0.6050228024999551,-0.3409322138745443,-0.21205534204097953,-0.622078829955242,-0.26276175827254555,-0.22478537566369194,0.6781278167759941,0.01492093723887944,-0.13582133117815165,0.3993303373277759,0.2999712481993009,-0.26414905890623375,-0.12658673802317633,0.036046027974656614,0.1781560240667115,1.6275407916905555
GEM,,,,,,,,,,,0.12397845009365405,0.35168172136183284,-0.15639398577281938,0.1724864529409984,0.10729127785813453,-0.007668376177763059,-0.21714702599106228,0.10951376306331495,0.07931468190763225,0.3413835785223507
GEME,,,,,,,,,,,,,,,,,,,,
GEND,,,,,,,,,,,,,,,,,,,,
GENW,,,,,,,,,,,,,,,,,,,,
GENZ,,,,0.3083417082556341,0.3274727214750246,-0.03862272874154571,0.1911929726435504,0.4660970132101838,-0.23990973795413484,-0.12360938086826978,0.12468546052834584,0.40276974368568497,-0.2606939387345567,0.28438718865399704,0.09877864888455368,-0.02811657073846696,-0.13535771502789562,0.10386772972286118,-0.02018451551581768,0.04945140405565662
GEOA,,,,,,,,,,,,,,,,,,,,
GFEB,,,,,,,,,,,,,,,,,,,0.13188669709052747,0.11525057836472707
GFLW,,,,,,,,,,,,,,,,,,,,0.19013700736191086
GGM,,,,,,,,,,,,,,,,,,,0.03927438910857162,0.025329239641110446
GGRW,,,,,,,,,,,,,,,,,-0.4389663280765608,0.42575458384439546,0.44137906483511213,0.18392974252594296
GGTL,,,,,,,,,,,,,,,,,,0.17077685055429948,0.12357855258524997,0.20020770434514823
GHTA,,,,,,,,,,,,,,,,,0.022487822793916923,0.13656323645195978,0.056779921154415325,0.10142206096006978
GIAX,,,,,,,,,,,,,,,,,,,,0.11600929484312306
GII,,,-0.2928737240927405,0.07175864282096178,-0.0022609600468840307,-0.0035367903253643584,0.046881632188816136,0.1495506448655921,0.13809656017819383,-0.11355909448804613,0.14326338194377364,0.18568756077746196,-0.10636134007109743,0.26068383129526507,-0.06403819061626226,0.13925793574518908,-0.01030748470739662,0.08455571187669086,0.14555556326362917,0.2128630532007183
GIND,,,,,,,,,,,,,,,,,,,,
GINX,,,,,,,,,,,,,,,,,,,,0.2645094282710547
GJAN,,,,,,,,,,,,,,,,,,,0.1217529958464032,0.10726367660941749
GJUL,,,,,,,,,,,,,,,,,,,0.14649785617111988,0.1306924423624296
GJUN,,,,,,,,,,,,,,,,,,,0.13636362541696156,0.10275590902012177
GK,,,,,,,,,,,,,,,,,-0.4312564078523259,0.2302868520983472,0.2157454366594529,0.1856907346217617
GKAT,,,,,,,,,,,,,,,,,,,,
GLBL,,,,,,,,,,,,,,,,,,,,
GLCR,,,,,,,,,,,,,,,,,,,,
GLD,0.189947295848522,0.32402056359519427,0.01956158402987751,0.24446240729463176,0.2633879541452555,0.10137685139973951,0.03912266659281283,-0.2883495492452477,-0.03745761160123151,-0.11062414572250323,0.06531248187935379,0.11930841096710076,-0.03116261668660425,0.17777954125035533,0.2390413643043121,-0.062359430719047704,0.007782317735067323,0.11756109492205047,0.269557483919147,0.6253362302359915
GLDM,,,,,,,,,,,,,,0.1800467991701622,0.24196724813492576,-0.06095042706480336,0.010893837931837291,0.1208219136277291,0.2739524608909416,0.6302904491315644
GLIN,,,,,,-0.5708422568517773,0.19840741443884213,-0.31005293113168586,0.4831908871031565,-0.0251714484882527,-0.03737912880433325,0.6165305051252021,-0.3839797304490592,-0.22051129213855225,-0.030239344650827893,0.28354606894851275,-0.222769973159045,0.3517996259297953,0.16169372876703192,-0.07698664291524737
GLL,,,,-0.4628956842806835,-0.43553301041501424,-0.29426435050531485,-0.1639957162089285,0.6782298765439274,-0.0033810296951580776,0.16213508537160215,-0.19405373093296485,-0.22487665128123513,0.07879146859185338,-0.2671808478557314,-0.4067441723397175,0.06635228285343708,-0.05026053457900792,-0.13569319431631366,-0.3368540259553381,-0.6241248340806935
GLOF,,,,,,,,,,,0.07675617214310648,0.2863315082130413,-0.1423560238215199,0.23251108424022582,0.09177333603498106,0.1880408660384736,-0.1706884859279818,0.2259470316628951,0.1845934727769749,0.24397428854081182
GLOW,,,,,,,,,,,,,,,,,,,,0.22282759585351042
GLRY,,,,,,,,,,,,,,,,0.1667547174244175,-0.22897445625030088,0.20616903709952528,0.1667098392270281,0.18048591772540012
GLWG,,,,,,,,,,,,,,,,,,,,
GMAR,,,,,,,,,,,,,,,,,,,0.1225951373754035,0.09388191050799777
GMAY,,,,,,,,,,,,,,,,,,,0.12335937760460625,0.12059950060225266
GMF,,,-0.4780832586550756,0.6384849269628974,0.16743903822794648,-0.20354153240055917,0.1676504209297791,-0.0043150973548218285,0.12456998293358912,-0.08551238464589317,0.08076963007689053,0.40531750483453544,-0.1615478778644044,0.20094841512203998,0.22189697881378678,-0.026081924097148157,-0.1965510298309726,0.06669652649292157,0.1826197293050611,0.22392743096635104
GMMA,,,,,,,,,,,,,,,,,,,,0.09488367543309795
GMMF,,,,,,,,,,,,,,,,,,,,
GMOI,,,,,,,,,,,,,,,,,,,,0.46772656985155825
GMOM,,,,,,,,,,,,,,0.077096775934415,0.0210774176009371,0.1850925522957678,-0.0342414100060292,0.0126291580295296,0.0778408980202201,0.2127859413407231
GMOV,,,,,,,,,,,,,,,,,,,,0.15660071447978496
GNMX,,,,,,,,,,,,,,,,,,,,
GNOV,,,,,,,,,,,,,,,,,,,0.10843522772169623,0.13959345571380055
GNR,,,,,,-0.16363502242555872,0.030066976495691122,-0.02121235651280351,-0.0957451907169603,-0.23955096227216222,0.3242451704451086,0.2087805016585489,-0.14773520200715817,0.16263877690368345,-0.005257324342068159,0.22438061778528073,0.09592848988324487,0.04600581025761019,-0.08240958069216286,0.2847546928986129
GOCT,,,,,,,,,,,,,,,,,,,0.08348309491572903,0.1273169430831005
GOLY,,,,,,,,,,,,,,,,,-0.18164977617679012,0.11491288452854764,0.20618774612557456,0.6006621943806922
GOOP,,,,,,,,,,,,,,,,,,,0.2922802145651189,0.5249082139922436
GPIQ,,,,,,,,,,,,,,,,,,,0.24905260920161143,0.2076861708517237
GPIX,,,,,,,,,,,,,,,,,,,0.2231866692463631,0.17192808942643523
GPT,,,,,,,,,,,,,,,,,,,,0.2487966995367743
GPZ,,,,,,,,,,,,,,,,,,,,
GQGU,,,,,,,,,,,,,,,,,,,,
GQI,,,,,,,,,,,,,,,,,,,0.15914448189773678,0.15698162002880145
GQQQ,,,,,,,,,,,,,,,,,,,,0.1864911428477929
GQRE,,,,,,,,,0.18325481221315165,0.036856902430742355,0.05122038467796264,0.1315703353091302,-0.09230280740448871,0.23525646094845376,-0.0829749701198138,0.34858661565817983,-0.26709898656058884,0.08653317325653909,0.061384825441023416,0.09729071960195634
GRID,,,,,-0.028470511121291286,-0.21527012980014493,0.15165257854444292,0.2198843715303611,0.005234278140487714,-0.04903293358792493,0.2558538021833936,0.2848445308692349,-0.22927439315816123,0.42235953798303205,0.46206016312195164,0.28233620734152476,-0.14070681456764755,0.21640303320954435,0.16508663221469466,0.30887029697489643
GRIN,,,,,,,,,,,,,,,,,,,,
GRNJ,,,,,,,,,,,,,,,,,,,,
GRNY,,,,,,,,,,,,,,,,,,,,0.2561527376029691
GROZ,,,,,,,,,,,,,,,,,,,,0.21403789597554934
GRPM,,,,,,-0.009182932065249227,0.14703708147340255,0.3183486991307307,0.11147669336678412,-0.05197432890515752,0.24006680779648892,0.1236400811363314,-0.1316834599772888,0.22868527961847596,0.1530075484193789,0.27900589012588983,-0.12248064111200296,0.1910663622360207,0.15969099885831328,0.08662899154224712
GRPZ,,,,,,,,,,,,,,,,,,,,0.05130232962069092
GSC,,,,,,,,,,,,,,,,,,,0.14972187939309411,0.07912958520367375
GSEE,,,,,,,,,,,,,,,,-0.03122344848901204,-0.19988768328574258,0.09852769026434505,0.06315281672410111,0.3287460815215937
GSEP,,,,,,,,,,,,,,,,,,,0.11202794861962384,0.10856604506951162
GSEU,,,,,,,,,,,,0.27219895707139474,-0.14290799416150557,0.2534859433330696,0.048955888182042884,0.1589333815745153,-0.1825989311197913,0.19672204547442185,0.03210046083231921,0.37144985224821925
GSEW,,,,,,,,,,,,,-0.08491450662519251,0.306681080929851,0.15640011551762334,0.27411301442153224,-0.17403576647258245,0.18225069729652765,0.1729194310763429,0.1316872015790529
GSG,,0.3734374891345704,-0.47658249743471026,0.07463691451934817,0.042813384664147414,-0.0396039779938403,-0.04010535532799642,-0.021283088352983204,-0.3118622607238485,-0.329406220419579,0.10977338550265081,0.05577176433829534,-0.14355529999959216,0.1504612426491272,-0.2430939698748995,0.397875892998363,0.23573918306860642,-0.025267272093848936,0.09672544279073647,0.05957250930320357
GSGO,,,,,,,,,,,,,,,,,,,,
GSIE,,,,,,,,,,,0.038163631964716505,0.26010703382312905,-0.13835154340551814,0.22832347606465642,0.06645529365776914,0.12501616718800257,-0.16147592623704154,0.16458558620458552,0.062350501927026514,0.33580043163717166
GSJY,,,,,,,,,,,,0.24832431500898444,-0.11850953883443727,0.17552028379695184,0.12328881314902351,0.013414529075037152,-0.1615471050001236,0.18941144303473645,0.09800784891810577,0.26725363043271444
GSPY,,,,,,,,,,,,,,,,0.2920619773080779,-0.17417716218131296,0.26366188474035646,0.242261579388229,0.19273382075566303
GSUI,,,,,,,,,,,,,,,,,,,,
GSUS,,,,,,,,,,,,,,,,0.29003866033116443,-0.20204053122558707,0.28207813910818036,0.2615217710886646,0.19287119227279947
GSWO,,,,,,,,,,,,,,,,,,0.16404330498683017,0.15969606144512194,0.19605439943514713
GTEK,,,,,,,,,,,,,,,,,-0.4652733233397497,0.32802064134571185,0.1927208574007817,0.24802734163575502
GTOP,,,,,,,,,,,,,,,,,,,,
GTPE,,,,,,,,,,,,,,,,,,,,
GTR,,,,,,,,,,,,,,,,,-0.1956246145093481,0.12311882817193864,0.08931366659323658,0.14085987333910754
GUNR,,,,,,,0.04448653515991019,-0.036045542049181534,-0.07451715353076394,-0.2446302010261674,0.32109736301353076,0.17388769625210498,-0.11095656708305501,0.1821096125677646,0.00043685084272704344,0.23737181710724076,0.14139069200726984,-0.00804891412245945,-0.08481717958340684,0.29813863726235157
GUSA,,,,,,,,,,,,,,,,,,0.269952706808698,0.25285612119146395,0.18599485379300984
GUSE,,,,,,,,,,,,,,,,,,,,
GVAL,,,,,,,,,,-0.1009640521151792,0.1533631467199934,0.2504883820661647,-0.1741449231595396,0.1547847998666891,-0.0987142253195818,0.1003305698465215,-0.0877670455213552,0.1435532869902696,0.0364454931130098,0.576727968555802
GVIP,,,,,,,,,,,,0.246736806566195,-0.08034164018094536,0.2964324460401946,0.42484602463944277,0.135682504716941,-0.3234611249891325,0.40112874769249096,0.3142706779964759,0.2515317731774498
GVLE,,,,,,,,,,,,,,,,,,,,
GVLU,,,,,,,,,,,,,,,,,,0.19011919838463198,0.10989665295604234,0.12181514271692917
GWX,,,-0.44413732855972765,0.35691981721615096,0.21762186154710017,-0.16335292973935345,0.13122603379113862,0.1965614775140534,-0.06436030197643139,0.0585735403542631,0.08215600906917664,0.27911010580369644,-0.19938087650044745,0.17925684711631873,0.12625778781655983,0.10034863409502615,-0.20293173746352378,0.10976271496598389,0.015048626178643554,0.36016313386556886
GXC,,,-0.4820028592373018,0.5080430500852131,0.046345403485085646,-0.18044976012378566,0.180660903837786,0.04846176036004901,0.06923935211271681,-0.05276739980138023,0.039695649259775756,0.5044528042049672,-0.22344022379076023,0.2379617747283227,0.24399349255926062,-0.20190318132812557,-0.22440099032174976,-0.12775655631424865,0.17355518293186556,0.3437181743558535
GXUS,,,,,,,,,,,,,,,,,,,0.058244970907216365,0.3229134892437606
GYLD,,,,,,,0.086315605582578,0.0672579254732139,-0.024744199181852,-0.2272814343837549,0.1587775944013414,0.0388074925816024,-0.1162906121784298,0.136799533142423,-0.1188157475796942,0.1902495493533003,-0.0845932157046673,0.0967897010939053,0.0267989813529458,0.189351042307321
HAIL,,,,,,,,,,,,,-0.20643285982366066,0.2915323676472126,0.8093685142378346,0.028296840561176317,-0.4709816356470311,0.1019592253103816,-0.04329836325717973,0.19695770856313577
HAKY,,,,,,,,,,,,,,,,,,,,
HAP,,,,0.38060658417431825,0.13268795201872963,-0.12314628195081923,0.051281584702095095,0.0462507324728072,-0.06349034356757843,-0.1986126013480951,0.2597121127648514,0.1579340300792471,-0.11701318755757939,0.18468044804079975,0.05705915637610359,0.23972597965040898,0.0687281103315236,0.039119332904150594,-0.03944286766532967,0.3480783126311806
HARD,,,,,,,,,,,,,,,,,,,0.2068646495387041,0.14901095678070742
HAUS,,,,,,,,,,,,,,,,,,0.1362229354704354,0.15145636557815334,0.005693278094449861
HAWX,,,,,,,,,,,0.0930015274687419,0.17512033089800827,-0.10068325413604617,0.2253257755023308,0.05445185701591915,0.12765481372576426,-0.09257920469572067,0.1551758184841232,0.15362836726016482,0.264870265336161
HBMX,,,,,,,,,,,,,,,,,,,,
HBTC,,,,,,,,,,,,,,,,,,,,
HDG,,,,,,,0.023896205504122303,0.03344098387195826,0.020511535993733343,-0.00047487769377818623,0.028756379363903406,0.05320625220463793,-0.047828202601050696,0.09825034039084213,0.07090736260189612,0.034697291096570826,-0.08658324468109224,0.06746125830782801,0.05486974537020006,0.06989509888716272
HDGE,,,,,,,-0.2575020251749966,-0.2859541432734493,-0.111197425562758,-0.0627179350141187,-0.1521538858511631,-0.1478261179064347,0.087742018818874,-0.360470349730043,-0.4336447935266158,-0.1993505693012611,0.1758690129103726,-0.276366475601227,-0.0858140304097826,0.0087030013050883
HDMV,,,,,,,,,,,,0.2736062619149715,-0.0815944471506036,0.15267334063589133,-0.09817679843807903,0.06528821459325296,-0.11718334812694509,0.09209861416746623,0.037396981395329654,0.30211547573420305
HDV,,,,,,,0.09728539123143576,0.20596433581628015,0.1375277035031599,-0.004022095648962831,0.16945962692311256,0.12669210780595352,-0.03195274841144413,0.20379023833395915,-0.0669082253466875,0.20288887906748587,0.06835622179777667,0.02335467179895412,0.12416831415900509,0.12455976455042506
HECO,,,,,,,,,,,,,,,,,,,,0.24153704529258757
HEDJ,,,,,,-0.10334555529538869,0.18650563523648644,0.1906595212706017,0.06721394679254566,0.05171560779118334,0.11292399024977628,0.12120833339287618,-0.09187465939481954,0.27090328883529136,-0.049613631979210315,0.2227348458784102,-0.11372538906344198,0.23162111141280373,0.05599241989418924,0.23674115571277765
HEEM,,,,,,,,,,-0.09206199150288563,0.11006444258609172,0.2604370731423593,-0.12668979303599115,0.17913352283225348,0.15368584455690448,-0.02735280959997788,-0.17407962946430566,0.0826722940616047,0.13000387800702184,0.34826926164879235
HEFA,,,,,,,,,,0.03930524290408832,0.07709007715175376,0.15171019415449982,-0.09605324735776954,0.24319185222960105,0.007416652849817629,0.19085766145415972,-0.05928092485757386,0.18268798777140094,0.13781740801742703,0.2468746767518164
HEGD,,,,,,,,,,,,,,,,0.18111256543422893,-0.11110565952703455,0.14462068108121873,0.15591854659416282,0.13484665635774995
HELX,,,,,,,,,,,,,,,,0.09598840764610084,-0.36306552588913243,0.020086958506179364,-0.06340289787648734,0.25742819917772986
HEQQ,,,,,,,,,,,,,,,,,,,,
HEQT,,,,,,,,,,,,,,,,,-0.08513485556308575,0.1676180268413039,0.18251431646536154,0.10522886400179043
HERO,,,,,,,,,,,,,,,0.8712601473422441,-0.0857750244065012,-0.33932178622082776,0.07219564229706243,0.2021618938873475,0.2946482206500929
HEWJ,,,,,,,,,,0.08275080316589234,0.012781137739519055,0.1953657229996726,-0.14881970696138858,0.20789036997632948,0.09131045562497775,0.14421087088035667,-0.04612745007623831,0.35848585695863866,0.2511893209122884,0.30362461806542274
HEZU,,,,,,,,,,0.06912226700860913,0.07981281885024294,0.12691566359032636,-0.10385602723648513,0.28783187073125416,-0.011272134274728174,0.22370238415885413,-0.11028300494869858,0.19621728727320709,0.11249980900210654,0.26331597398245354
HIDE,,,,,,,,,,,,,,,,,,0.0287227949908919,-0.0100338531074078,0.0603533840902539
HIPS,,,,,,,,,,-0.17374065257249205,0.22243260803058074,0.052632086406740664,-0.10328627295769244,0.23157422558580487,-0.11386500772546149,0.2453345596586094,-0.1306070276789817,0.14900939960490844,0.14266275777137993,0.009795952575605282
HLAL,,,,,,,,,,,,,,,0.23535275524489307,0.2998878538272223,-0.18372070044543287,0.31621513908106147,0.17971094669131782,0.20087893824800118
HNDL,,,,,,,,,,,,,,0.17022746748748574,0.12222040380551147,0.09796959827000618,-0.19191105099623262,0.12368111640578583,0.11148230479281995,0.1125215225573577
HODL,,,,,,,,,,,,,,,,,,,,-0.09816729790411083
HOLA,,,,,,,,,,,,,,,,,,,,
HSCZ,,,,,,,,,,,0.08945002891828424,0.2302163607467289,-0.1396116025480192,0.26960198533773916,0.05224809547180209,0.1758978523840704,-0.12170190519065383,0.15699109603859052,0.13379970055264567,0.2616916467088686
HSMV,,,,,,,,,,,,,,,,0.2506639568861404,-0.0950091740311052,0.048781112100163115,0.1329260136508421,0.030064131335688637
HUSV,,,,,,,,,,,,0.15777598880965593,-0.01518930675826402,0.2858205613760396,0.05391558990505696,0.2767303609434293,-0.053888000389518353,0.034969352886726535,0.12387342146809233,0.0612164297823492
HUTG,,,,,,,,,,,,,,,,,,,,
HVAC,,,,,,,,,,,,,,,,,,,,
HYP,,,,,,,,,,,,,,,,,,,,
HYTI,,,,,,,,,,,,,,,,,,,,
IAI,,-0.05347616674594302,-0.5923008748546685,0.39552935468932615,0.02584052467771536,-0.2808126037961618,0.13274144590383719,0.6182368811712393,0.12339178003128515,-0.009570241496836496,0.24624103919179552,0.27804425473502437,-0.09444203759716263,0.23336822842653593,0.17174701854939123,0.41158809944871577,-0.11765221287253191,0.14781988319176564,0.35516923556770963,0.2675707661251314
IAK,,-0.07800029102677797,-0.5001509860830509,0.1264968810219036,0.18034331290626016,-0.09122282751049138,0.16143731361750913,0.4170636645538057,0.08919538730386356,0.04292172764274049,0.2147576876906443,0.13967251429813454,-0.10374912314868823,0.2631214869387146,-0.03607868738472575,0.29784098520222635,0.11414477040683257,0.11298067424685909,0.26847379214416245,0.10979003781627661
IAPR,,,,,,,,,,,,,,,,,-0.07723200521589435,0.07342512637875975,0.0469803903617112,0.15823019502371527
IAT,,-0.25740690602067917,-0.3182655373939809,-0.11002443796910322,0.18922806798539282,-0.13895538108801042,0.15228361859485262,0.33195394302780024,0.0893288591955006,0.024108742246695458,0.35800468036870847,0.10251230595260252,-0.1780509759937886,0.2898555282471622,-0.07872864063459761,0.3972529027049332,-0.22283234686533349,-0.086210023420214,0.2304421221794557,0.14896277578673778
IAU,0.18868627915217084,0.3234349695532204,0.020850517033236038,0.24342793060741164,0.2649011933035037,0.1020260404159179,0.04092073716583977,-0.28780484287459307,-0.037037081634600955,-0.1104348224142323,0.06743736045737414,0.12096777777132117,-0.029992116192004814,0.17886177033739514,0.240930840986064,-0.06172499177937851,0.009632278085877077,0.11897928853492123,0.27144324775538764,0.6280135748198659
IAUG,,,,,,,,,,,,,,,,,,,,0.1828890762646207
IAUI,,,,,,,,,,,,,,,,,,,,
IAUM,,,,,,,,,,,,,,,,,0.010543763700467945,0.12139354601844365,0.2734793697265985,0.631975793070801
IBAT,,,,,,,,,,,,,,,,,,,,0.3310221598911194
IBB,-0.008150782539165125,0.04676622622270443,-0.11831251544441967,0.13542402177764412,0.13156282455143753,0.10684278006733172,0.30912516376989907,0.6039722174119742,0.338138149167055,0.10470468486185935,-0.18662248978361629,0.18898402192315333,-0.11658659281393813,0.24042064179567868,0.2666513650482347,0.016209207763091094,-0.13548586060083134,0.04756520673588338,-0.03980060388626261,0.27396719149492066
IBIT,,,,,,,,,,,,,,,,,,,,-0.10005413053457501
IBLC,,,,,,,,,,,,,,,,,,2.0184596847486014,0.22605413178759748,0.2537730118545549
IBOT,,,,,,,,,,,,,,,,,,,0.0930957341300147,0.29977638369823345
IBRN,,,,,,,,,,,,,,,,,,0.028270717775943144,-0.015812945103373166,0.246466169898915
IBUF,,,,,,,,,,,,,,,,,,,,0.139852263534185
IBUY,,,,,,,,,,,,0.4912089773032462,-0.0369925589215563,0.2808933057725273,1.1984615325927734,-0.2212984007018017,-0.5641139965490742,0.36331390192778,0.2309596527492439,0.1544889818318509
ICF,0.35837576104413027,-0.18493922390660988,-0.406034395230889,0.27956164461502797,0.30144767198211553,0.08059078513866491,0.14409443612801187,-0.028013710843342587,0.34245825650831563,0.043740640308294276,0.0616700899331053,0.047652340716968666,-0.020173563221215107,0.28696040295636926,-0.041416208497543905,0.49242175980749936,-0.2537692668627044,0.10219851246770273,0.04150898182953666,0.03766691846888337
ICLN,,,,-0.00121156956125279,-0.29173025617079196,-0.44779772113287064,-0.14967528887845372,0.4447746733602582,-0.06058044401333318,0.030602069290657896,-0.1612721562241678,0.20093796933320163,-0.10379496060689586,0.4332386441338272,1.3818009693279474,-0.2534795225576465,-0.06183398265553919,-0.19510424498946455,-0.24847020629478755,0.4443401952267403
ICOP,,,,,,,,,,,,,,,,,,,0.0186163403212789,0.7752851647356298
ICOW,,,,,,,,,,,,,-0.16687798678318255,0.1613461091391426,0.062205716360156815,0.1042562639528446,-0.08642781495324436,0.19423636821603818,-0.02186094606681055,0.3761690261442696
IDEC,,,,,,,,,,,,,,,,,,,0.03235356429888836,0.22058817394961694
IDEF,,,,,,,,,,,,,,,,,,,,
IDEV,,,,,,,,,,,,,-0.14529938256224129,0.2342874212480781,0.07508071066390132,0.12485082303625283,-0.15536483825586866,0.166324397454801,0.057369695120755404,0.3354785134940743
IDGT,0.01806952815349816,0.0529379324420014,-0.49236963497767794,0.554138580228257,0.22263814073720845,-0.19783483846235772,0.035620944195293935,0.10923711014918602,0.17099885025294692,0.009026861644850559,0.2086863531418781,0.11549339295347139,-0.02453122268588026,0.1704181629703112,0.0770355355167931,0.4399908323031505,-0.1790548081182035,-0.0644855123965633,0.26967760408844454,0.07815064875606503
IDHQ,,,-0.5070961593614354,0.40256267610071395,0.10460482146217376,-0.16771405004848294,0.1768687069353101,0.13376089336847308,-0.008678937505695261,0.08515448414405147,0.0001766560387914673,0.2856436629633654,-0.13216336687470098,0.29036196662953695,0.1393080355245826,0.09846201214587391,-0.20209435981816826,0.18865685332349869,0.02545770295735461,0.2846758427739804
IDLV,,,,,,,,0.13820072240029901,0.023667543073705888,-0.0350147067818426,0.05235104959246262,0.21625331733132414,-0.08563518616192833,0.2068672914315366,-0.10673992514701258,0.08886266993478853,-0.12096661750450444,0.09095538142321424,0.02931707803186856,0.28708585135693565
IDMO,,,,,,,,0.18593485736429138,-0.04537216140639255,-0.11692945063369586,0.023849725456243087,0.29220370243673766,-0.16033560991406504,0.25350610577701427,0.20941814137477843,0.12634799622797188,-0.12196208596641589,0.20765816864044795,0.140137757774222,0.4299883726928686
IDNA,,,,,,,,,,,,,,,0.5563160285591822,-0.04542656641143561,-0.42368192215199585,-0.07265558257108562,-0.02339097534981982,0.16323229708356335
IDRV,,,,,,,,,,,,,,,0.5687850482952757,0.2637260149768137,-0.3773523788348363,0.07831718193655446,-0.13730460376435505,0.34865133813517035
IDU,0.18565825600733876,0.16307719198630966,-0.2956386431033492,0.10116086312006578,0.06818681875201604,0.18026858211188723,0.027679210666648135,0.12696112117056058,0.29372073029565615,-0.05501118588618703,0.16860549283298654,0.12295343147039373,0.04738861812438122,0.266490422361368,0.00180654834905436,0.1976825941770024,0.01262366416265115,-0.04979682204380709,0.21903178215798413,0.1545330405223586
IDUB,,,,,,,,,,,,,,,,,-0.2014577915388804,0.0845457202871327,0.0665494186885782,0.2885201407429876
IDV,,,-0.5197383112924228,0.5777550552958701,0.08575245698782696,-0.07573201572329225,0.16328573759467546,0.1731369198499979,-0.04466402329994512,-0.1047312670678876,0.09198492751837994,0.1862596859296921,-0.11206987699752036,0.23856481450015132,-0.06852011449114526,0.10645334021111341,-0.070834455029957,0.1011624148594128,0.0433190492954294,0.5305975051088219
IDX,,,,,0.3538457813532423,-0.017852322794103315,0.001962449685368517,-0.24407192147767787,0.2091449003823802,-0.2092200230807535,0.18735164480570932,0.18519215836823655,-0.11210015880138535,0.04448249977025687,-0.08979293496141738,-0.042650958106481895,-0.10964213789464194,0.018028415008995546,-0.09962631068322114,0.11741503187730085
IEDI,,,,,,,,,,,,,,0.30404893221477947,0.2902983460482309,0.22680758409351198,-0.23540826227258738,0.24013427540674392,0.23089130984691186,0.04737451351278721
IEFA,,,,,,,,0.20559575377804062,-0.04564082915943923,0.009381533407700537,0.030965921542683406,0.25816750304292957,-0.14763714705069175,0.2309187624321971,0.07046496178958783,0.10991378999358403,-0.15715992217779928,0.16946152551353522,0.044053363664843914,0.3296846973669749
IEMG,,,,,,,,-0.047107033122213204,0.0008834496223186772,-0.13494053290262875,0.13154925354290947,0.3590438665507245,-0.16535564231257405,0.17538945733268685,0.1547921402429826,-0.014328967025722616,-0.2044495649266047,0.1064798022731015,0.07839802776412985,0.33128128587411454
IEO,,0.4483397885641007,-0.42942175424118345,0.332444152018899,0.14291874720706566,-0.04140930236587459,0.008057072752226446,0.28275720889789535,-0.10775773146662648,-0.25068999701705563,0.25130849206824646,-0.013153611382552444,-0.20743239215725662,0.06880032629225541,-0.3297698278316088,0.7541973416908574,0.5321186701077378,0.08959824220854729,-0.024433279898229743,0.013341827328276379
IETC,,,,,,,,,,,,,,0.4187541262107124,0.43985782472184165,0.3192634693583547,-0.3313768607769174,0.5396252506896226,0.4036462790281159,0.20767685875559638
IEUR,,,,,,,,,,-0.003785789189113431,0.010659282662179859,0.2611443910180018,-0.15533899636364779,0.2565374948404717,0.045347437313763006,0.15319102933219697,-0.1664535667104763,0.18411905858616362,0.02652862718592064,0.3664354061216062
IEUS,,,-0.47767749493434075,0.40877417869074817,0.16637766252522113,-0.1948110986588789,0.18867794611892008,0.2470715682831135,-0.0314407917401075,0.10996160671027044,0.0001049390830918373,0.34920151922045095,-0.20949733579714325,0.2983438446045048,0.12062173550186261,0.14088937154222592,-0.2761207290394636,0.1586260116044793,0.004428186078866858,0.33283328118181
IEV,0.282761237871783,0.11259613570996385,-0.4321699594157612,0.27552644851119035,0.00968516265789332,-0.12044567350055713,0.1689080301915351,0.22377391454653606,-0.051560202533195376,-0.028127747014746962,0.012888850812434516,0.2454740770782744,-0.1525194799983992,0.24699998961792313,0.032614990308581504,0.1549915198690579,-0.15007597139278084,0.1838789857837566,0.02528016015222012,0.3666048484722433
IEZ,,0.4924303454984875,-0.5948364322459088,0.5293524483610592,0.2706584712813689,-0.07615036568430056,-0.04047577279374126,0.24450538777531605,-0.20725929805777987,-0.27279359403652437,0.2697675388462055,-0.1980747776893742,-0.43446051497981053,-0.006636462761943962,-0.4302770015200348,0.14548711618796606,0.5582086450248902,0.09598302631444211,-0.07430538769530859,0.0650199252416086
IFEB,,,,,,,,,,,,,,,,,,,,0.20007924169836633
IFGL,,,-0.5189674974906981,0.35283047520198063,0.12240966289179744,-0.1719400659639878,0.3588076452575606,0.030687373848730104,0.026696636389799133,-0.041200297685699105,0.025185290114011938,0.20004277714526908,-0.06884465450330013,0.2154987587319026,-0.07771185165281902,0.09340170984814455,-0.24154747468413662,0.043590243384523886,-0.05999812469886712,0.24868343944366278
IFLO,,,,,,,,,,,,,,,,,,,,
IFRA,,,,,,,,,,,,,,0.2683616513664908,0.08224649764601821,0.3218928931913454,-0.03139479245670762,0.13477426105353008,0.1716214665125544,0.1711393872672835
IFV,,,,,,,,,,0.004355695530039672,-0.015689439363725133,0.3059175645094989,-0.21772446862326922,0.24438263537268434,0.04587142279654044,0.04373873582054211,-0.256806817792295,0.22644965216680468,0.010077866414642367,0.32096713795165943
IGE,0.11902488432577729,0.38511676011104456,-0.4374132338749399,0.3065333561295518,0.19383721053505165,-0.08290073983028301,-0.011743992627019528,0.13436218646017806,-0.09164341106216378,-0.2489397706418749,0.30264127305117317,-0.005063435516886594,-0.2302392881660642,0.1528878421836135,-0.1976039809144855,0.3799495651414495,0.3111022555577583,0.062013498220206076,0.0707326429072892,0.19798874437432845
IGF,,,-0.40363432322709003,0.17017145849272675,0.03744553166221287,-0.01822291388107866,0.1063331885427019,0.1163747578673271,0.12989660591097518,-0.12242664578513807,0.12893386475080915,0.18854182558172616,-0.10465545003869814,0.2563230074446148,-0.06320921881784147,0.12398318125291619,-0.017510877858593954,0.061629618443853396,0.14958639221053605,0.21090481649861736
IGLD,,,,,,,,,,,,,,,,,-0.013323145563595262,0.07199067616278532,0.1887296300345509,0.4730620824622782
IGM,0.06515504718254683,0.15955228134159016,-0.42389059381370187,0.5600272690262014,0.1040606696524482,-0.02457770493739242,0.12927460113217415,0.3012785784470944,0.15907246316132184,0.09708415597632603,0.1543602094668286,0.36209885562723554,0.008766102891296645,0.40830717538051986,0.4236703213819848,0.27736947669874534,-0.36374629592654173,0.6108676735709293,0.40708068455326685,0.2779717117273208
IGPT,0.08833546830049444,0.042619710363516417,-0.3205718037899715,0.5142019200556514,0.17403564955743422,-0.07385464136267472,0.1568629004067037,0.29369626474199473,0.11453006930811349,0.07845345031694007,0.1505298691524699,0.33684209978740887,0.15432680329866688,0.35797188600599505,0.5310804522907804,-0.10157325319235122,-0.2694872980760382,0.27988943864084326,0.2070989528720082,0.3216299479144429
IGRO,,,,,,,,,,,,0.2427323322423296,-0.13788726422729336,0.26099894563939374,0.0664526367415137,0.09180713132035367,-0.12779699074132933,0.14701319532009816,0.08941208052388472,0.2522135932369052
IGV,0.09347548693492502,0.1564317960157846,-0.37275423496545423,0.41643984038280557,0.22653759177845023,-0.08466189209630492,0.1596060233014165,0.26837323453748807,0.1413241526393707,0.1271480500048603,0.08065725946389724,0.4066956349333428,0.11203211888505149,0.35031012352445523,0.5014765398007186,0.14540439523671655,-0.34908074019955515,0.5823015147824848,0.2693663601882117,0.07086371450770956
IHAK,,,,,,,,,,,,,,,0.48983231986789155,0.13095845548805074,-0.2549511420472972,0.3760719939614918,0.1032116200606441,-0.0010437684609543307
IHDG,,,,,,,,,,0.11725545131784565,0.032043282224012204,0.2114469641427159,-0.11935435779197456,0.33132778403428165,0.09486204053786662,0.18421139186626934,-0.12205828823161258,0.1752462199102549,0.06527792080706218,0.13758610690222173
IHE,,0.018481108635711285,-0.13943214113063362,0.28231016911222495,0.10979097714209418,0.19913812706669587,0.1271452526778014,0.3826779573880157,0.30787676172179523,0.08420573644167972,-0.09628599533313986,0.08869600570439573,-0.08886097308171248,0.15218679533042856,0.13335549820104942,0.1384914787690743,-0.04090763197540004,0.010392986807554072,0.06774175281247752,0.3305252540926371
IHF,,0.192925957476076,-0.4311855113945334,0.33095121019227003,0.08705399921548662,0.07403063218766825,0.1614280959868628,0.3471273262675776,0.28057068721538836,0.054333759649314306,0.0166747411219339,0.24947258733134037,0.08552726357421525,0.238812581802196,0.18328262784428295,0.24184209158657888,-0.06846159107427652,0.0062013902955466715,-0.09531653593622236,0.018669829544778915
IHI,,0.19377667059470038,-0.36067699796169905,0.35040928175409225,0.10307049464287399,-0.013640864140709863,0.13878424378430698,0.3483982808253374,0.23777860869123724,0.09782468546751844,0.12188380464533921,0.3037320089983646,0.13644141305964164,0.36388236780160654,0.23567340248697688,0.22154902907112284,-0.1925615396659739,0.03139631296484979,0.09306931660869,0.07832775202890385
IJAN,,,,,,,,,,,,,,,0.034929955290380565,0.06449105913647801,-0.025182501593575934,0.13521278154313343,0.0059235077646546674,0.1942569044845408
IJH,0.0800100307259124,0.06592416441857707,-0.35765738947927206,0.3421479068173232,0.24624332152440664,-0.03264678472243454,0.16540285526435738,0.2975254601474091,0.1092048017875924,-0.02198345640292998,0.22307803583275887,0.15635484999853944,-0.12023370021766755,0.2650665078593637,0.13427186064526042,0.2666126885239901,-0.13384256645927994,0.16962205151844012,0.14289769423404142,0.0884096422363212
IJJ,0.1252806701053839,0.01551276623453357,-0.34456697761210675,0.315112695058994,0.2061747855880316,-0.03942714501150191,0.1668483796984468,0.3057478077158078,0.12920752532609647,-0.06579398775351153,0.27504609546826897,0.11188022091240324,-0.12882085003441657,0.254027135319036,0.03698603692934932,0.3274368605784823,-0.07759695188455606,0.15431255715634795,0.11592748648923457,0.0896277685355511
IJK,0.04117432523660258,0.12518209140855374,-0.36836492378772145,0.37159633385958113,0.2848378409337837,-0.02542520748009458,0.16299425219860741,0.28910692941730587,0.08563636397272911,0.017712431377291615,0.16571398491299205,0.19220808263815936,-0.11466550593708202,0.27094735086068855,0.2193842161224575,0.2034743469364726,-0.18965983998225644,0.18328239470655516,0.16504097569868215,0.08336855590716596
IJR,0.13091447675170098,-0.0034753979521403577,-0.308449778520542,0.2380482728290072,0.2356166934398769,-0.010301123019391789,0.14461290913327884,0.3743908108217091,0.07123872419605615,-0.013562928219591819,0.2962017947172111,0.12515818138453993,-0.0919549950391021,0.22252192622203038,0.11198286462019524,0.2778065221385013,-0.17110125764072692,0.1623533869744842,0.0914989984799186,0.07454404435432571
IJS,0.17224648166614598,-0.057657253103981954,-0.2826925461625468,0.21446436242618372,0.21794768871966097,-0.03644437437595249,0.15623806540224883,0.35629001943771055,0.08465636239653618,-0.0621353943803985,0.3378900702149459,0.10502956322344681,-0.13759077696987154,0.228478598905566,0.02659033585773196,0.3205242481880679,-0.1262749275965135,0.14632747788740486,0.07634647708096876,0.07986794748222992
IJT,0.08454232779324844,0.060877963462352636,-0.3271418108121873,0.26121864744909584,0.25669480319219895,0.016321119627991765,0.13498205397935803,0.3845683368666297,0.050124877933710676,0.03342758151008329,0.25713886475853953,0.14042125791045068,-0.04811120572812433,0.21079960730473313,0.19033183370731876,0.2340840768828445,-0.21748218289917387,0.17669901800720234,0.10120987932376257,0.0667094683002396
IJUL,,,,,,,,,,,,,,,0.002522045549953056,0.028050260275110928,-0.028128842835021373,0.13481172274045616,0.029973959618967205,0.21185830233834313
IJUN,,,,,,,,,,,,,,,,,,,,0.18987599945807876
ILCB,0.14290836678471996,0.07850272928686142,-0.3038674460766605,0.18034963354959443,0.11222446339796388,0.023778259371303845,0.15680375013374626,0.31074855610330476,0.1793660241322732,-0.009525347244159765,0.1545319697257077,0.2151300712489983,-0.09169778832376951,0.32737278798135905,0.18155327496315588,0.25985215330129097,-0.19900100179108104,0.27586844119253384,0.2586299403632706,0.18681338138706538
ILCG,0.031747849879935286,0.12253502476597333,-0.412356009622472,0.3927885447687014,0.10841662291606546,0.006322159067716493,0.15963477657317382,0.2828845673903708,0.15213794063601038,0.07604553790826474,0.03615204866738653,0.2972251806619286,0.010389003922326667,0.33354040186587297,0.367773965570626,0.2579474538950832,-0.3213937233990727,0.41808576140541365,0.35109969692771537,0.17587133329779014
ILCV,0.23033194831286252,-0.000552387854219405,-0.35186563958988337,0.08171817500617506,0.12251065182966525,0.006091846608013096,0.11020678803040185,0.25018578967973903,0.10659370558732051,-0.018108454465933788,0.19790203403434492,0.13813386469899536,-0.06600953874804327,0.2463761469448209,-0.013751987431040003,0.28048844562736,-0.07394739389442517,0.14308096783496183,0.16762466763020467,0.19945170272922064
ILDR,,,,,,,,,,,,,,,,,-0.35068505219185153,0.39879559343677484,0.31469178969878553,0.29147424975631697
ILF,0.35756085247274627,0.48309529636336945,-0.46690383969614324,0.8158759642417017,0.11882938630141715,-0.19209069135589352,0.028691834317531972,-0.14115137129796906,-0.09248728637316994,-0.2961378745413644,0.3568146255972242,0.22941772652685444,-0.09597460808604463,0.08556278219349989,-0.13892702679978675,-0.1352582570896419,0.10566580136989012,0.39352953468253493,-0.22040885133154464,0.5212328282499987
ILIT,,,,,,,,,,,,,,,,,,,-0.44316577952262814,0.8257730506171292
IMAR,,,,,,,,,,,,,,,,,,,,0.19230462395914327
IMAY,,,,,,,,,,,,,,,,,,,,0.2030168485015882
IMCB,0.12680544973471686,0.01899560582252735,-0.37806055709897946,0.3476168924854577,0.2497202141815229,0.00786260042384579,0.15555722054559906,0.2945048000373518,0.16807569227675345,-0.013845978877541132,0.13442322811747331,0.1869487538561545,-0.1191590036471506,0.3193390644476446,0.1322741022229148,0.24837131452939043,-0.15814214677947103,0.1663030693262666,0.1565457944933346,0.1133248529958879
IMCG,0.07715874449710913,0.20055127349782942,-0.45989159955135295,0.3646883296928245,0.2593929928648795,-0.037332366614076684,0.14187928633365732,0.30835287444011983,0.11574380544483787,0.0028901665822715916,0.08750633918665418,0.24872392142927313,-0.043510410959517576,0.36824984526670157,0.44029756931898256,0.1711462931535066,-0.25083313443555433,0.21473245604492974,0.19723095850092087,0.07866095156994013
IMCV,0.17102355581320294,-0.06709415821023013,-0.34792657755033685,0.31637192184902596,0.18509818041393844,-0.038861091969732975,0.15216612960973874,0.3848194175506239,0.12327343845495653,-0.024431908412288372,0.25754224325601527,0.11508217970959755,-0.11702618294320755,0.2434709499354426,-0.035926667634699094,0.35829255013880257,-0.07036658425286213,0.12017260542765706,0.11886939908556893,0.14575557225511293
IMOM,,,,,,,,,,,-0.0853006346937529,0.3307459254056255,-0.2344531906459536,0.1848034327013179,0.2641639795420003,-0.0216869370855139,-0.2209017271497373,0.0990607540644412,0.0638955246827239,0.4739433550942187
IMTM,,,,,,,,,,,0.028801349685300348,0.25145430613673625,-0.1494887788520799,0.2471311060153334,0.21348010185545796,0.05392100769098951,-0.169979878140191,0.1410979699535344,0.13525601030742807,0.35479653057784577
INCE,,,,,,,,,,,,0.196562374742272,-0.009318758512169789,0.3252823315491231,0.11806300360825395,0.24918883188364083,-0.08236803576133434,0.13802537954552907,0.10958249415629129,0.16378189969889445
INCM,,,,,,,,,,,,,,,,,,,0.06940058667160987,0.13215809444444715
INDA,,,,,,,,-0.06960218314825117,0.2779269114310561,-0.08457230787252268,0.004801925350066183,0.3547070301775457,-0.06850230274326807,0.07781623345172739,0.13440298328009126,0.2108390978373298,-0.10390732638055844,0.1671259216030141,0.08939459332890021,0.004494341889732301
INDH,,,,,,,,,,,,,,,,,,,,0.04376293297601985
INDS,,,,,,,,,,,,,,0.457633364287531,0.1376915998724284,0.5986349975975351,-0.31308034758450076,0.18010939551361083,-0.1314610356145538,0.1008528912082507
INDY,,,,,0.20545276816133917,-0.37322862661341516,0.20828547802522368,-0.07771698857153775,0.3354099041892553,-0.10078603565197997,0.029956426243822554,0.3575061958187222,-0.043830229080185745,0.10711960195501558,0.08745741672383156,0.18895046246377634,-0.08872075479791319,0.1635446334853854,0.03677611070343234,0.026292879320405582
INKM,,,,,,,,0.019913245756358444,0.09483866965729648,-0.04861774384241635,0.07386026213355179,0.13728371862381006,-0.05147759874044522,0.17195958648056342,0.02993825366677849,0.0933232614023678,-0.12420659103944798,0.09835382933947057,0.0590813828773471,0.11166901027455212
INOV,,,,,,,,,,,,,,,,,,,0.0652626784466761,0.2084687534463785
INRO,,,,,,,,,,,,,,,,,,,,0.17853288039406934
INTF,,,,,,,,,,,0.006315375620898456,0.2785415042950161,-0.16332267432687964,0.1895546469417353,0.02116226613626071,0.10806260465407491,-0.12640788343023424,0.17774881405104814,0.07137007874015744,0.3632179464330405
INTW,,,,,,,,,,,,,,,,,,,,
INVN,,,,,,,,,,,,,,,,,,,,
INYY,,,,,,,,,,,,,,,,,,,,
IOCT,,,,,,,,,,,,,,,,,-0.06564465570895894,0.16436073497623171,0.05714291415492867,0.19467208749727138
ION,,,,,,,,,,,,,,,,,,-0.1364261562817385,-0.19644841905289312,1.082425463078359
IONL,,,,,,,,,,,,,,,,,,,,
IOO,0.16783982359449778,0.10581887977020177,-0.3537013136622079,0.21612140773088107,0.03411900043783089,-0.04901942314897023,0.11036894125986141,0.21829911387157153,0.03481850152320498,-0.015657395421389886,0.10303318925362093,0.22553962285182827,-0.06987029484867857,0.2940055303120348,0.17003353000785837,0.2701677653052774,-0.16977793067057056,0.2780704807684713,0.27683030414319365,0.27875010779711973
IOPP,,,,,,,,,,,,,,,,,,,,-0.004985050653747547
IPAC,,,,,,,,,,0.0373889113591126,0.06690669231887991,0.24871853206677885,-0.13523250671381026,0.18827465460155657,0.11225996202133803,0.038114995409830765,-0.13680588197608423,0.14194100760354011,0.07164305527739012,0.26268173389029026
IPO,,,,,,,,,0.07838717017346575,-0.07960225826102285,0.021741810441309628,0.3616940438655887,-0.17821183902555726,0.3421282975912241,1.0408072238264667,-0.09242099166531037,-0.5670753236325359,0.5505756678511475,0.20500305946309738,0.046328384258028654
IPOS,,,,,,,,,,-0.02877145061618036,-0.04538977465868799,0.36826597070019873,-0.19240261808704295,0.31208663097257916,0.4849179353925286,-0.3103289712160693,-0.33790830581836606,-0.1824649554572817,-0.10133391624215082,0.4039319493846014
IQDF,,,,,,,,,-0.0356409792698168,-0.09472305119871305,0.10588815891842573,0.23270709807876577,-0.1813194540033216,0.21020855705727182,0.02344533881066102,0.09817390910420642,-0.1524940887094468,0.19007905739829378,0.07583046862260923,0.3660147969975365
IQDG,,,,,,,,,,,,0.3063870241188793,-0.16984794423783034,0.3060598181331624,0.15554770300644516,0.10945576825958314,-0.2022729559036991,0.19898417004135882,-0.019227987006487646,0.24709323036728081
IQDY,,,,,,,,,-0.061537918541389236,-0.07204229337994306,0.13556736696772442,0.22980827859192798,-0.2048187434133557,0.273863705633669,0.0817278646153261,0.11663656866283922,-0.16333952777991056,0.2249351220979683,0.07530774415663166,0.38781294332738936
IQLT,,,,,,,,,,,0.02342987895638804,0.23734149434400398,-0.11448648766134628,0.28433609400221904,0.11786653115666956,0.1190190334503698,-0.1556140018600365,0.18111112570741805,0.02991852559110919,0.26294751741460787
IQM,,,,,,,,,,,,,,,,0.2636178242568563,-0.33762501321297034,0.42592030279606585,0.34911505811195,0.32031705137737676
IQQQ,,,,,,,,,,,,,,,,,,,,0.18419057713291442
IRTR,,,,,,,,,,,,,,,,,,,0.07421205643691242,0.13217581812118073
ISCB,0.18894100994967267,-0.053028092545843064,-0.35086524533215613,0.36835857054303367,0.2485672046942533,-0.06309196617724311,0.14348092603011198,0.33184803649468453,0.10249328910045907,-0.05450053221272211,0.2571684685491238,0.12727374846758588,-0.14344483143204523,0.29089044654840324,0.0632944361184764,0.19270915048308446,-0.19855209008935204,0.20098844035028218,0.11715777929176219,0.13428529125114852
ISCF,,,,,,,,,,,-0.01254546825502123,0.3744964018782473,-0.19505136013988467,0.263169580543559,0.06641798886203643,0.12573455144123846,-0.15136231351224272,0.11727890213321435,0.06241822902756855,0.35220405434801916
ISCG,0.07866305071041757,0.1133663116718604,-0.3916363269090226,0.2995477594897571,0.2870109892781272,-0.028546451789893124,0.13440126939308716,0.38126196776372456,0.03781581622342478,0.010075216536625353,0.1243275502940353,0.24760052905078012,-0.07546395994367927,0.28075065254264575,0.42479025598262576,0.004188061191565673,-0.2737817234543911,0.23642185808714333,0.14865281521783946,0.14192281402558105
ISCV,0.17665934215230195,-0.08605558977551087,-0.3059782318455133,0.36720401666632396,0.23135420030059772,-0.03858933385134178,0.16548174867385845,0.31885905035649054,0.11059449650554298,-0.08392417148517317,0.29388914259509424,0.07481226634251792,-0.17619330857173177,0.18840683006529169,0.01079909485468944,0.3165276846024434,-0.11523754304424738,0.16840698021072487,0.09661932548277741,0.11828493048229194
ISEP,,,,,,,,,,,,,,,,,,,0.06180879651454485,0.18595187252532708
ISHP,,,,,,,,,,,,0.07659469904208982,-0.03093541243490372,0.19657200731881375,0.1554615903590184,0.29957548601297,-0.33584951121098194,0.26801053897626037,0.267924724047673,0.13281054473852127
ISMD,,,,,,,,,,,,0.08410366630202382,-0.11503651482733557,0.23343627344332196,0.05659837197063511,0.301629139708246,-0.13969569581586594,0.17798398153133932,0.10605277306042038,0.06175249818283102
ISMF,,,,,,,,,,,,,,,,,,,,
ISPY,,,,,,,,,,,,,,,,,,,0.22200876480400344,0.14125283030107028
ISRA,,,,,,,,,0.01179154832652185,-0.004489977554611002,-0.0435896621271995,0.13584034405816547,-0.08768791712911284,0.26294848880046984,0.26772513900388195,0.11560319708169908,-0.2642239410079753,0.000981881264326745,0.26258936987540804,0.38211542179393354
ISTM,,,,,,,,,,,,,,,,,,,,0.585745346395879
ISVL,,,,,,,,,,,,,,,,,-0.1403791722375478,0.1722104125854711,0.06381296287486315,0.4337761233277493
ITA,,0.2752277612135039,-0.3747660537202513,0.2090564053219286,0.13712474467968305,0.04088010899265759,0.1241706421190849,0.5334510456874455,0.11112817329694358,0.04329853877828849,0.21742722186550156,0.33467514976137624,-0.07374685171463713,0.2999033422639832,-0.15589333169480335,0.14091559320246727,0.08931942894575862,0.14734558060884195,0.1688451253095442,0.50292285555005
ITAN,,,,,,,,,,,,,,,,,-0.24766035890023463,0.3393519040818749,0.18574254189890427,0.21539638162618302
ITB,,-0.5666881150821328,-0.4066150084573884,0.20202087376220845,0.09059099449577324,-0.10789501388993983,0.7579227151211441,0.147401682045176,0.05585605834544327,0.05927766908993726,0.04977868898474047,0.5849372152342904,-0.3120215528262603,0.4703778881703471,0.26727454833785735,0.5192177951814414,-0.2421615340376031,0.6661241164346612,0.03318147130754023,-0.03041781285336065
ITDB,,,,,,,,,,,,,,,,,,,0.10335078334613934,0.15176317550364016
ITDC,,,,,,,,,,,,,,,,,,,0.1215541654304737,0.16939829929628214
ITDD,,,,,,,,,,,,,,,,,,,0.13875951139377896,0.18588972130430537
ITDE,,,,,,,,,,,,,,,,,,,0.15491090781160488,0.2031865814559941
ITDF,,,,,,,,,,,,,,,,,,,0.17141956978754602,0.2190869947585523
ITDG,,,,,,,,,,,,,,,,,,,0.17569999012220094,0.2276484463537738
ITDH,,,,,,,,,,,,,,,,,,,0.17603712054183784,0.2284655488330396
ITDI,,,,,,,,,,,,,,,,,,,0.1773484597425925,0.22962463622252627
ITDJ,,,,,,,,,,,,,,,,,,,,0.2294255542706929
ITOT,0.13361169020842323,0.05368129818678269,-0.35612051673344547,0.23370138455211587,0.1437319664360326,0.005702739223585329,0.14273655673949692,0.3019606227502103,0.14692538070140326,0.009828003070244007,0.14301236268673279,0.20364047289001985,-0.06004427047558958,0.3073995311131008,0.19805539824102358,0.27301140908874544,-0.19955976757863192,0.26685333781909226,0.24653033755179088,0.18093916090737383
ITWO,,,,,,,,,,,,,,,,,,,,0.15090564007755902
IUS,,,,,,,,,,,,,,0.2934153316446244,0.14389570201214186,0.33583952280888574,-0.08834801881809518,0.21219050012086216,0.16569264524286687,0.18043755894140645
IUSG,0.07781364165386906,0.111183785416755,-0.3763113544646185,0.32434951472205453,0.15780793412472582,0.008732889964447654,0.13492369007593208,0.30644160278892674,0.13348734780047078,0.053938767711172675,0.09343913252752634,0.25934741948085316,-0.015980048237638433,0.30939666095964546,0.31019740574242993,0.3312420962525999,-0.29326767335278436,0.30819331238061376,0.3685707887538725,0.2224549295331102
IUSV,0.1999731745196316,-0.011161447526367385,-0.35316506879250376,0.17052226654426583,0.1374163108033959,-0.015512009052344955,0.155310723845677,0.29056038742896817,0.13683650275909232,-0.03998383201630007,0.20076467235722495,0.14260487785916864,-0.09684032254217023,0.30858971162348814,0.012362315638980936,0.27077875297577636,-0.05829856035914682,0.21262739933250985,0.11497259901718793,0.14197369638919666
IVAL,,,,,,,,,,-0.0314616442652876,0.1027218205385525,0.3003581616100232,-0.2312585038940701,0.2161573071581588,-0.0593130530309791,-0.00499519471835,-0.1056780010673151,0.2144109201882169,-0.0012929299905304,0.3505118715296054
IVE,0.1864004976378888,0.014366365694884475,-0.3802884029161262,0.18123698616366113,0.1313470562538932,-0.018865324016135276,0.15364929421997187,0.28543814719393934,0.13148786922525368,-0.03258239874677771,0.18709458407191137,0.14309253811648692,-0.09686609482685471,0.310864549065359,0.008292596281795017,0.2639915011955296,-0.058539985084211765,0.21519628141582503,0.11387405716834986,0.14360459348028787
IVLU,,,,,,,,,,,0.05303402508715238,0.2191107044353291,-0.15899898295777237,0.15756827152869146,-0.056571978697728564,0.14902359020296174,-0.06647888563891258,0.188380323770297,0.07290047841270986,0.4778566049896624
IVOG,,,,,,-0.023328501754992903,0.16098709563433045,0.290150826058714,0.08553523249775163,0.01869628219998498,0.16427713544605527,0.19406546383072176,-0.11413329471088463,0.27388357416802633,0.22129647346481707,0.20550448224032114,-0.1887321112628636,0.18248279345165197,0.16457566578348337,0.08416590269809854
IVOO,,,,,,-0.03767470290616315,0.16541043248740017,0.3007289570715803,0.10553634821335733,-0.02138966571564982,0.22094265937259405,0.15535962807013948,-0.12135594979597297,0.26495048522289566,0.1343021390375938,0.2662962105841007,-0.13420872116691784,0.16942183169785197,0.14363487619630555,0.0878507603003098
IVOV,,,,,,-0.03314779356685671,0.1669653372253319,0.3127689925401893,0.13429886960891002,-0.0671993868794627,0.2756705313435779,0.1130258310462382,-0.12820555707755976,0.25716807685098564,0.038454806992282986,0.3288477894611388,-0.07763917033877976,0.1537238239223977,0.1162191094821643,0.09190010188031983
IVRS,,,,,,,,,,,,,,,,,,,0.10142711086864598,0.14079613638938238
IVV,0.139672353783155,0.0557099489202324,-0.36214537141230463,0.22605599365843365,0.13231892581585147,0.008638440045661389,0.14189887674736457,0.2915728665871604,0.14580444502573253,0.013525773609965874,0.13125193174421534,0.2089955967279089,-0.051949880832910744,0.3119438545781765,0.17279926968564374,0.3055629871118124,-0.1864741242365714,0.2686060832816217,0.2565456229399883,0.18951846850411536
IVVB,,,,,,,,,,,,,,,,,,,0.19129288065896,0.10445816140985009
IVVM,,,,,,,,,,,,,,,,,,,0.16473855615077815,0.1475661298057429
IVVW,,,,,,,,,,,,,,,,,,,,0.11941665117024991
IVW,0.08900548287024446,0.09090770100257428,-0.3412368444738654,0.2720279578082414,0.132444156949463,0.03582562876656348,0.130844770932103,0.29061713097635344,0.15612532881499552,0.054550427137372015,0.08738717857672285,0.2634250601485455,-0.011012002143510391,0.3101237203827272,0.3139731789210727,0.33793010832291404,-0.30058859148660244,0.314745291514515,0.3804038733310642,0.22861561448773382
IWB,0.13489062651390293,0.0536610477784234,-0.36698268936593725,0.24643080340403034,0.14174296082178395,0.002329585915719301,0.14766443608412594,0.2958847736145136,0.14059986757152187,0.008523949190927471,0.13685266351881054,0.20573444879669944,-0.05592516040628959,0.31112360646428705,0.19740536492557093,0.28101826805348207,-0.1970402853089137,0.2702012160710696,0.2507868764811456,0.18269785166506103
IWC,0.13123666254198674,-0.0899655795625448,-0.38311757028306537,0.2303378814784689,0.25955915221544323,-0.11410557461426629,0.17210421171439227,0.4054248934879694,0.04300753836151294,-0.04769295562408493,0.23794831174769526,0.12239602482498602,-0.1403068665266437,0.20160812435823305,0.2133037666101636,0.19367343288767191,-0.23366082284478173,0.09817426071210789,0.1432634476906478,0.22776009055267643
IWD,0.20137660611926167,-0.0034193943271479954,-0.35737880247627773,0.16560610236764584,0.13268765490532797,-0.009836367713918714,0.15552540310826046,0.2893703763604205,0.14254285015176982,-0.03999683024062972,0.18637146257185555,0.12643527932229115,-0.08864442665982053,0.2614591604088712,0.023207750498202007,0.2665463583042733,-0.08074404755145681,0.11378540633446899,0.1376882399889099,0.1678974399007942
IWF,0.07068258838752128,0.11183064308297386,-0.3754145484179924,0.32643836798590176,0.1500919521353148,0.01383919999770189,0.1356242607324476,0.2975488859249604,0.13778410822117038,0.055909018208143646,0.08867268198679912,0.2897983221181093,-0.026030572598713886,0.359653003080489,0.3636950508895207,0.29256390690778433,-0.2980946516397909,0.4367484000440309,0.3512789158082381,0.1951291259186263
IWL,,,,,0.10160228813041394,0.01517347688963211,0.15532726726245416,0.28756609387321697,0.15294213643814913,0.027252899192802493,0.12405943395066821,0.22101051102149039,-0.03773598192598582,0.3146920064042762,0.20812419945055294,0.2943679725432944,-0.2056284548172952,0.30340012369241354,0.2793598225840306,0.2002508142307522
IWM,0.15961215830665032,-0.019531079674358187,-0.33492338318406745,0.25979235084838526,0.23863530962235147,-0.0605968471249122,0.14804580741705942,0.347338747609109,0.06186942108628779,-0.03924726182672855,0.24476110027418452,0.140160615922307,-0.11952861656220648,0.24682027390707706,0.19951132109778613,0.1605136485254708,-0.21497622936146465,0.1747447582187991,0.12048548621104604,0.13421033731955578
IWMI,,,,,,,,,,,,,,,,,,,,0.15550102482361394
IWMW,,,,,,,,,,,,,,,,,,,,0.0822547190923879
IWN,0.21096218823521462,-0.10547285959870012,-0.27961150708350613,0.20200990594949775,0.21515149564761527,-0.07503489866863122,0.15867974719605726,0.30278267471039655,0.053048212467875944,-0.0727806258032041,0.3461810749368235,0.07025276539711967,-0.13750096006679313,0.2103972486222221,0.04772064876395077,0.29677562514274203,-0.15790984147227405,0.14905061136542952,0.07990570298621269,0.1346352943196567
IWO,0.10892955974678142,0.06761569073286045,-0.37469561627543835,0.3184434009801669,0.2618022070410966,-0.045957031338668686,0.13327240421523978,0.3928221348722869,0.06995118325748062,-0.006703180678832021,0.14697777999328254,0.21703371600223642,-0.10307339017554973,0.2807156010826277,0.3446434215550225,0.04062288876483411,-0.27159530688069067,0.19553828400296513,0.16128291925824145,0.13472582454704396
IWP,0.08601391435790684,0.11275772252717675,-0.4379220163557904,0.40207662485911455,0.2429907692862998,-0.02963643705321095,0.14171936457025014,0.32210182418429567,0.12776276858849855,-0.0033130595186565692,0.08504686641094272,0.24115405615217345,-0.05689863225124081,0.35723081458595995,0.33870434481078626,0.14233390814179891,-0.2613897061043685,0.26595225956677204,0.23828269659425505,0.0907283958462104
IWR,0.13228203280549944,0.048950368017348644,-0.4069292934707617,0.3596462141826653,0.2350491204109435,-0.02798505780040539,0.15734951192307256,0.31205948986671195,0.14161465534714957,-0.026271671067423452,0.15068625314729922,0.1736766920286319,-0.09736571923776616,0.3070945607223252,0.16560352729045613,0.2443603046251661,-0.17151666851535619,0.17554576904309638,0.15839044104726763,0.11630979628006832
IWS,0.1834296012674126,-0.017737206699777075,-0.37025148583039047,0.3077233072472616,0.22520408449518903,-0.02818835159751354,0.17012176124776035,0.3020649858912994,0.15698936668334884,-0.05097168026016674,0.20872899919450383,0.12248250810375239,-0.1292227459425178,0.2703024697288372,0.050514007737338495,0.3037344428879496,-0.12265679170903698,0.128752165738365,0.13147387711497904,0.12258862837266404
IWV,0.14059459028469146,0.047261311936131145,-0.3646572898130559,0.24766420815165424,0.14913987302887577,-0.003094004383924598,0.14794084015493114,0.29898461406357324,0.13326399403768452,0.004118942998112773,0.14469627719080558,0.20112427738517624,-0.06147573773624093,0.3061360787279579,0.1959420603404356,0.2722253463070865,-0.19743297345190824,0.2642615339191303,0.2428235533101546,0.18010637110208738
IWX,,,,,0.10625092137360803,0.000614257646305072,0.14328703268559417,0.28529388869898376,0.1404939827448044,-0.03413295255345683,0.17617443642042607,0.1310558108049833,-0.06722641116743078,0.2579052904718977,0.007334888234352688,0.24619053748158004,-0.05811881018359488,0.10386561664773719,0.14137499136164422,0.1909516032151639
IWY,,,,,0.11393439783455439,0.0369587337657713,0.1314650413490268,0.2898834411093536,0.14326549130635735,0.0804368349198663,0.08887821437956922,0.30692229873115906,-0.017149590661905134,0.36350722498616217,0.3712040111734638,0.3302348655560341,-0.30615100057063027,0.47743012638109983,0.3691515626720694,0.19558172432176346
IXC,0.16594138520713408,0.3359333062228609,-0.3706790441065263,0.18863359101079857,0.08407563715171307,-0.007693795773136114,0.0031544235254072905,0.13548759358955587,-0.10565603095129394,-0.2208634051000613,0.28360920377634,0.04277625023229481,-0.16198321728658494,0.1060359975516223,-0.31551150789407867,0.4032393967451715,0.446173525279423,0.07394736381805656,0.011751048629216276,0.1338923366201481
IXG,0.23028357041065495,-0.08531235789930469,-0.5338546560366281,0.3086208358185969,0.014233498240160847,-0.21347490313272688,0.2754804770868964,0.23501852729332162,0.03793144498657597,-0.03561089381497218,0.1450910553359619,0.2213330090837038,-0.1661727181449295,0.24343001017830201,-0.04129405876662795,0.2621823649222217,-0.09889009557093364,0.1443430608736891,0.25981769028718915,0.29928046044178624
IXJ,0.08497434160219841,0.029630772738000744,-0.19948644976498242,0.1625994506014279,0.006517044790051996,0.09850194035667381,0.15835096387628322,0.3383384940803027,0.18066368438576297,0.057026489506922795,-0.04370148049157929,0.1902678761840344,0.017371689814261737,0.24679972262459482,0.12385066233776532,0.19758861601693178,-0.03937435423548763,0.035734230282109314,-0.006965384412698672,0.1539524570356079
IXN,0.06990904738871939,0.12398104458726267,-0.4202455676053841,0.4801075486440505,0.08273871454630455,-0.04539615405324393,0.1368893923377641,0.2145857003968905,0.16693085186749168,0.042777756682994106,0.15954309195218208,0.4010531288565806,-0.06744064819785012,0.4755402223609293,0.41155147411512183,0.3090200589546337,-0.30607950963537534,0.5418857754424884,0.2836054186496697,0.2668431336858288
IXP,0.31557781430561826,0.23937611205144638,-0.30112374261998864,0.1006014032012621,0.09475608213689757,0.003010701338095556,0.06251626568971536,0.21697805482205812,-0.0032663778930220877,0.0007724523893704038,0.06970336734332849,0.055159776892796275,-0.1426167372538626,0.24212577349574427,0.20644220260659507,0.1370251538492535,-0.3341737845438969,0.3665334349519471,0.3258042703559585,0.2936075341713975
IXUS,,,,,,,,0.12781801241874136,-0.03144755083643913,-0.04180635439813396,0.06744960944478673,0.2736291004173699,-0.15363497651631186,0.22056454045159546,0.09563269725634704,0.08228639807463112,-0.16899114169011709,0.14994036601055627,0.06470862657480292,0.3327721675000008
IYC,0.1325198490327184,-0.08272851473780818,-0.29200315166552115,0.2824609643813303,0.22298007646672424,0.05727314023891017,0.2251197883794498,0.37932428535141516,0.14724710583459055,0.0688840089589613,0.07495346263649827,0.1947590579398033,0.004130100385397295,0.26503492326400413,0.2336017285188885,0.21634440130322496,-0.32809595328320773,0.34482584490220924,0.2888825898691276,0.09282040183235551
IYE,0.1531703032134928,0.4103313437105689,-0.37780453877529685,0.13718886929119933,0.15544429753294087,0.02898617916967905,0.01628987099213619,0.22676449534019816,-0.08402322437293819,-0.2255687995661052,0.25770548049008646,-0.030639041839460313,-0.2071133337083333,0.07753779438389419,-0.3406199300365613,0.5303844316898338,0.5556048152800108,0.017718639985220497,0.04988534959694224,0.06671156932379319
IYF,0.16822749059100484,-0.18347490261461652,-0.49296657534921595,0.16170697240570675,0.10471442257592511,-0.1488345820184961,0.23106456146183896,0.29916796052313543,0.14805394462689603,-0.005315905559653777,0.1923484578338419,0.18683399100878573,-0.09192099228715378,0.3171826734542542,-0.0153569257955819,0.3366106922664618,-0.12225970380830353,0.14935456030927718,0.30942583815129265,0.19229881785313463
IYG,0.17486047654547554,-0.22150448510585552,-0.5125969820299903,0.14538721866333204,0.054251013853749086,-0.2218061498863534,0.2884733155406727,0.38644098950438033,0.113552076268572,-0.005865862946218825,0.22714691641720286,0.229973680274272,-0.1281661633354727,0.3585214656820046,-0.0009967939385924218,0.31769449995821475,-0.1814860266375492,0.1576993422645654,0.3188333984954488,0.2104246820662936
IYH,0.05229532278705196,0.07781145903202558,-0.22268081253224536,0.18786823477205528,0.027316102827906308,0.10146437583030932,0.17459824360641063,0.3862408420419823,0.2579477933120553,0.05663038430264211,-0.007968651939156413,0.20953977144212943,0.04613527987870092,0.22477682579570968,0.1532769628621813,0.24135572730120858,-0.0357242939497856,0.025799606545662268,0.013951505319616198,0.1371463816627463
IYJ,0.12279246729074278,0.12734562507419067,-0.38701530988539024,0.21448069558573657,0.23293261923046593,-0.021058723832260928,0.15307710898208238,0.3667265488429863,0.08228231831311117,-0.018229313809917436,0.2077839204179941,0.23033830866307592,-0.1225297831516945,0.31961670877070514,0.1589421087170797,0.19455900801024106,-0.13500061417307918,0.19568643371029193,0.1876192517940043,0.13599111195948077
IYK,0.1348788397348557,0.08999954816311306,-0.2505191704710298,0.20441911954372194,0.17641694996375112,0.07951452364546707,0.11786053459356571,0.26873340727833117,0.1279992188181649,0.06362310312675512,0.0644559422311819,0.15916541405879503,-0.13721144341169378,0.2839488841936493,0.3298021918489136,0.18285629426247274,0.035253243589021155,-0.023572466885276033,0.03590829149513919,0.05904236384025485
IYLD,,,,,,,,-0.010977489430226028,0.09242102499156246,-0.05223730353101852,0.10264230278168207,0.10401347400648797,-0.046604401609052326,0.1556646799126995,-0.010879804446389585,0.037232148034888946,-0.1621053546715514,0.12243533916760141,0.037009437511744014,0.15139189717636747
IYM,0.14423728372847688,0.3331284090439186,-0.5041611429413798,0.5774640492024585,0.26801328474818464,-0.1600173851749198,0.06373391322894761,0.16858759517354294,0.036960999771044944,-0.12866942873292986,0.2176340559182084,0.24082206056237898,-0.17875472538155346,0.18360854733914067,0.19048084294265166,0.26396087852666783,-0.08428344558212453,0.13103443451931063,-0.043032429053373344,0.22924555714993966
IYR,0.313295165087629,-0.1865875395067882,-0.393702655879807,0.3425697497643647,0.2684793993019572,0.039294802007412644,0.17482826975304477,-0.004526174207396427,0.2689217208551793,0.0037558542031421727,0.08056022555187647,0.08868658364501636,-0.03843491638175367,0.31038048161196263,-0.04172102803518618,0.4362386928601387,-0.24945698956499485,0.11695378896084385,0.03495225726501494,0.05154463258316855
IYRI,,,,,,,,,,,,,,,,,,,,
IYT,0.08949277118102805,-0.016297888472729727,-0.1947404134151618,0.1530656695501733,0.2594735869485696,-0.027294263295941312,0.056326151958859594,0.3781300271669443,0.27115942109213487,-0.16537292338572218,0.2472249858465092,0.19191625750136398,-0.1440301204923462,0.19787140710029338,0.13289136692070036,0.2904662423707325,-0.21533554552412226,0.24373630178204997,0.057314675313951735,0.11923463892008335
IYW,0.0763828368067958,0.14495424095410714,-0.42024635499859564,0.5756461980789165,0.10585873007347812,-0.012797566253772152,0.0997515294877267,0.22714966508476953,0.20700467412605628,0.04022684962184475,0.1547688347171874,0.35587576603467297,-0.02408820988992466,0.4632429051280931,0.4445921404061377,0.3747777554201528,-0.3515924442226127,0.6696308473835944,0.33767428725436655,0.26505306214470914
IYY,0.13572151101853303,0.05848853100750673,-0.3627923872922626,0.25084996693168504,0.14622446378320153,0.0006234106252147598,0.1436438432163063,0.2938385605531617,0.13908206828015213,0.006084389514841471,0.1380409877975577,0.20433517401355106,-0.05887399894905798,0.3069233470675814,0.191422332782077,0.281408445574826,-0.199815248522345,0.27005832680480757,0.2511858330742598,0.1830328814474469
IYZ,0.3193648574832366,0.014330437344835856,-0.41328340182864975,0.22383102920050857,0.17556373565410288,-0.08670760501579078,0.16931210906830807,0.23637332736367722,0.0174113819523134,-0.00022930451956304498,0.2559374069445608,-0.15602577822421937,-0.09084375127398903,0.15264545258025808,0.04057590766731023,0.11764160445671146,-0.30791036279021333,0.029397070256110824,0.2005234540579124,0.29181788087679217
IZRL,,,,,,,,,,,,,-0.0793716161928121,0.1931646637705426,0.3164780421702713,-0.0338781592244532,-0.3983168062542738,0.119334398685134,0.1665551615811138,0.348527105641492
JAJL,,,,,,,,,,,,,,,,,,,,0.06676447833980337
JANH,,,,,,,,,,,,,,,,,,,0.07118531739769551,0.0683605731391368
JANJ,,,,,,,,,,,,,,,,,,,0.06053945610216749,0.056088068136372904
JANM,,,,,,,,,,,,,,,,,,,,
JANP,,,,,,,,,,,,,,,,,,,,0.13253640616928797
JANT,,,,,,,,,,,,,,,,0.1368582260504138,-0.1055962579906928,0.2322780652408926,0.1680696768308147,0.1432139259527058
JANU,,,,,,,,,,,,,,,,,,,,0.1347154091723117
JANW,,,,,,,,,,,,,,,,0.0700068826840596,-0.0101047364278971,0.1493380206130821,0.1154229351116191,0.1005980660578558
JEPQ,,,,,,,,,,,,,,,,,,0.3670402855395565,0.25756221569421744,0.16162628579093785
JHAI,,,,,,,,,,,,,,,,,,,,
JIG,,,,,,,,,,,,,,,,0.056119712256417875,-0.30735180648228855,0.11950660036160854,0.10506991914708697,0.20384033385748013
JIRE,,,,,,,,,,,,,,,,,,0.19049059598991724,0.042224177916986294,0.33170027763160803
JIVE,,,,,,,,,,,,,,,,,,,0.12176168637169216,0.508204490804818
JMEE,,,,,,,,,,,,,,,,,,0.18528834673699968,0.14184902857293524,0.09103323905690508
JMOM,,,,,,,,,,,,,-0.05247271078335902,0.2887593817491281,0.2816866425992779,0.2682522749893099,-0.20406135774313472,0.23737959056682278,0.2974766041530128,0.18825134524498188
JNEU,,,,,,,,,,,,,,,,,,,,0.1251011730636442
JOET,,,,,,,,,,,,,,,,0.28548349621712665,-0.17360447171496585,0.17084548556672519,0.25526162137655395,0.12837217612703666
JPRE,,,,,,,,,,,,,,,,,,0.13243990060642186,0.06465820245639331,0.0339278008982431
JPXN,0.05321549088552313,-0.05955156868305411,-0.2726227044238002,0.02738201514042582,0.11103451999816127,-0.1723595660459306,0.09434086698894362,0.21401149704766342,-0.051781879264495956,0.10405890464884249,0.04910690677816332,0.24407792392535366,-0.15311394085649155,0.18551220642459887,0.13920235994631525,0.01279148274589037,-0.16252080942775338,0.19332948588980314,0.07505012393966037,0.2681671124740319
JQUA,,,,,,,,,,,,,-0.029774030344028257,0.28283921974194604,0.15743062561897014,0.3072324955023733,-0.13105263524767652,0.25361542302996876,0.21923809415156925,0.12975677518890705
JSTC,,,,,,,,,,,,,,,,0.2035714873675553,-0.1769543873338598,0.1489871530380111,0.1025545162766057,0.1283082430958935
JTEK,,,,,,,,,,,,,,,,,,,0.3270781754026155,0.19221193532649905
JULH,,,,,,,,,,,,,,,,,,,0.07054175884030989,0.07190978875845855
JULJ,,,,,,,,,,,,,,,,,,,0.0604457881176359,0.05831979122754527
JULM,,,,,,,,,,,,,,,,,,,,0.06933837025434042
JULP,,,,,,,,,,,,,,,,,,,,0.13981116066330523
JULT,,,,,,,,,,,,,,,,0.1038584157870592,-0.0600794416746962,0.216553789248987,0.1815241860027856,0.1416721363475073
JULU,,,,,,,,,,,,,,,,,,,,0.1291603229651912
JULW,,,,,,,,,,,,,,,,0.0497450987542049,-0.0184738452984934,0.1610598788373662,0.1260797936812177,0.117324796631294
JUNM,,,,,,,,,,,,,,,,,,,,0.07862089806692985
JUNP,,,,,,,,,,,,,,,,,,,,0.12911565114358559
JUNT,,,,,,,,,,,,,,,,,,,0.1630861009816506,0.1278104299892613
JUNW,,,,,,,,,,,,,,,,,,,0.1132530217598954,0.1142667134602863
JUSA,,,,,,,,,,,,,,,,,,,,
JUST,,,,,,,,,,,,,,0.3102599386049325,0.1792691182504227,0.28476655873115386,-0.1815731597030409,0.24946104058337903,0.24541384373751174,0.1842866286254219
JVAL,,,,,,,,,,,,,-0.08941698138732368,0.2796324835670445,0.05937933482861091,0.3318000591960577,-0.12136403479752023,0.19591566211024114,0.1459543224966442,0.1745978209337964
JXI,,0.22043961979930682,-0.2831800499929893,0.06108838794109861,-0.02831001180180337,-0.03405267296651282,0.02122542769179314,0.10814290716975239,0.17427800855741804,-0.07176778835733677,0.07206676567703219,0.15101375332588773,0.02688754264760851,0.25444562946034055,0.059853099851861824,0.12218805125382515,-0.03774348634772984,0.007359363732905466,0.12696275030260806,0.2565578219576732
KAPR,,,,,,,,,,,,,,,,0.02666418565533024,-0.08736916661733674,0.1555036493615214,0.12598121507246707,0.07673741145243884
KARS,,,,,,,,,,,,,,0.34659654728529676,0.6719803942825076,0.21960081771744333,-0.40463316769751423,-0.07356204465565663,-0.16050967782047587,0.49354231836156526
KAT,,,,,,,,,,,,,,,,,,,,
KAUG,,,,,,,,,,,,,,,,,,,,0.05929175201856007
KBA,,,,,,,,,,-0.057991680627565434,-0.11518974592299869,0.28244219628258094,-0.27538979291081356,0.3593706340702161,0.3852449055739251,0.012034876218343316,-0.03273814266975894,-0.17259697250658945,0.18595915173631883,0.3840874757101511
KBAB,,,,,,,,,,,,,,,,,,,,
KBE,0.14476620926727235,-0.22165033098936304,-0.4608101017243065,-0.032063246702233594,0.19994712135667303,-0.23793684184926678,0.19949964414850907,0.3712012893568064,0.03888975443819542,0.032949488678937655,0.33853042730878435,0.0998358323906845,-0.1986468943353793,0.2789398679020896,-0.08942254118336668,0.34786030852111005,-0.16486911024883133,0.05722088696019667,0.23296324095817322,0.14571156085048687
KBUF,,,,,,,,,,,,,,,,,,,,0.1981146303163721
KCAI,,,,,,,,,,,,,,,,,,,,0.5682805973394289
KCCA,,,,,,,,,,,,,,,,,-0.19705291353621435,0.36532630428578905,-0.15359372115122394,-0.12063322959936795
KCE,0.26676771382518694,-0.003052812328747767,-0.5917466571923538,0.3754281515192859,0.03616093476476023,-0.2632011259414878,0.23287296598863083,0.4552653723172666,0.04349326889886096,-0.11633162626175342,0.08377316516414868,0.30492699722170835,-0.1490796336543294,0.26601770139916425,0.2903575000170868,0.4200397105415774,-0.21947722279774018,0.3099438660988887,0.3890557150816474,0.11575045535521333
KDEC,,,,,,,,,,,,,,,,,,,,0.07047541977976257
KDEF,,,,,,,,,,,,,,,,,,,,
KEAT,,,,,,,,,,,,,,,,,,,,0.2230083384917383
KEMQ,,,,,,,,,,,,,-0.2552291531520551,0.2790934379828245,0.35054687353147607,-0.27437275707647224,-0.38324695739831627,0.0011792944336104227,0.16726355998906683,0.5975242195055095
KEMX,,,,,,,,,,,,,,,0.11613393035020181,0.08982810408519204,-0.19547314844704577,0.21378837106542248,0.015042874596722822,0.3802846610946904
KFEB,,,,,,,,,,,,,,,,,,,,
KGLD,,,,,,,,,,,,,,,,,,,,
KGRN,,,,,,,,,,,,,-0.29319677449811266,0.12874624762651776,1.3280475598969783,0.007068930326558309,-0.4084175739889623,-0.16624253410161693,0.03711458145198443,0.2600159410062255
KHPI,,,,,,,,,,,,,,,,,,,,0.11511275626916206
KIE,0.10008565914804524,-0.05930175083152989,-0.45477453394757494,0.26339236816119405,0.23404254398514124,-0.14073683936389236,0.19560670881448727,0.42274515916760813,0.09603742416699257,0.06607697870119966,0.23477762106157907,0.12518980383821288,-0.047833374775375304,0.2781771617707196,-0.03609955855778857,0.2605418979892089,0.036131923763506935,0.12208111627562301,0.2614304390331934,0.09799929754451275
KJAN,,,,,,,,,,,,,,,0.08732332924631092,0.12891988378332364,-0.07969231238731966,0.15022296520868017,0.09306410522625841,0.11535379457453288
KJUL,,,,,,,,,,,,,,,,0.02765048128887293,-0.08879278102619226,0.12140289126295922,0.09083161434687548,0.08047730925071206
KJUN,,,,,,,,,,,,,,,,,,,,0.039564624527662184
KLIP,,,,,,,,,,,,,,,,,,,0.05393170365940203,0.20876466178474185
KMAR,,,,,,,,,,,,,,,,,,,,
KMAY,,,,,,,,,,,,,,,,,,,,
KMID,,,,,,,,,,,,,,,,,,,,0.018205984559919397
KMLI,,,,,,,,,,,,,,,,,,,,
KMLM,,,,,,,,,,,,,,,,0.07356831419067622,0.2335926883297268,-0.06245938776716009,-0.011465387602891064,-0.03558633259416777
KNG,,,,,,,,,,,,,-0.008408300526000279,0.2675297533553558,0.07452107635716665,0.2663885741411274,-0.06570146038723568,0.07359422023243178,0.0576358653817679,0.07886082044954468
KNGZ,,,,,,,,,,,,,-0.07495044371116755,0.2727607347725107,0.055099841577692654,0.30050362313443446,-0.075478499839018,0.0949640687589719,0.10638163890237529,0.15313461373182302
KNOV,,,,,,,,,,,,,,,,,,,,0.12163112699394318
KNOW,,,,,,,,,,,,,,,,,,,,0.09014790163832109
KOCT,,,,,,,,,,,,,,,0.025306420185042144,0.060782024756543596,-0.08377193258767823,0.09510550643902849,0.11406702258922152,0.10579564165229605
KOID,,,,,,,,,,,,,,,,,,,,
KOLD,,,,,,,0.07381318367124279,-0.3606194882583704,0.2290979675333471,0.7501252826891447,-0.5207235788211132,0.44286760412347137,-0.44231275440672224,0.7864703486201399,0.1701654604472509,-0.7327300886275987,-0.8790166852645716,1.9609950735811252,-0.06650645799046395,-0.2482791532549381
KOMP,,,,,,,,,,,,,,0.36326340343860486,0.5903176399340779,0.04501473667464184,-0.3292368188067042,0.2061054834426248,0.12258965238107211,0.20166029579265432
KONG,,,,,,,,,,,,,,,,,-0.08620270626735715,0.12778123450696866,0.09464984421088829,0.07544556896241561
KPDD,,,,,,,,,,,,,,,,,,,,
KPRO,,,,,,,,,,,,,,,,,,,,0.08405406178987596
KQQQ,,,,,,,,,,,,,,,,,,,,0.18056456405489318
KRBN,,,,,,,,,,,,,,,,1.0139865116232003,-0.1536462548039792,0.08184737592214009,-0.101618265410925,0.21815232122553563
KRE,,-0.2265072067343754,-0.16572789682822398,-0.21814860007852266,0.1826273432422394,-0.07780618719197618,0.14147650693691038,0.4223253127125295,0.0341748083962381,0.06104018538710476,0.3837885056487613,0.07485775884169743,-0.19213256445138782,0.25353333812975354,-0.0768045189585177,0.39939261022781225,-0.16633086437631406,-0.06960984851693663,0.18200336885119683,0.12527206903064392
KROP,,,,,,,,,,,,,,,,,-0.2770698228360886,-0.2509829575974638,-0.08569073377919867,0.08374963295798299
KSA,,,,,,,,,,,0.10828979217356727,0.0591416706675838,0.13860563001786708,0.07876577914004845,0.012791394710150339,0.336239854733986,-0.07127541796004822,0.12836030899099748,-0.017636833348936953,-0.0937758520862223
KSEP,,,,,,,,,,,,,,,,,,,,0.08950929344815606
KSLV,,,,,,,,,,,,,,,,,,,,
KSPY,,,,,,,,,,,,,,,,,,,,0.14988525903805328
KSTR,,,,,,,,,,,,,,,,,-0.3830927819320836,-0.19856396067176518,0.08583331108093262,0.49405239219112396
KTEC,,,,,,,,,,,,,,,,,-0.2569866463083754,-0.1398578565062638,0.2017847889990203,0.24676718311821344
KURE,,,,,,,,,,,,,,0.3617364797198437,0.6567668633091492,-0.16453650679691412,-0.24647217578541514,-0.18498178356075057,-0.15749562397665118,0.28738521162890884
KVLE,,,,,,,,,,,,,,,,0.29796783600359844,-0.04629807701265087,0.10280786499022043,0.18155589727150812,0.10907998911897954
KWEB,,,,,,,,0.27346890346777486,-0.026077123630051102,0.1609436525016883,-0.0422269521470261,0.6760791294777586,-0.36726880978123333,0.2981704885755221,0.48928332712602196,-0.4889085780271364,-0.16597611718730887,-0.13633557486698056,0.16010293150215538,0.2703742356376537
KWT,,,,,,,,,,,,,,,,0.3193325876540003,0.03558484314616761,-0.01994255029598857,0.0989902669837146,0.24789225966676232
KXI,,0.1869848739044202,-0.2143125894280271,0.20188433676622575,0.11433103471108774,0.0892916907865482,0.12575187924690545,0.1721161762433976,0.08165692141554737,0.06715282907409259,0.02768900442543032,0.17610828967788983,-0.10334289384803386,0.23804249067677774,0.080022259186451,0.1411565523135574,-0.06226419224075419,0.02570560353503759,0.0386270881853239,0.10643736617494426
LALT,,,,,,,,,,,,,,,,,,,0.08516351983617199,0.10892585500227536
LAPR,,,,,,,,,,,,,,,,,,,,0.05804041086402956
LBO,,,,,,,,,,,,,,,,,,,0.3199731001680237,-0.07129605652554127
LCAP,,,,,,,,,,,,,,,,,,,,
LCOW,,,,,,,,,,,,,,,,,,,,
LCTD,,,,,,,,,,,,,,,,,-0.16660165781875758,0.16266500348794843,0.0431080030060087,0.31174896081579795
LCTU,,,,,,,,,,,,,,,,,-0.20519248727120132,0.2579428892667499,0.24765742607687913,0.18026587642748804
LDEM,,,,,,,,,,,,,,,,-0.029359436826858376,-0.22838649247310516,0.029393504840117934,0.07833739090115821,0.32862178225066496
LDRX,,,,,,,,,,,,,,,,,,,,
LEGR,,,,,,,,,,,,,,0.27742148020960444,0.17001961995852555,0.1804526795704826,-0.20172747815784942,0.2057628367372808,0.17518217438589279,0.31961609579544636
LENS,,,,,,,,,,,,,,,,,,,,
LEXI,,,,,,,,,,,,,,,,,-0.1429950276793237,0.1690904825517973,0.1740493132157845,0.2020615548670277
LFEQ,,,,,,,,,,,,,-0.059746883742580414,0.2356413999669622,0.16579341546544568,0.29882596802419426,-0.22467288907879368,0.19796919849082584,0.2508229638845765,0.11451851613977349
LFSC,,,,,,,,,,,,,,,,,,,,0.5712482863696635
LGDS,,,,,,,,,,,,,,,,,,,,
LGDX,,,,,,,,,,,,,,,,,,,,
LGLV,,,,,,,,,0.18254829343027312,0.029694731967846222,0.13772529528080812,0.17696442425888415,0.007741830405052497,0.31908891453358734,0.0703082787506375,0.3003973281161427,-0.07096781617195547,0.09001629060081973,0.15888113758648204,0.0966268143290987
LITL,,,,,,,,,,,,,,,,,,,,
LITP,,,,,,,,,,,,,,,,,,,-0.4369530129575938,0.9152174318177717
LITX,,,,,,,,,,,,,,,,,,,,
LJAN,,,,,,,,,,,,,,,,,,,0.059025989460272044,0.050609286003687526
LJUL,,,,,,,,,,,,,,,,,,,,0.05919135663226016
LNOK,,,,,,,,,,,,,,,,,,,,
LOCT,,,,,,,,,,,,,,,,,,,0.05221093749288319,0.0569221849540984
LOEV,,,,,,,,,,,,,,,,,,,,
LOGO,,,,,,,,,,,,,,,,,,,,
LOPP,,,,,,,,,,,,,,,,,-0.14451503011260947,0.04901598416101005,0.10057740418768124,0.24227811913411212
LQTI,,,,,,,,,,,,,,,,,,,,
LRGF,,,,,,,,,,,0.14421930013652373,0.20540998513562703,-0.10139082185602932,0.26297826240708955,0.1071058583712845,0.26594061876081954,-0.14730417974249965,0.26666079390944186,0.27410120771697644,0.17372694743079675
LSGR,,,,,,,,,,,,,,,,,,,0.4058802385885416,0.16563387618550562
LTL,,,,0.3876617998043608,0.33509910329444104,-0.22020697492892927,0.31275069083736584,0.5191878327039046,-0.008959816786299424,-0.05933688162120354,0.4555613904515077,-0.3199723486792936,-0.22992646821193063,0.30159312728437415,-0.03344942178426169,0.410990654988981,-0.4129525832819029,0.5825442159144372,0.6695307176256591,0.36617020673330636
LTTI,,,,,,,,,,,,,,,,,,,,
LVHD,,,,,,,,,,-0.015451829175062493,0.194554749640649,0.13995560567121368,-0.05254631012071531,0.24083142024507764,-0.0051886052897262,0.2861192549334779,-0.01325991654310299,-0.015159121723643976,0.08653325256015165,0.08654576736140118
LVHI,,,,,,,,,,,,0.07819972455678759,-0.054339282185236426,0.1803131976455261,-0.09769875775171455,0.17234198885295515,0.03097404637012846,0.15602168143583284,0.1558259243380402,0.275060891827672
LYLD,,,,,,,,,,,,,,,,,,,,0.1399372631521911
MADE,,,,,,,,,,,,,,,,,,,,0.2892347045000705
MAGA,,,,,,,,,,,,0.09666786320597165,-0.15066758844345673,0.254053113521596,0.056073394399783316,0.35633001645184903,-0.010366514241762825,0.11004002867694984,0.14564071052989536,0.11252694555840126
MAKX,,,,,,,,,,,,,,,,,-0.2681227494942082,0.2579109565342683,0.11141483926938966,0.22955081405325517
MARM,,,,,,,,,,,,,,,,,,,,0.06908372315876776
MARO,,,,,,,,,,,,,,,,,,,,-0.47902636333550885
MARS,,,,,,,,,,,,,,,,,,,,
MART,,,,,,,,,,,,,,,,,,,0.1585534076972876,0.1516409434792487
MARU,,,,,,,,,,,,,,,,,,,,
MARW,,,,,,,,,,,,,,,,,,,0.1117078015680004,0.1056361569915662
MAXI,,,,,,,,,,,,,,,,,,1.4280237827948943,0.8110810330142124,-0.2763629183806706
MAXJ,,,,,,,,,,,,,,,,,,,,0.0919869141881351
MAYM,,,,,,,,,,,,,,,,,,,,
MAYP,,,,,,,,,,,,,,,,,,,,0.1108317934824492
MAYT,,,,,,,,,,,,,,,,,,,0.1866285106007192,0.1136137448107756
MAYU,,,,,,,,,,,,,,,,,,,,0.1182382630764999
MAYW,,,,,,,,,,,,,,,,,,,0.1241226689409233,0.1025641298950814
MBOX,,,,,,,,,,,,,,,,,-0.04078546968961405,0.16418310136257697,0.16650353639219495,0.09366039210253585
MCHI,,,,,,,0.2075202208769853,-0.008821201570020198,0.10082913868711119,-0.09049314139320042,0.03264149173204456,0.5305964327366,-0.2279166498853189,0.2440616035265517,0.23650079182103134,-0.2200205924720685,-0.22751162235899247,-0.14199729511393466,0.20786815561310878,0.3456426467050955
MDEV,,,,,,,,,,,,,,,,,-0.2819179074399668,0.07578820828907151,0.02477081648358692,0.029810742480978814
MDIV,,,,,,,0.006375243350728699,0.08395810881344601,0.08762053818602533,-0.10173490908004268,0.11264746067765685,0.04960501976995668,-0.06133862677419444,0.17691191899083902,-0.14878597487183987,0.1772412278292339,-0.04806503387053007,0.11498739738839614,0.09495725699886837,0.03652594096801898
MDLV,,,,,,,,,,,,,,,,,,,0.09301066004217962,0.1430889835035296
MDST,,,,,,,,,,,,,,,,,,,,0.06300364103786738
MDY,0.0835917310804557,0.0668518151684081,-0.3600426743665851,0.3393832322485095,0.24196736913285832,-0.03310941869182582,0.16510947117156527,0.29469400673021284,0.10666742792601114,-0.023569357809351432,0.2200938677012647,0.15307931998712987,-0.12125409760996664,0.2623144251271772,0.13336711295246584,0.2618185721936952,-0.1353589637445708,0.16619661515248696,0.1400434552347405,0.08533911279786843
MDYG,0.1125442315921319,0.09017608189987603,-0.4077832690203157,0.5033153195362778,0.2508604045759155,-0.021096310224225534,0.16216346051495267,0.2923884818209852,0.09056617102114917,0.019958979493215123,0.16955131270107104,0.1922049620630124,-0.11446040394208923,0.27238640812561044,0.22164714817675213,0.2017805799920973,-0.18968565025414075,0.18295263573904053,0.1657662535753066,0.08289668958146823
MDYV,0.14491580582654628,-0.012163298894976471,-0.34615899622672675,0.31738297582898944,0.20671714644154782,-0.036497381192746814,0.16730545796104113,0.3145167370437334,0.13706026074548983,-0.06833496755408452,0.2776653925411694,0.11175446796949084,-0.12756999717263395,0.25637382741806736,0.03888656208992147,0.32375033446749923,-0.07788085114174592,0.15497735791506595,0.1146187385525923,0.08965857098929586
METL,,,,,,,,,,,,,,,,,,,,
MFDX,,,,,,,,,,,,,-0.14594931281138968,0.20225569266554833,0.0627751024762504,0.1081560255835432,-0.1081032098808643,0.16951978428202175,0.05449339000894149,0.35220091976748447
MFEM,,,,,,,,,,,,,-0.14355226416723976,0.1498704451480497,0.0982079087058283,0.10080546979135807,-0.2059651562564232,0.1457274460722977,0.06159382067530372,0.26522278390895426
MFMO,,,,,,,,,,,,,,,,,,,,
MFUS,,,,,,,,,,,,,-0.07128890803986454,0.266242790557518,0.10226387259593461,0.2538886367521116,-0.06368879685460715,0.12322645200877091,0.2052490219471741,0.16832647968072512
MFUT,,,,,,,,,,,,,,,,,,,,-0.0073185206983938
MGC,,,-0.35052755922375467,0.21734549091483046,0.12055423675728649,0.012346355139842835,0.1438761305944305,0.2894072283740474,0.1375819568374057,0.015438248028394552,0.13563534928232568,0.2165292608647511,-0.04185786754607346,0.3099380499976825,0.20309718525748321,0.2931483294338073,-0.2055259180565614,0.30327491740017454,0.28008364634948824,0.2035203431978969
MGK,,,-0.3546607331208973,0.30983292034800525,0.1289666652082173,0.020491531145335085,0.15479358114278607,0.29304673878843945,0.14143501029909222,0.03893685702696836,0.0842898202744029,0.2853263346672099,-0.0406258698322467,0.3725597315245077,0.38969093083799544,0.3044539182987891,-0.34270534185754553,0.5266553887014833,0.3531137087240084,0.2192137938960259
MGV,,,-0.34874062462242905,0.12937848177293887,0.11140057450539076,0.0018305719663214148,0.13139723963590821,0.2882529902776876,0.13187460991612254,-0.0016905308578007983,0.18265383799348278,0.16002658543704706,-0.04466434335989633,0.2547094344431151,0.01930574282934372,0.2745666344154507,-0.01675716885201861,0.09428483410067257,0.16150254777676198,0.1648061849918021
MIGO,,,,,,,,,,,,,,,,,,,,
MISL,,,,,,,,,,,,,,,,,,0.1496611234875853,0.21548801129591788,0.428144552845241
MJSC,,,,,,,,,,,,,,,,,,,,
MMAX,,,,,,,,,,,,,,,,,,,,
MMSC,,,,,,,,,,,,,,,,,-0.3107042648954522,0.19909917467016625,0.24225947723051733,0.1581294444767165
MMTM,,,,,,,,0.322954525433661,0.1468682332025204,0.05470462406539878,0.11029751261751275,0.2342055106770944,-0.04823108297991008,0.29946940375044795,0.18506679726915332,0.27876627008983634,-0.1678777470023054,0.2341864209161082,0.31515405975615596,0.14443577412861242
MOAT,,,,,,,,0.2751803821162424,0.10265074824962661,-0.04901147397738326,0.22773528423623057,0.2147324482095494,-0.02542537167440473,0.3459894874692353,0.1379970638875172,0.2551620182005252,-0.14131936117745458,0.3117981118107591,0.11055575060212597,0.14717673406382703
MODL,,,,,,,,,,,,,,,,,,0.23990358089949626,0.2495495567830488,0.20013682220013718
MOO,,,-0.5061016577657218,0.5013592953823145,0.20294253157285946,-0.119746223275635,0.10702470078741566,0.026346367785872626,0.008661857005240359,-0.08821182094707336,0.1425750999914901,0.21392642837446707,-0.07000242331910533,0.22618676657176562,0.14089310409373001,0.24064831753128768,-0.07732272656628802,-0.07829722676515927,-0.1249445145133915,0.16262484665510524
MOOD,,,,,,,,,,,,,,,,,,0.12267086458428889,0.1298334585034817,0.3113348226667705
MORT,,,,,,,0.21569596654111156,-0.02194899672145445,0.1738810236878312,-0.10948648341124723,0.18786766603440586,0.17112888519130265,-0.03366205707960612,0.21202578736256417,-0.22351699363923028,0.19372311590993463,-0.28391740508230745,0.12628335615827058,0.006452952690228386,0.11750861500029641
MOTG,,,,,,,,,,,,,,0.2807789887707921,0.1483481616071134,0.15223587791639792,-0.11664303562564737,0.10513431476396562,0.10445627047191186,0.2712218446648502
MOTI,,,,,,,,,,,0.04551548137049766,0.30166560062436965,-0.15116153057828308,0.17625929629317794,0.05669883977693391,0.005384157535935019,-0.07596079933582534,0.08666692589408265,0.02895716727397235,0.2667484997236358
MPLY,,,,,,,,,,,,,,,,,,,,
MPRO,,,,,,,,,,,,,,,,,-0.09840353635304344,0.11360211189135816,0.08544216885940359,0.09906656955979387
MRAL,,,,,,,,,,,,,,,,,,,,
MRCP,,,,,,,,,,,,,,,,,,,,0.14290292823626483
MRGR,,,,,,,,-0.043887186284833124,-0.014293998067355318,-0.004788793682283465,-0.013319155966303287,0.020828566668922743,0.0343805660922647,0.046720700669048654,0.019592659133415458,0.0636887295093913,-0.048405435998881474,0.05085977169554279,0.0527387477392689,0.11966924006313517
MRNX,,,,,,,,,,,,,,,,,,,,
MRNY,,,,,,,,,,,,,,,,,,,-0.6125750630853914,-0.3429306946069506
MRVU,,,,,,,,,,,,,,,,,,,,
MSFL,,,,,,,,,,,,,,,,,,,,0.20461681397667908
MSFO,,,,,,,,,,,,,,,,,,,0.11958388826223287,0.15920849906974865
MSLC,,,,,,,,,,,,,,,,,,,,0.16618045213603505
MSOS,,,,,,,,,,,,,,,,-0.3209011937109511,-0.7289647335022115,0.0203785073733462,-0.4363905600917784,0.1519607591060705
MSOX,,,,,,,,,,,,,,,,,,-0.3769362872003575,-0.8657894722165678,-0.5590551096105967
MSSM,,,,,,,,,,,,,,,,,,,,0.1230064983701018
MSSS,,,,,,,,,,,,,,,,,,,,0.10722810570064611
MSTP,,,,,,,,,,,,,,,,,,,,
MSTY,,,,,,,,,,,,,,,,,,,,-0.433492028859103
MSTZ,,,,,,,,,,,,,,,,,,,,-0.3712528700025377
MTUM,,,,,,,,,0.15817300068341544,0.09090449576547321,0.07162088014800894,0.3709848755922873,-0.024397082388435187,0.2810896638761853,0.2942894644960483,0.14225092653546656,-0.18442791002430803,0.10916378036663477,0.3536304671320152,0.22731326067570978
MULL,,,,,,,,,,,,,,,,,,,,5.458633424766487
MUSQ,,,,,,,,,,,,,,,,,,,-0.03312155667198258,0.1999568365231219
MVAL,,,,,,,,,,,,,,,,,,,,0.15461487301570997
MVFD,,,,,,,,,,,,,,,,,,,,0.11252921871695687
MVFG,,,,,,,,,,,,,,,,,,,,0.22253263743530716
MVLL,,,,,,,,,,,,,,,,,,,,
MVV,0.1420635836110522,0.040492733237677436,-0.6739545696458,0.6053336225734751,0.47366241468160397,-0.14883138451157496,0.30998931861030377,0.6298487497870922,0.18604513425139713,-0.0737873740787629,0.43513779759407223,0.2939595013499783,-0.2669648098406041,0.5098565329016949,0.059189804358408704,0.5356090087198417,-0.3229267173110061,0.2367439764142556,0.18774733390324827,0.06375204014369551
MXI,,0.3900434827158821,-0.4829115559910292,0.5643833139490788,0.16379245885815674,-0.2082404379195948,0.07025246301262111,-0.003928929268077752,-0.0729978673043522,-0.16705596902076014,0.2565099792866221,0.2929328758302836,-0.17316415197256618,0.22311316096909395,0.22070714633826927,0.13639554903548579,-0.08647927662864208,0.14357735395134474,-0.07496445784868067,0.2689648025191764
MYLD,,,,,,,,,,,,,,,,,,,,0.1160678241252488
MYY,-0.046336720692317535,-0.010931547417306842,0.31963809905555784,-0.33393287889655343,-0.2400274802894724,-0.05743965647298799,-0.16939718192343578,-0.2509121232508926,-0.12352977476611338,-0.008536529985095576,-0.20436621881304196,-0.14110438247593804,0.1360362361515206,-0.20213313989410342,-0.25955310958880917,-0.24415514458891097,0.10397015351176186,-0.09876996294919271,-0.07534430967270167,-0.053427953021024766
MZZ,-0.14253991221671503,-0.07752571970939759,0.4447828569997869,-0.5998914531764941,-0.4430913123038901,-0.1789723464181726,-0.32416581141336676,-0.44379689107771414,-0.23442070163525863,-0.03338903551278327,-0.3774899557021837,-0.25536144130444194,0.24963812894900195,-0.3837870439369344,-0.5315039665624638,-0.44072166458241013,0.1349901689273827,-0.24206561273959704,-0.18499808223556924,-0.16785171508396013
NANR,,,,,,,,,,,0.40171913284329386,0.06940740851473248,-0.18318708708020115,0.1841224875907277,0.01210560376190073,0.33411718689917325,0.25712797626158124,-0.014702565384683841,0.01936282275415202,0.3497657304990365
NAPR,,,,,,,,,,,,,,,,0.09089628693136342,-0.12259141958427466,0.31144796102235994,0.13651333746004313,0.0674213184118102
NASA,,,,,,,,,,,,,,,,,,,,
NAUG,,,,,,,,,,,,,,,,,,,,0.15209456666518673
NBCE,,,,,,,,,,,,,,,,,,,0.054504934755437606,0.431165708818946
NBCM,,,,,,,,,,,,,,,,,,-0.044179584023580465,0.07590197025249701,0.19284146574961447
NBCR,,,,,,,,,,,,,,,,,,,,0.19624418332293714
NBDS,,,,,,,,,,,,,,,,,,0.4001108421517232,0.21188927357975662,0.19798587268292778
NBET,,,,,,,,,,,,,,,,,,0.08428564858788845,0.3126505152894117,0.048747478661155474
NBGX,,,,,,,,,,,,,,,,,,,,0.17030431562140858
NBIL,,,,,,,,,,,,,,,,,,,,
NBJP,,,,,,,,,,,,,,,,,,,,0.31071448089242937
NBOS,,,,,,,,,,,,,,,,,,,,0.12889410367434584
NBSM,,,,,,,,,,,,,,,,,,,,0.015494610700485634
NDAA,,,,,,,,,,,,,,,,,,,,0.1478266046802046
NDEC,,,,,,,,,,,,,,,,,,,,0.1417549283155175
NDOW,,,,,,,,,,,,,,,,,,,,0.1543032339158481
NERD,,,,,,,,,,,,,,,0.8541255280906512,-0.1792226538871442,-0.4377546109024758,0.135460672818827,0.31037530584771855,0.22018900903943806
NEWZ,,,,,,,,,,,,,,,,,,,,-0.029637371061636886
NFEB,,,,,,,,,,,,,,,,,,,,
NFLP,,,,,,,,,,,,,,,,,,,0.5847092689573898,-0.01607051139294635
NFLY,,,,,,,,,,,,,,,,,,,0.7162152188937689,0.024311952360127842
NFRA,,,,,,,,,0.10973752285642169,-0.06559924446063681,0.09654856940299217,0.154976561357846,-0.08097811247912523,0.260089633094003,0.020565956750675074,0.1034569988544658,-0.10125189554932379,0.08467738405540248,0.04748131956057278,0.18506484802627532
NFTY,,,,,,,,0.07804081543073682,0.14729024206981634,-0.18016673624185808,0.13586160596654717,0.21779471650630433,-0.0150586095426255,0.0126483980685832,0.08482621914868238,0.24729606245753266,-0.053927181758606,0.23543417257076005,0.04697652092980542,0.025497369853222596
NIKL,,,,,,,,,,,,,,,,,,,-0.22495384637148774,0.5173102027531107
NITE,,,,,,,,,,,,,,,,,,,,0.25593457351762194
NIXT,,,,,,,,,,,,,,,,,,,,0.05582463610179289
NJAN,,,,,,,,,,,,,,,0.08294730360938796,0.1225244130055092,-0.18982246436716643,0.2154518820415503,0.16440680486585424,0.14363141993573314
NJUL,,,,,,,,,,,,,,,,0.08477286223686065,-0.11933353426756432,0.3007506752529474,0.14939582583273658,0.16162771847812363
NJUN,,,,,,,,,,,,,,,,,,,,0.15899993845003757
NLR,,,-0.4465391509662482,0.12676413887290594,0.13980578204813376,-0.3452323529225996,-0.05269334011424576,0.14654916623296899,0.11566807406255286,-0.0904321932030403,0.10276360237605409,0.08544425986017834,0.050039863469402146,0.008682669629278772,0.032265135494440766,0.14590666868894253,0.01628508666366346,0.37249731175399514,0.1525734856206551,0.502276469615057
NMAR,,,,,,,,,,,,,,,,,,,,
NMAY,,,,,,,,,,,,,,,,,,,,
NNOV,,,,,,,,,,,,,,,,,,,,0.11864804253345351
NOBL,,,,,,,,,0.16556165756339958,0.004983195883933034,0.13463765612517098,0.20634869993288896,-0.03336371406477401,0.28194254551748976,0.08208548195160659,0.27467718815123376,-0.06013997413987637,0.07983403609746809,0.06479944401639659,0.08473956076336342
NOCT,,,,,,,,,,,,,,,0.11102898712133369,0.1311539570848168,-0.1374184782685226,0.31104373154156617,0.12797699515226024,0.13249278072508974
NODE,,,,,,,,,,,,,,,,,,,,
NOVM,,,,,,,,,,,,,,,,,,,,0.07569078014396702
NOVP,,,,,,,,,,,,,,,,,,,,
NOWL,,,,,,,,,,,,,,,,,,,,
NSEP,,,,,,,,,,,,,,,,,,,,0.14412060126738435
NSI,,,,,,,,,,,,,,,,,,,0.0032385535515206954,0.3578535387288646
NTRL,,,,,,,,,,,,,,,,0.0032229296606685054,0.04071620700451151,0.02023813238319705,0.008793577548716902,0.06791336721141006
NTSE,,,,,,,,,,,,,,,,,-0.2643483742088234,0.08305271371433798,0.06170032053453456,0.3744145108370458
NTSI,,,,,,,,,,,,,,,,,-0.19215358902711555,0.15021680062667264,0.023414328801197426,0.3082713987641579
NTSX,,,,,,,,,,,,,,0.3145797294413597,0.23783504133323063,0.23765250385614767,-0.25837356086137797,0.22736038889102894,0.21127295538645918,0.19915231202380523
NUKZ,,,,,,,,,,,,,,,,,,,,0.5458522591859676
NVBT,,,,,,,,,,,,,,,,,,0.1666533077452736,0.1231214317978379,0.1348246285330954
NVBU,,,,,,,,,,,,,,,,,,,,0.1396278603971723
NVBW,,,,,,,,,,,,,,,,,,0.127272035012617,0.0920695415872834,0.0979713924237646
NVD,,,,,,,,,,,,,,,,,,,-0.9335316973484155,-0.7189975111570523
NVDL,,,,,,,,,,,,,,,,,,4.175392935885759,3.634554705503879,0.2665718961257353
NVDQ,,,,,,,,,,,,,,,,,,,-0.9414924236917311,-0.7329355737770838
NVDY,,,,,,,,,,,,,,,,,,,1.1887965206978106,0.24874972440684529
NXTG,,,,,,,0.048974188444153466,0.31102106565566157,0.17354012310504063,-0.03779715780209125,0.17968801754114194,0.29089397418810115,-0.1724613340017468,0.2930435113988783,0.2643137182978246,0.21754468052699716,-0.25205403156191686,0.27692538278681633,0.1457092143800831,0.2970336062271648
NXTI,,,,,,,,,,,,,,,,,,,,0.17901442979957172
NYSX,,,,,,,,,,,,,,,,,,,,
NZAC,,,,,,,,,,-0.021554078692485934,0.10730357362134013,0.22830816453414537,-0.1031311073968596,0.2809498988591774,0.1608270695589713,0.19085884747273973,-0.20144989034216376,0.22662651176361548,0.17932896111932073,0.21340718948288995
OBOR,,,,,,,,,,,,,-0.1401299562788062,0.16983278337643815,0.11205938853959818,0.14076681408012703,-0.22287440942173142,-0.08712179447863522,0.08838225324025917,0.2934308506765837
OCTH,,,,,,,,,,,,,,,,,,,0.06106587688694676,0.06937837333987962
OCTJ,,,,,,,,,,,,,,,,,,,0.054287245610828316,0.056971211483621165
OCTM,,,,,,,,,,,,,,,,,,,,0.07196720310899085
OCTP,,,,,,,,,,,,,,,,,,,,0.13596147792422197
OCTT,,,,,,,,,,,,,,,,0.145337422629795,-0.0751023283640693,0.2127946477228282,0.1222140276459413,0.144050473715519
OCTU,,,,,,,,,,,,,,,,,,,,0.1312375728208938
OCTW,,,,,,,,,,,,,,,,0.0706687664494336,0.0028468638927012,0.1771901827987279,0.088368570535823,0.1005351641302849
OEF,0.16720346076958514,0.06155435636321771,-0.3467757054789491,0.18795136543494628,0.10545839061424078,0.017789116895856605,0.13862013530813333,0.2662051972774455,0.13431793107556644,0.025379340109904946,0.13065373117581358,0.20860363662848225,-0.04884373707911516,0.3143097645767108,0.19784748311887834,0.3084564292251395,-0.21916669544827772,0.3328902356552921,0.31602972857073985,0.20870132604114522
OEFA,,,,,,,,,,,-0.0283790385694384,0.221317793480368,-0.1238022062849849,0.2322883515669382,-0.0034450217403456,0.2006842606885843,-0.1797971172805791,0.2411659340472531,0.0217645705642071,0.2466514848857601
OIH,0.03448171483865181,0.5170307748914444,-0.609061013403863,0.5210165252191243,0.1590894937786007,-0.16675961689687002,-0.01249234496904561,0.22294371523169954,-0.22342129643035236,-0.24632063872584076,0.26582373965996564,-0.21379376365270875,-0.4608400579647036,-0.057282841577788624,-0.41496495263367805,0.19067766881284287,0.5568626034569899,0.08357645028462724,-0.09972097229756582,0.056809271508735826
OILK,,,,,,,,,,,,0.05693403231173155,-0.20876568773083548,0.28322787163348595,-0.6108004473558076,0.6743326574096591,0.2620078717912937,0.022483636073190816,0.09346662546143336,-0.12142587221560819
OMAH,,,,,,,,,,,,,,,,,,,,
OMFL,,,,,,,,,,,,,-0.025480582092875514,0.3625181903561967,0.2058729522914058,0.31129770598793094,-0.1367476523262714,0.21697541289013555,0.07693489640036288,0.14841170948536164
OMFS,,,,,,,,,,,,,-0.09010869315558079,0.26213697299408256,0.15631673669331003,0.3036837252702649,-0.17377543092934367,0.14988951047821364,0.04629034262194165,0.13762727577242284
OND,,,,,,,,,,,,,,,,,-0.4245686251814813,0.2565716387624204,0.35497865993514766,0.26554786640605355
ONEO,,,,,,,,,,,0.10682625642440757,0.20327074682554014,-0.12870129447058787,0.26870560501509955,0.10154647967159591,0.2797919304205887,-0.11686343259849175,0.1642253733104131,0.15697503460252693,0.11914510642965426
ONEQ,0.08552670217671343,0.09805609554556405,-0.38868591805007546,0.3992994584781717,0.16055314211246174,-0.02181458904120981,0.14924847985605605,0.35412255706185425,0.1518293209715338,0.07202181712398481,0.11351974427443112,0.2837615353648415,-0.04546168426428676,0.3672175512653213,0.43125237427066976,0.23999328861806912,-0.32968425282344704,0.4652061996477028,0.317486135596047,0.22011491637769676
ONEV,,,,,,,,,,,0.12391657577558868,0.16247526740502516,-0.05388660347604379,0.3139060583724762,0.06214594609804802,0.30737370694442534,-0.0760286164536047,0.13142997849133042,0.11583381723765984,0.09301365580009935
ONEY,,,,,,,,,,,0.17591325795300983,0.1389290467110178,-0.08735754039617794,0.27363463679496136,0.022192170104623266,0.38562549815924085,-0.03614509676566091,0.11278196723540113,0.11104269771302033,0.08770208715101568
ONLN,,,,,,,,,,,,,,0.1867839673517877,1.0842725210379074,-0.24332958565843898,-0.5061900356516718,0.2546086654144577,0.27353634303738295,0.3267492095582234
ONOF,,,,,,,,,,,,,,,,,-0.12028167829755754,0.11588658067890822,0.20009762235421547,0.09733507589442603
ONTX,,,,,,,,,,,,,,,,,,,,
OPPE,,,,,,,,,,,0.08894240921059193,0.19550097320574844,-0.13865568045631782,0.2778261434011662,-0.045339287868973566,0.22024107145355698,-0.12475553464198352,0.16696151378801516,0.10802048022838173,0.392891685795802
OPPJ,,,,,,,,,0.11291614096733538,0.15275325388756644,0.10877807771624881,0.2760745634652695,-0.18967464153155988,0.18330670735109078,-0.043483784404707904,0.13913864379603114,0.04980954342975297,0.3787062607971803,0.20982692739509523,0.37292546778984836
OUNZ,,,,,,,,,,-0.11148645927472423,0.06647940242126116,0.12031386942577593,-0.03192307398869443,0.17894575375289712,0.23962523279324777,-0.06174142634242619,0.009703200448183402,0.11977549678270694,0.2700802781205378,0.627191286856986
PABD,,,,,,,,,,,,,,,,,,,,0.309979322478831
PABU,,,,,,,,,,,,,,,,,,0.30088780603319476,0.2560276440633391,0.14537417269597386
PALC,,,,,,,,,,,,,,,,0.42753750104780086,-0.15067983043521926,0.17724373946331262,0.22951784129457997,0.08425466214054778
PAMC,,,,,,,,,,,,,,,,0.15235380390696318,-0.11987767523308879,0.1937422379539857,0.26395974219124807,0.020669146635526436
PAPI,,,,,,,,,,,,,,,,,,,0.08407819395180383,0.07357108751485808
PAPR,,,,,,,,,,,,,,,0.04321227856976706,0.0755408665699493,-0.044228861307703426,0.16492047276580513,0.12623499213942946,0.06821282117095495
PATN,,,,,,,,,,,,,,,,,,,,0.4126970334300393
PAUG,,,,,,,,,,,,,,,0.09316438936799232,0.07998295765267716,-0.06957659926679438,0.17956867627986517,0.15894035476453605,0.12795833735554862
PAVE,,,,,,,,,,,,,-0.2024793835123455,0.32571501391223245,0.19917410029767368,0.38374901814009266,-0.062248623917528056,0.3096256444082499,0.19131272937151578,0.2116657608049879
PAWZ,,,,,,,,,,,,,,0.22417917210019178,0.6110611792184484,0.11267508177031749,-0.3945242245051894,0.1312753211384694,0.04825961704859649,0.01679939319061985
PBAP,,,,,,,,,,,,,,,,,,,,0.06596803257003847
PBAU,,,,,,,,,,,,,,,,,,,,0.10821785097926062
PBDC,,,,,,,,,,,,,,,,,,0.2876329656928378,0.19170991185973807,-0.028461264566097655
PBDE,,,,,,,,,,,,,,,,,,,,0.12154928137097931
PBE,0.00397009443100127,0.06239361329554849,-0.2583786171718232,0.1915047156766072,0.2998811054879831,-0.07258464898295158,0.13181373973112853,0.575255175978848,0.3645021796012202,0.013572158778643262,-0.20655885219925885,0.20537554925547918,-0.026238739302610004,0.18351346682911873,0.25679655236467047,0.012080752886926671,-0.11101784214149824,0.04597578793312618,-0.0005538791864054815,0.24153091206205834
PBEU,,,,,,,,,,,,,,,,,,,,
PBFB,,,,,,,,,,,,,,,,,,,,0.09922424625147319
PBFR,,,,,,,,,,,,,,,,,,,,0.10506045981050405
PBJA,,,,,,,,,,,,,,,,,,,,0.10174938801075117
PBJL,,,,,,,,,,,,,,,,,,,,0.12036591185934342
PBJN,,,,,,,,,,,,,,,,,,,,0.12021689624765641
PBL,,,,,,,,,,,,,,,,,,0.14113638846796905,0.1733048782561708,0.13366131105469914
PBMR,,,,,,,,,,,,,,,,,,,,0.10987806015465873
PBMY,,,,,,,,,,,,,,,,,,,,0.09868732602412789
PBNV,,,,,,,,,,,,,,,,,,,,
PBOC,,,,,,,,,,,,,,,,,,,,0.10399907920606877
PBOT,,,,,,,,,,,,,,,,,,,,
PBP,,,-0.2892345725165546,0.21331700127157882,0.04110891094851632,0.04075236161331208,0.0289560306754435,0.11488109294880311,0.051122505798491646,0.044643262092179725,0.06989778907765798,0.1119403568104762,-0.06048881610058354,0.1391185737013132,-0.0387103789845189,0.20789082439066586,-0.12218113742610914,0.11754153262830558,0.19888748058391625,0.10169408443163541
PBQQ,,,,,,,,,,,,,,,,,,,,
PBSE,,,,,,,,,,,,,,,,,,,,0.11063863843458588
PBW,0.052418276905294325,0.6080132378388743,-0.6862030354955497,0.21278984287478275,-0.08458121107507155,-0.5126032880394598,-0.19241011310054235,0.5407991250997624,-0.17353543295599871,-0.08609659694728844,-0.18978978663734325,0.38779691115086834,-0.15033462920540752,0.6055705709231396,1.9932887550377867,-0.30374056780462966,-0.45721339828586205,-0.17999908994698066,-0.2880727747245231,0.5003231145553997
PCCE,,,,,,,,,,,,,,,,,,,,0.2667945500638349
PCEF,,,,,,0.0019599977888187237,0.1411640839480195,0.027450004595086286,0.052043862838089705,-0.015360376635771278,0.12897117668373315,0.13673224772417392,-0.09190450108876325,0.2263259663881363,0.04485764665895009,0.157848951000519,-0.1869303579095063,0.08312143460460186,0.1637011948556717,0.12532039978539822
PCGG,,,,,,,,,,,,,,,,,,,0.13926494769179465,0.026362940252599554
PCIG,,,,,,,,,,,,,,,,,,,,0.01078001025416886
PCLN,,,,,,,,,,,,,,,,,,,,
PDBA,,,,,,,,,,,,,,,,,,0.08995818113498011,0.34114356027339743,-0.004160111619378681
PDDL,,,,,,,,,,,,,,,,,,,,
PDEC,,,,,,,,,,,,,,,0.08087961544780353,0.10477646737904145,-0.0621274363804688,0.17876206369008307,0.09865590013762149,0.13529714661444636
PDP,,,-0.45648362416460664,0.24867780258486505,0.2450136096294635,0.0033427254410853813,0.17825896543455388,0.28686952644977026,0.13289547864141715,0.015476230204053643,0.04619698164068797,0.22974506370607362,-0.06400296266794148,0.3474239407112638,0.35795143495247705,0.09398146778060146,-0.23374179300767528,0.218222696024313,0.284692448939349,0.09230478196822056
PEMX,,,,,,,,,,,,,,,,,,,0.19231097836026056,0.32934569523785906
PEPS,,,,,,,,,,,,,,,,,,,,
PEVC,,,,,,,,,,,,,,,,,,,,
PEX,,,,,,,,,-0.011437239807079558,0.04950962894176225,0.13634846034621728,0.14265105162830638,-0.14734761875315217,0.2506116264258049,-0.015461366889683248,0.28506526376333796,-0.26341059896950936,0.22277672081721533,0.14379818820879198,-0.004128178481228928
PEXL,,,,,,,,,,,,,,0.3920632818177754,0.24008864473261182,0.31419874434403416,-0.2043509885328767,0.2464810987570829,0.07084017449539681,0.28241767856535804
PEZ,,-0.11821288203454738,-0.3114329113137535,0.22422488424752518,0.27535545867766165,0.0003573089472570512,0.18776583515577783,0.36954006645293913,0.09227670925668008,-0.0005350306994964527,-0.005107285886538415,0.20162644768212723,-0.07235767298816331,0.17653193200055428,0.3799102468433957,0.2362033153199159,-0.28983189878960725,0.3017424521888783,0.2173775948511334,0.0715769254916121
PFEB,,,,,,,,,,,,,,,,0.11539343051354667,-0.027896646578843942,0.15053919329867194,0.12807299914332448,0.10782187000564236
PFI,,-0.03151427326038525,-0.25733475739053224,-0.05935941613316187,0.1322617389293852,-0.06060439474875612,0.17533424219446747,0.3610107461838159,0.07728775431310897,0.013493883792048855,0.04902731660374182,0.14551185957207236,-0.1653630290614132,0.37797578921214114,0.1381909723389685,0.30895814279629197,-0.2307880664164761,0.13139529601404587,0.32375450352662427,0.03465823341082874
PFIX,,,,,,,,,,,,,,,,,0.8486528745795652,0.12121171531677555,0.34460413267140444,-0.016858541745059408
PFM,0.1424841624563602,-0.0020452831724704357,-0.2821420237142749,0.08446730913947675,0.13167177341321268,0.08302943659181317,0.09725859420122984,0.22816964991969613,0.12132651282228579,-0.03143129645210552,0.159625844500364,0.1702650152917089,-0.046124801948667526,0.27293019487751935,0.09279854665904286,0.24829274552963776,-0.06057151607619138,0.1152258342452479,0.16931170465986245,0.1515812206643281
PGRO,,,,,,,,,,,,,,,,,-0.3186201943669791,0.4602662099064303,0.3633219204214593,0.16345885006705485
PHDG,,,,,,,,0.12192535836359264,0.0685820886578099,-0.09721930151189817,-0.005134627780273071,0.15366759754272064,-0.03392486021452523,0.089030832299966,0.17963680558210715,0.1599066910531335,-0.14381908614373773,0.08793920952372591,0.11960869687383924,0.030444891703820032
PHEQ,,,,,,,,,,,,,,,,,,,0.15168534190304817,0.12090897062576067
PHO,0.20498312890490755,0.17568656176695785,-0.31502647917476256,0.13910617295918448,0.10945106303336227,-0.11748204791440964,0.21891157456260757,0.239688624377576,0.005070472597351161,-0.15221828622023115,0.1529015387521826,0.22552676163550678,-0.06427483359119812,0.38208536842065954,0.20677551818537343,0.33286540609931703,-0.1339282929219484,0.1887547088990016,0.0945090595928666,0.0961994159400279
PICK,,,,,,,,-0.11301612335263844,-0.18523178108045746,-0.39939300270977296,0.5772169937583151,0.3542174532516562,-0.2104274376196582,0.1725131085694176,0.2631031625183331,0.19054492898436948,0.02709796892835148,0.10276398682506271,-0.16035011973037516,0.5196675713238916
PIE,,,,0.531305181530499,0.211133756987554,-0.13382290987123258,0.1498438707886669,-0.024730315831782756,-0.0026852003073802866,-0.1320066946516869,0.022565121413886002,0.4104123567858413,-0.22861806981038635,0.2514780308320448,0.1803151094928146,0.1281569869355501,-0.28758659594356106,0.12556561541129474,0.013795792085632641,0.27174855630962513
PIEQ,,,,,,,,,,,,,,,,,,,,0.3812619573632312
PINK,,,,,,,,,,,,,,,,,-0.03652378429432934,0.046178785793380195,0.07842839351887321,0.23879368256972833
PIPE,,,,,,,,,,,,,,,,,,,,
PIT,,,,,,,,,,,,,,,,,,-0.014778296896060472,0.07285529180632477,0.2232416259564669
PIZ,,,,0.3615762544980119,0.17781537715836304,-0.19653193933165836,0.15340561066157288,0.3413808766168307,-0.06687145807116379,-0.0011808764712890607,-0.06337467872474623,0.3053486734560944,-0.16551227246290867,0.2815757523519964,0.1694947421495765,0.19816718806048295,-0.3040854013493903,0.18006221807734923,0.1817890665890245,0.38815829160557724
PJAN,,,,,,,,,,,,,,,0.07335907930426289,0.09548895417822689,-0.055172363700917604,0.1818470773711034,0.13697524686460327,0.11348024210901708
PJFG,,,,,,,,,,,,,,,,,-0.06693609875271012,0.5503528846700647,0.3385074585200849,0.1730649863090945
PJFM,,,,,,,,,,,,,,,,,,,0.1619025098541984,0.07989972026104741
PJFV,,,,,,,,,,,,,,,,,-0.021904384575996416,0.18788810508423515,0.24027668876028563,0.19372517946044487
PJIO,,,,,,,,,,,,,,,,,,,0.07172055380537956,0.1786108359991463
PJUL,,,,,,,,,,,,,,0.11971458400345458,0.07153502479055773,0.07759522076176606,-0.021393835956272533,0.20192620036902853,0.14297605901533572,0.1354775203352918
PJUN,,,,,,,,,,,,,,,0.10126678008061507,0.07352251485362538,-0.07791566088147661,0.12454941997852398,0.12635843471216335,0.11977060519236482
PKB,-0.009347649334106922,0.12623173258796894,-0.34030276072391263,-0.011074879059251752,0.13731206966476583,-0.08558042643463348,0.4371759610185735,0.26040480614900363,-0.022948543302687918,0.1107564459432877,0.20260942798073112,0.23389923936415635,-0.3146288236889305,0.39804762549954975,0.24001598273882885,0.3515126169361844,-0.2389351458526603,0.5419190937129086,0.22099659147363826,0.24536811136115433
PKW,,-0.018312876500929165,-0.3222699555046412,0.2971339782461311,0.1645687692905331,0.08666172901840374,0.1285470758486147,0.4223257896364512,0.136657754373134,-0.04089200056594389,0.14543786604405295,0.17102432528449296,-0.11255127681279165,0.3349984183405563,0.07400914200595987,0.3449147359583351,-0.10317651563912,0.17542029231632328,0.16808416401810944,0.18690143216680677
PLTM,,,,,,,,,,,,,,0.20794333731964199,0.08986105313914439,-0.10453685770980792,0.11868744496762518,-0.09048068512828,-0.07880946022552371,1.3489933988452858
PLTY,,,,,,,,,,,,,,,,,,,,0.8185431412687905
PMAP,,,,,,,,,,,,,,,,,,,,
PMAR,,,,,,,,,,,,,,,,0.1117139158502114,-0.02877015085542145,0.16215332382417857,0.12867885581370642,0.12152560877535334
PMAY,,,,,,,,,,,,,,,,0.07905795656894088,-0.08382256058755799,0.12370582378700012,0.14389940087741682,0.10380558924232863
PMFB,,,,,,,,,,,,,,,,,,,,
PMJA,,,,,,,,,,,,,,,,,,,,0.06851778288215993
PMJL,,,,,,,,,,,,,,,,,,,,
PMJN,,,,,,,,,,,,,,,,,,,,
PMMF,,,,,,,,,,,,,,,,,,,,
PMMR,,,,,,,,,,,,,,,,,,,,
PMMY,,,,,,,,,,,,,,,,,,,,
PNOV,,,,,,,,,,,,,,,0.09992405389854242,0.07748434638749302,-0.02612901503039944,0.14342621736744743,0.10229916551833473,0.10973034265906789
POCT,,,,,,,,,,,,,,0.12459413242267603,0.09830239947169539,0.10326088195937766,-0.015711933035141845,0.20319781416071003,0.09825148585798615,0.11578412854031339
POW,,,,,,,,,,,,,,,,,,,,
POWA,,0.04668927059614947,-0.2921789113253471,0.19954599845602372,0.1854863411595895,0.12362373961947082,0.07733612113402177,0.20031536747548118,0.1434719463225682,-0.04756360346188615,0.14960043643206933,0.21021299245432323,-0.037477818043364475,0.2906628767569184,0.07278755840170548,0.2683446707074282,-0.06840185807155208,0.10476244523346145,0.13380271627732676,0.12986264305974293
POWR,,,,,,,,0.12855715057030404,-0.14475871286676179,-0.2180318221055757,0.2822429283726464,0.08196085070154191,-0.12633983671425253,0.06652629289466883,-0.28902352100266515,0.41165000060446055,0.39107294146267635,0.07610522750323612,-0.02091279164783011,0.10473681487843534
PPA,0.19170562206280284,0.21824938282298922,-0.36194071557688845,0.18149008271279454,0.08474764476879759,-0.02543191521643262,0.15915916777002548,0.4689968602311898,0.14183328340659584,0.04223497498039519,0.20615672403165464,0.28959482224808,-0.075966179281858,0.3954156541202545,-0.014573990646252755,0.10721562718010436,0.08813483317333226,0.18396722294314616,0.26229031052857543,0.3868294872883409
PPH,0.13907269423649127,0.04957650310856332,-0.19288672137099516,0.16175141879706567,0.0023606980333450434,0.1609609973507502,0.11467952175749074,0.34676948870961355,0.24409949611223736,0.03532999648514301,-0.16292467648940456,0.13308478344843833,-0.07434258332313959,0.1880686176058639,0.05075626938750899,0.1791880735330016,0.027694437732818544,0.061234152585786905,0.0639844176508726,0.22620948062007207
PPI,,,,,,,,,,,,,,,,,0.0275020492617505,0.1251333842719859,0.0647730147378577,0.3070762684767256
PQAP,,,,,,,,,,,,,,,,,,,,
PQJA,,,,,,,,,,,,,,,,,,,,0.1682164523663756
PQJL,,,,,,,,,,,,,,,,,,,,
PQOC,,,,,,,,,,,,,,,,,,,,
PRAE,,,,,,,,,,,,,,,,,,,0.0995459369307341,0.1494880981377107
PRAY,,,,,,,,,,,,,,,,,,0.19682382050007474,0.14158500935578067,0.1009288646893598
PRCS,,,,,,,,,,,,,,,,,,,,0.12904036039515954
PRF,0.17287193271844403,0.0193767340916291,-0.3931743894512577,0.3748811079879839,0.1732392192935046,-0.01641714093239799,0.15145365722839088,0.318082542912866,0.13214510919317668,-0.02837165535196806,0.18822876734170557,0.15108767044951077,-0.09295962036642946,0.2700350405918448,0.07154411197974375,0.3291614209940541,-0.08419985553850862,0.15977818087723428,0.16628529755097632,0.1948200362581729
PRFZ,,-0.0057135065172428945,-0.38136867290337106,0.5537431349195328,0.26222433591236194,-0.07662537152990434,0.16214817693209338,0.37942277567176275,0.05290936644110911,-0.05043551389849954,0.27402385280425623,0.1295637205336584,-0.12174694462961022,0.21034979011642485,0.11671717873187948,0.2976283187388342,-0.16916097045690348,0.20624498825581017,0.13708968217026096,0.12109266862507218
PRN,,0.16226379901215116,-0.3414230409692298,0.12949568091721764,0.3110691629291522,-0.07850823844414367,0.17412765459461443,0.45631203876377424,0.00904848028129357,-0.051098824473183146,0.15317945410447886,0.22356814112776857,-0.16190503878829843,0.3499902433481865,0.34869801207680307,0.2809428452353617,-0.23491942237284524,0.3850965081946778,0.32574549797097085,0.15154741504061353
PRVS,,,,,,,,,,,,,,,,,,,,0.18595548817539176
PRXG,,,,,,,,,,,,,,,,,,,,
PRXV,,,,,,,,,,,,,,,,,,,,
PSC,,,,,,,,,,,,0.15770663816143737,-0.10103536721111372,0.1994885038191987,0.13391662519413816,0.3375827706131842,-0.1674732712868241,0.18967157912341226,0.13091726534451253,0.1434063942568662
PSCC,,,,,,0.060222550846266154,0.11218457467025145,0.4080519573262329,0.12941495278106419,0.03310225339581674,0.3163551253952035,0.09281806296628425,-0.06595065246307119,0.16691824137924915,0.12341196691556444,0.29884906747847806,-0.07057633582007805,0.14708747304938452,0.005120729835588422,-0.16249147519922846
PSCD,,,,,,-0.044067030025264575,0.22355695335444659,0.4596075945693252,0.05614655229275867,-0.07972049239072099,0.17491881208550564,0.17409384964892505,-0.0944772021147765,0.15920086780482157,0.2931037883482581,0.39638266309666625,-0.285520042965948,0.32429992715054334,0.06928638285879685,-0.017421935166309188
PSCE,,,,,,0.00832673615068713,-0.0518867896743016,0.3498700318827246,-0.3429271244529961,-0.4825581226526916,0.35797804284971013,-0.284700863862398,-0.4474316847281983,-0.1792860841672832,-0.3974415931578108,0.567511554049138,0.4013192501859435,0.1165287992220112,-0.05259826790150768,-0.10253735051095192
PSCF,,,,,,-0.0009456580808975268,0.15325999642867671,0.2769468097082082,0.09623120727256884,0.0015931165028089112,0.3601121946758534,0.06384534815999565,-0.08038366382130857,0.21792060259279067,-0.08509829765675525,0.3010523825332483,-0.1995517580315319,0.06069719512705407,0.15715410044577527,0.08112141134062445
PSCH,,,,,,0.11591144173713763,0.12500741134781257,0.5270333844284221,0.10344932898019166,0.2158687492354856,0.05044245084246479,0.3376783067497806,0.08302782856513047,0.2046240132478616,0.32117567616077514,0.05452840148406235,-0.2688749676327721,-0.023626132139338063,0.038217740610868356,0.014605581673988066
PSCI,,,,,,-0.07362788214976002,0.1688222573045608,0.38523593364536657,0.045860572720461734,-0.03369351542988708,0.32938810995356005,0.16175444174366782,-0.1321519104939034,0.281677639102921,0.11721030171200031,0.2696890952695228,-0.09556951884505716,0.31514070756371493,0.17824695586227746,0.1517159516853499
PSCJ,,,,,,,,,,,,,,,,,-0.07679999856387865,0.18659387426357776,0.15125613635031332,0.1298735570079943
PSCM,,,,,,-0.11203455785010596,0.19458304421418138,0.3085617127380822,0.010773828055347323,-0.2557109485595189,0.5752046646086417,0.09819473398731704,-0.2400751722843718,0.18675504295066214,0.22186680513461665,0.1934142988214509,-0.07757384603234707,0.2070366468001703,0.015623798780872944,0.18239724729718576
PSCQ,,,,,,,,,,,,,,,,,-0.04640158194333355,0.19899605647784258,0.1004864203007303,0.11699109137328301
PSCT,,,,,,-0.059754985674593475,0.09311546092978262,0.403684600053384,0.1442432900776487,0.05743168033864454,0.3687381344018603,0.09598175278149945,-0.10794472119962328,0.3869158206309551,0.26288500921213953,0.2701806080547371,-0.23498244994832285,0.20542408090632902,0.004130080849174433,0.20598227400313762
PSCU,,,,,,0.10996611351759311,0.0016105088212141627,0.18726763069801544,0.19995305772485206,0.08096572224544873,0.26964850044454947,0.10747722181118302,-0.044962699449248245,0.10388969560476369,0.04151376797800732,0.31853668331923646,-0.20405339095552766,0.0089847399688745,0.11240027528327201,-0.014280357388086862
PSCW,,,,,,,,,,,,,,,,,-0.05607258680558114,0.11776340743295433,0.1318225227008063,0.06626207490618863
PSCX,,,,,,,,,,,,,,,,0.09799633557379472,-0.0739268615496812,0.16682571859698525,0.1386627037822883,0.117445395736816
PSEP,,,,,,,,,,,,,,,0.08137417453373796,0.09711186110536163,-0.039940895352159944,0.19211252467419726,0.12799415189870622,0.12231038932385085
PSET,,,,,,,,,,,,0.23932797526352423,-0.02290314749943656,0.34728437337786233,0.15720757198911173,0.31752692266745997,-0.1516235726523949,0.23962684986531912,0.19051711449373987,0.08687409114960887
PSFD,,,,,,,,,,,,,,,,0.19624216113701953,-0.03416899834192555,0.21371255727434812,0.14903811955217106,0.1297296512722934
PSFF,,,,,,,,,,,,,,,,0.12839691596337244,-0.04181619984890339,0.18879185193297565,0.13747576370979986,0.10817756489824637
PSFJ,,,,,,,,,,,,,,,,,-0.041611297817815474,0.20485393629296667,0.16383953271748042,0.13940184175559978
PSFM,,,,,,,,,,,,,,,,,-0.0529538858382369,0.18344945773863874,0.14547137622175033,0.07221251089434189
PSFO,,,,,,,,,,,,,,,,,-0.005485110987559105,0.20243293661107775,0.11085301842891537,0.13259764803713936
PSI,0.01535749325200908,0.003488732567942021,-0.4457831966776701,0.4174077501388631,0.18737524586992116,-0.15352327094648477,0.03275775126272662,0.27392314012267405,0.3961784480078039,-0.004283409310587238,0.46967273464946824,0.39506996010402995,-0.13841746501961405,0.5102784191439846,0.5402366996000247,0.4646614175702277,-0.3545073728647141,0.5033846457699189,0.21570157273418555,0.37005954633781224
PSIL,,,,,,,,,,,,,,,,,-0.6859971759725758,-0.270933706694926,-0.2335388148618412,0.5749255297152993
PSL,,0.05634667325969467,-0.20627116940735146,0.1807946142124106,0.17979429977049732,0.09273390000196802,0.09235270080419755,0.31572798347147457,0.1801255055484967,0.1456324296911693,-0.015599687236939164,0.21183425534306966,0.015128683457795722,0.14267650918201835,0.18982659547009462,0.0879882149166955,-0.07539459545115534,0.1348333142747944,0.1459507919350722,-0.027513787883739815
PSMD,,,,,,,,,,,,,,,,0.12214088657712674,-0.04478325801534666,0.17649738161993533,0.13214145662727672,0.1134165271707881
PSMJ,,,,,,,,,,,,,,,,,-0.02575393899717726,0.1998652350870982,0.14438674208843416,0.13593156429720477
PSMO,,,,,,,,,,,,,,,,,-0.01552210348792693,0.20577542894369594,0.09855117728138607,0.11856604270848758
PSMR,,,,,,,,,,,,,,,,,-0.042156823035743085,0.16905038280239726,0.12626055043048057,0.06717241699419385
PSQ,-0.06879186295457829,-0.11639948289166446,0.4396830937831304,-0.37792020099939505,-0.19465741563226013,-0.08348000414856271,-0.1665579576046322,-0.2635188544042456,-0.19052796613523315,-0.12460177058233268,-0.11257047567342793,-0.2410733142414302,-0.0058348072919843785,-0.2727358161163044,-0.4027942289146168,-0.25872686667614864,0.37802168198406316,-0.32469496822393795,-0.16991187237636562,-0.1644315141290449
PSR,,,,0.29281671925822583,0.27915208316163587,0.09374455808582804,0.1439135200013375,-0.0010405040065494253,0.33309663255555,0.01242399898372093,0.05700143727751383,0.09519265365338114,-0.04195277996204394,0.31901663860681984,-0.0451751570713359,0.45816707334728535,-0.24782336080127232,0.08198107751077233,0.00813114201582299,0.04518448365733252
PST,,,,0.0003708819577858957,-0.21227906360510218,-0.28430676303483227,-0.1070849745287985,0.08953602620044099,-0.17734976139953762,-0.05336034362461217,-0.024210797559220287,-0.043921935111457366,0.008738418520551683,-0.1081974827274399,-0.18157511894443013,0.04077667595153178,0.35878811156718493,0.04553643667149965,0.11574057739510746,-0.06163065134909096
PSTP,,,,,,,,,,,,,,,,,,0.13733871943992848,0.1376713626168331,0.10611172780961131
PSTR,,,,,,,,,,,,,,,,,,,,0.11082192391820733
PTEU,,,,,,,,,,,-0.04290147408721934,0.2881077908887699,-0.171801802921402,0.13405270553449955,-0.2067668865767115,0.12390592130448486,-0.08235855761095434,0.11299312382015736,0.008802741907473655,0.32961177457654434
PTF,,0.054200645568421635,-0.3950245832962097,0.3889224575555732,0.10481890991968168,-0.10427068715645504,0.1292285492707177,0.319178142893785,0.10094455629462273,0.05083404872984865,0.0360496211414425,0.3203712681882789,-0.0012261033406009147,0.4791346491869588,0.7873204199511361,0.198686911216289,-0.31985849223563845,0.34544683314095614,0.4811186605799074,0.027342542662300406
PTH,,0.15921326394155355,-0.3440429434446707,0.19548160712506557,0.11828430516754329,0.053617249165787806,0.14760260794116165,0.40908588930051515,0.15118732703865145,0.020555651878365833,-0.09536375427163812,0.5118522428354941,-0.022521239413104688,0.3616961408852877,0.6981752783053423,-0.025226415795992718,-0.18917670961967592,-0.019620947505138542,0.02489922680601664,0.26055838592792746
PTIN,,,,,,,,,,,,,,,-0.012791504232493978,0.11526549355713467,-0.1612820399610585,0.15255656218157698,0.04995490667990676,0.18185320316187714
PTIR,,,,,,,,,,,,,,,,,,,,2.3713116791979485
PTL,,,,,,,,,,,,,,,,,,,,0.1890234767329655
PTLC,,,,,,,,,,-0.07079016042199004,0.060117297556906424,0.20419429713987647,0.007526740698536871,0.1754255739737871,-0.019810712261054686,0.2984666614894773,-0.09162145647398923,0.16744461831516055,0.24915582504596845,0.06150890860949931
PTMC,,,,,,,,,,-0.06947783653962092,0.15510491010992822,0.17012353776036027,-0.009077913101430024,0.010127996882505208,0.06612730904529851,0.13178703514235024,-0.14056903259973375,0.07807253999209629,0.13637630509025955,-0.003936280445805407
PTNQ,,,,,,,,,,-0.03393083534918473,-0.016661567703440294,0.31398627360610676,0.06810988315223354,0.2390622205602615,0.27217560760866744,0.14460400224362124,-0.16597439353408627,0.35502727990803473,0.16289210454694558,0.08195709419957264
PUI,0.2207239626144204,0.06756639021177113,-0.19545466985414828,0.018302992699171572,0.06468347499170246,0.060238150207130525,0.09617195805471512,0.19675456556225734,0.19277831571218385,-0.027622399594421254,0.20630972134965364,0.11979828804152781,0.07634496965733728,0.23768891076484921,-0.03649274076201303,0.17505193077523495,-0.014576860262496605,-0.03987367988730062,0.22347233372059971,0.15384941835326305
PVAL,,,,,,,,,,,,,,,,,-0.026562924133298305,0.18989953999427667,0.18925881107330067,0.25440391301439624
PWER,,,,,,,,,,,,,,,,,,,-0.031208660017121304,0.3299452495732891
PWS,,,,,,,,,,,,,-0.03562201641984852,0.0005026858875041285,0.21639148910263484,0.16032558381256345,-0.1260017837881665,-0.02920345178018413,0.15019705125700367,0.09000839048729703
PXH,,,-0.44126367982142556,0.6024078641414155,0.10083595882985152,-0.20562605475155626,0.12143067904192861,-0.09145269190011085,-0.03347356032140303,-0.21960124911830914,0.36590092798113427,0.24132841522657889,-0.10562235261506092,0.1554550600234852,-0.040227650653571145,0.08054767570418564,-0.15869386016303832,0.1335172279869281,0.13637920617619215,0.3270524050785173
PXI,,0.3457295206779112,-0.4730704394378973,0.33803893018654163,0.3555229032902818,0.014670589853576166,0.10480804877510819,0.2755610379157325,-0.1746639156306724,-0.24323867139601807,0.3181665236079543,-0.10731949123399032,-0.2880536794327744,-0.010147538275223855,-0.35931242931544405,0.731126748635516,0.40503720630129036,0.12143666706993272,0.00978642308809663,0.022092868253795528
PY,,,,,,,,,,,,0.18580049178332647,-0.1293904716722052,0.2555508971290723,0.02708275160655793,0.34831201945741297,-0.05146133506712469,0.08743177560887871,0.16702066612484834,0.08849273837110405
PYPY,,,,,,,,,,,,,,,,,,,0.43249298079392773,-0.29762528207865746
PYZ,,0.2717208337049797,-0.42807202354456286,0.4287198746612293,0.252640580172139,-0.10076501365612522,0.24730169855869732,0.23585602229105573,0.04793202312495226,-0.05859841003424282,0.25182957309074916,0.1898392122073438,-0.25948868790662283,0.18707375146569682,0.1609291308281937,0.3378678093754057,-0.15531669567237916,0.10110636057511257,0.03112584771453064,0.29614823470114127
QABA,,,,,0.1150910134119798,-0.08443323157337057,0.11501379458098149,0.4071938976345777,0.04297394757460116,0.09029755581318732,0.41721173184240046,0.00735828423838969,-0.16504327734432966,0.21001232233683798,-0.10804235571747445,0.34772163345707763,-0.10251633409979855,-0.014741007301763864,0.14312020531992653,0.07009672844485149
QALT,,,,,,,,,,,,,,,,,,,,
QAT,,,,,,,,,,-0.1464410358155258,0.07911879877082861,-0.12984288856824222,0.19071381678829957,0.00567197205253156,0.05694486935160015,0.1320045100524283,-0.053465131562819956,0.011531871010396877,0.04056466627257138,0.098241214335411
QB,,,,,,,,,,,,,,,,,,,,
QBF,,,,,,,,,,,,,,,,,,,,
QBIG,,,,,,,,,,,,,,,,,,,,0.22733030947426114
QBSF,,,,,,,,,,,,,,,,,,,,
QBUF,,,,,,,,,,,,,,,,,,,,0.11828160450324865
QCAP,,,,,,,,,,,,,,,,,,,,0.07330311782451782
QCJA,,,,,,,,,,,,,,,,,,,,
QCJL,,,,,,,,,,,,,,,,,,,,0.13408355227401203
QCLN,,,-0.6317678491263516,0.3458965221994075,0.00428164744749937,-0.4226370434637988,-0.03843497359313286,0.8343803429798824,-0.04282510799707262,-0.06536338003323239,-0.014985640125394384,0.3060947558547016,-0.14190291044880488,0.4248746595480042,1.7950994563559726,-0.0394625967690474,-0.3246585611677363,-0.07370900307684847,-0.17409754253420806,0.308267191252904
QCML,,,,,,,,,,,,,,,,,,,,
QCOC,,,,,,,,,,,,,,,,,,,,0.11560952169594851
QDEC,,,,,,,,,,,,,,,,0.18350938350347645,-0.22686948973065613,0.2992861634785349,0.17541615692781898,0.18821593641588708
QDEF,,,,,,,,0.33464531882169024,0.15041411114193926,0.00021121490187270275,0.1656058423817537,0.16528484161866608,-0.04487090175336672,0.25380719775671445,0.02957101433019127,0.27688970795969636,-0.10896435515724623,0.17668813120192217,0.21270426667767128,0.18433821046651433
QDF,,,,,,,,0.3351010270453334,0.12971008957391894,-0.008747365450881839,0.17523216808534525,0.16358903173424633,-0.08461129925146516,0.2567920111568296,0.045185576175130526,0.28202288386852103,-0.12331084043978147,0.20213683463672538,0.17353689058002808,0.17862131369637702
QDIV,,,,,,,,,,,,,,0.2526540017410006,-0.003118848200989399,0.31146144561452616,-0.013657940167285942,0.05542017742393157,0.09855535002244209,0.04074478557911321
QDPL,,,,,,,,,,,,,,,,,-0.16706329512025286,0.24599358310492714,0.23272904810457362,0.1717168942205869
QDTY,,,,,,,,,,,,,,,,,,,,
QEFA,,,,,,,,,,0.03218149867954656,0.026065694641520754,0.23477940631904537,-0.10845884057824362,0.22309382552181067,0.06074613432855824,0.11841052425222376,-0.144570960577331,0.1658269998120272,0.03236202780908659,0.3003195379415218
QEMM,,,,,,,,,,-0.13085120583231247,0.11547466104955628,0.3050100972342671,-0.14277822679607988,0.14747687484560368,0.0865734154608333,0.053410029077990195,-0.18182685222624428,0.11958180416923625,0.06368230878471426,0.22459102784583518
QEW,,,,,,,,,,,,,,,,,,,,
QFLR,,,,,,,,,,,,,,,,,,,,0.1810139890464768
QGRW,,,,,,,,,,,,,,,,,,0.5719428479050321,0.3747903029610755,0.20275782746156557
QID,-0.2674192129688613,-0.2734746397677358,0.7217879696009026,-0.637264351243791,-0.37169082735977244,-0.19911240874569514,-0.31713502588422215,-0.45943022213450013,-0.35151118991610986,-0.25088255633906775,-0.2260672273392832,-0.4305055089449742,-0.0669318981535243,-0.49143867901815375,-0.6867020099154263,-0.46438357205550185,0.6988896896345973,-0.5781800456921364,-0.36161604388627466,-0.3639594406334403
QIS,,,,,,,,,,,,,,,,,,,0.0010870865380006034,-0.36440683994167566
QJUN,,,,,,,,,,,,,,,,,-0.1739597414780124,0.3718679319615268,0.17378566464512724,0.1364932286743159
QLC,,,,,,,,,,,0.10616136505303464,0.20990282987273812,-0.08589646379111482,0.2418331777122691,0.128878686573477,0.3019795725208827,-0.17481593450450394,0.2652105524288242,0.27439140287598196,0.24397612037104977
QLD,0.1941525977674996,0.28620003612895273,-0.7199252680308879,1.032807646992072,0.333387756302298,-0.02942886582899873,0.3002969505005433,0.7106604197051192,0.3973759013883915,0.1522102076657137,0.14829232983703933,0.6744168080074364,-0.11380051657837797,0.8034800173095611,0.8289347993756375,0.591490011033641,-0.613261271593361,1.2080942276135245,0.4779295002678643,0.33169985073152763
QLTI,,,,,,,,,,,,,,,,,,,,0.1786739292284747
QLTY,,,,,,,,,,,,,,,,,,,0.21614458149643956,0.2231349687226034
QLV,,,,,,,,,,,,,,,0.0909961727789752,0.27798700339342375,-0.09425068573918838,0.13905285527311095,0.17926816237014864,0.13188769281030388
QLVD,,,,,,,,,,,,,,,0.026394553346812177,0.08263829441123782,-0.12003872849888297,0.1125367241263251,0.05513663794671175,0.24992982452411616
QLVE,,,,,,,,,,,,,,,0.028461092553475398,0.007891059367777897,-0.13522602013612683,0.08511039737992387,0.10568182858720632,0.2164787302361506
QMAG,,,,,,,,,,,,,,,,,,,,0.13544862779048228
QMAR,,,,,,,,,,,,,,,,,-0.1705392144114951,0.3607645556986334,0.16286344674128217,0.11140997280556642
QMFE,,,,,,,,,,,,,,,,,,,,
QMID,,,,,,,,,,,,,,,,,,,,0.06269269598605365
QMMY,,,,,,,,,,,,,,,,,,,,0.15881012930300464
QMNV,,,,,,,,,,,,,,,,,,,,0.1599901444217644
QMOM,,,,,,,,,,,0.0830824425426515,0.1606624449017482,-0.1165983593937639,0.2902689468800137,0.5986114979093404,-0.0271352760056344,-0.0662392729575256,0.1382587120949139,0.3219719080800556,0.025848578295011
QNXT,,,,,,,,,,,,,,,,,,,,0.15416987610413457
QPX,,,,,,,,,,,,,,,,0.2400210854117626,-0.3130279406738988,0.4542298897113643,0.1916470589428205,0.2542329921955921
QQDN,,,,,,,,,,,,,,,,,,,,
QQEW,,0.09464795805406068,-0.4242817783939251,0.5321644022445449,0.18892718350731985,-0.042629943280919735,0.13245461987968876,0.36111026100466637,0.2016842362833735,0.023571913508839026,0.0924577469047152,0.24720952146952802,-0.06840000045899197,0.35600004888091275,0.3551463268313104,0.19345787446347296,-0.2447881989208347,0.34038587550694976,0.0818132930115143,0.1523859237837346
QQQA,,,,,,,,,,,,,,,,,-0.29172278760091097,0.254309360411588,0.18634369453583077,0.10962956395697732
QQQG,,,,,,,,,,,,,,,,,,,,0.15867693277285078
QQQH,,,,,,,,,,,,,,,0.17884980930948102,0.10089178756821515,-0.28448857132273864,0.3159249176267147,0.27394952054512633,0.14722282008524745
QQQI,,,,,,,,,,,,,,,,,,,,0.19689631518627992
QQUP,,,,,,,,,,,,,,,,,,,,
QQWZ,,,,,,,,,,,,,,,,,,,,
QQXL,,,,,,,,,,,,,,,,,,,,
QQXT,,,-0.41791597254117563,0.4035146415651585,0.18529169968627168,-0.02645783033299076,0.18059150176462313,0.3765564422493328,0.16941933208844762,0.04974797651638818,-0.0010398105806360691,0.19133625322981485,-0.07131496714271413,0.27883022747325636,0.3556796303664398,0.13841115632485668,-0.12856023495558588,0.17207509794977227,0.0653581000032204,0.0892837937635782
QSIX,,,,,,,,,,,,,,,,,,,,0.19652102596778054
QSML,,,,,,,,,,,,,,,,,,,,0.06506824282159318
QSPT,,,,,,,,,,,,,,,,,-0.207241564025896,0.4314904187822495,0.1754676369491699,0.15203622671274042
QTAP,,,,,,,,,,,,,,,,,-0.2601790504565811,0.4407351811852267,0.17526388304128226,0.19719918406793635
QTEC,,0.07603765139231888,-0.44266179439149367,0.7354226976709533,0.19731983125187824,-0.07109251770177849,0.06590747968812205,0.33199327427518144,0.2647662130098112,-0.013192334240537562,0.2764745764268701,0.36746559526558475,-0.06339314637963467,0.47462524496797087,0.3575801477600493,0.2820509457975853,-0.39801249415836915,0.6812538601953693,0.10750770106362872,0.23550077806060843
QTJA,,,,,,,,,,,,,,,,,-0.34600464851479473,0.2672094378710217,0.2002297106427242,0.18558342230748615
QTJL,,,,,,,,,,,,,,,,,-0.3064282004681127,0.43414080338780736,0.1753383235318151,0.21473716225346928
QTOC,,,,,,,,,,,,,,,,,-0.3034247826127754,0.39158931105544514,0.15760547243360512,0.17667401151291107
QTOP,,,,,,,,,,,,,,,,,,,,0.23615545849184172
QUAL,,,,,,,,,0.12135085977745241,0.05464480397993654,0.10294769502771461,0.2138591433019259,-0.061353434516950855,0.3396365666074175,0.16025994885197803,0.28989000112579144,-0.20285051524336917,0.31248334516050624,0.23181562397726507,0.13790010073623526
QUS,,,,,,,,,,,0.13940216749140988,0.21103467790165342,-0.03810212928769652,0.3258249542384164,0.11870802357460764,0.285050245563198,-0.1415503392922136,0.21845988856805998,0.19005202399752985,0.15087571344971273
QUSA,,,,,,,,,,,,,,,,,,,,
QVAL,,,,,,,,,,-0.1298299201358334,0.1269108356256085,0.2450345367554856,-0.1851376807921527,0.2216560233071001,-0.0614639165377094,0.3469234224353774,-0.1132128532715281,0.3182700656263597,0.1204878653608503,0.1202962732418009
QVML,,,,,,,,,,,,,,,,,-0.16659656015351343,0.22760551138588592,0.2636386014397638,0.18591824250166433
QVMM,,,,,,,,,,,,,,,,,-0.1310509402164155,0.15902849250349305,0.13843404793509473,0.10152198737592699
QVMS,,,,,,,,,,,,,,,,,-0.15351107981152734,0.1716553294665395,0.10163512108459427,0.07150471217359233
QVMT,,,,,,,,,,,0.22411464300713524,0.1773682286711038,-0.10106224109933315,0.2743781024203338,-0.11335303738730063,0.35686803062273054,-0.06958861477367928,0.11840887316397808,0.13122668262870874,0.19947829008521967
QVOY,,,,,,,,,,,,,,,,,,0.16659152304301417,0.024427626749730758,0.08022381220316199
QWLD,,,,,,,,,,0.03390563533575319,0.11319240230468086,0.22438828675802291,-0.07272369660930378,0.2776965234251343,0.09472504784545599,0.22391245394721282,-0.13385650284844863,0.19342653180312763,0.1472017897658957,0.18945793498716057
QXQ,,,,,,,,,,,,,,,,,,,,0.20809965590485557
RAA,,,,,,,,,,,,,,,,,,,,
RAAX,,,,,,,,,,,,,,0.06140288357936141,-0.08427834645048338,0.20664743693405208,0.01312307192828599,0.07757937731422349,0.1175463922389508,0.24904472149200485
RAFE,,,,,,,,,,,,,,,0.048492773634462916,0.3188261571243467,-0.1475120581501258,0.18476460145720353,0.1400961750204779,0.19064133569302832
RAYJ,,,,,,,,,,,,,,,,,,,,0.2051504746340025
RB,,,,,,,,,,,,,,,,,,,,
RBLD,,,,0.22939135019840662,0.15165355762550803,-0.18498643437577356,0.1520505872863509,0.21259187418848846,-0.08941345541200152,-0.009495774536646961,0.15765714981965306,0.2223610771094915,-0.2234639661299922,0.1252869521115838,-0.004191216231886341,0.1425244179601779,-0.10145402233029677,0.1968333829750193,0.18415477379032108,0.1489036698366979
RBLY,,,,,,,,,,,,,,,,,,,,
RBUF,,,,,,,,,,,,,,,,,,,,0.12323005450141222
RDIV,,,,,,,,,0.22441484667766898,-0.05420396213407119,0.29329716652753546,0.10310327919960782,-0.05914691907806857,0.22106271149994638,-0.10293629037147178,0.2950592689515288,0.06913307255358836,0.04800471019365893,0.14177057244231484,0.1276768230936387
RDTL,,,,,,,,,,,,,,,,,,,,
RDTY,,,,,,,,,,,,,,,,,,,,
RDVI,,,,,,,,,,,,,,,,,,0.18999433424492507,0.1430961460868927,0.19359543042258176
RDVY,,,,,,,,,,-0.030062272484317698,0.21595652140967392,0.21701097746399323,-0.10307829274817337,0.37397956161270196,0.1253169611953746,0.3331282212575237,-0.13964802256804842,0.20817119474136936,0.1609238773013908,0.2038363007237296
REAI,,,,,,,,,,,,,,,,,,,0.07055094325387712,-0.056938458510526035
REET,,,,,,,,,,0.0018202081115104018,0.059558923351249016,0.07487205992704715,-0.05129142598701586,0.25926599228419156,-0.09504803913929472,0.3624506985048639,-0.23656999982458293,0.10524897787521437,0.020551768537647286,0.09434595448792615
REGL,,,,,,,,,,,0.31986753239525667,0.09970570026247327,-0.03263025490719962,0.19597166169378344,0.07842509337530634,0.21712012647111756,-0.0021877820856208707,0.05250271858587263,0.11894387703398168,0.08851241755885919
REGS,,,,,,,,,,,,,,,,,,,,
REIT,,,,,,,,,,,,,,,,,-0.2043842856867194,0.1411885370201742,0.0586026066885014,0.0065945146870942
REK,,,,,,-0.12636938140686405,-0.17743820003551092,-0.03349105028148591,-0.24267494870425355,-0.04743083578627838,-0.10832918561287153,-0.08870995818889393,0.038883993934313965,-0.22598724920307522,-0.12392734369218183,-0.3265305523678824,0.2769772516568807,-0.06204610123875576,0.019828669422816247,0.0018744829761141446
REM,,,-0.4231940819550972,0.13112074857954514,0.16005073160086702,-0.09839577974865377,0.20433929046496946,-0.0556602647797948,0.159155959103765,-0.10893942644971344,0.2099222698946217,0.16439085771847406,-0.021166748764752885,0.2043804435522003,-0.20059662759535035,0.19790676129609697,-0.289614675101897,0.12397736499295364,-0.005804835138847109,0.1261398059343013
REMX,,,,,,-0.38143634778826707,-0.13870447643665307,-0.33745661342202626,-0.28734122081221647,-0.4433236448174076,0.3154818824746288,0.8027277738177123,-0.5058683938676928,-0.0033254465064619376,0.6063700600809505,0.7242058222119576,-0.31666997916946726,-0.17592723825185386,-0.3468720921853812,0.9129388810169177
REW,,,0.9016249213561496,-0.6881347346601674,-0.28492411070308044,-0.15853651049460882,-0.2520719177276257,-0.3761892357539549,-0.37829247647692954,-0.18251403601714677,-0.3322321229394072,-0.4822271594275589,-0.08611377780369656,-0.5636658012203326,-0.7021863784637805,-0.5523490812823687,0.6800367583966578,-0.6185845438694879,-0.36909168484375077,-0.4456302405128565
REZ,,,-0.2380149240002538,0.2583660912089767,0.3327680579276744,0.14213482450322257,0.1279634233656628,-0.043816079443698475,0.35316170334822683,0.09476294983896438,0.04211357968716478,0.04427919115185852,0.04618089470599718,0.28255038031839463,-0.0529544229137896,0.5353586883625994,-0.2757554264003874,0.11445392868249793,0.11321949695915046,0.06822452038873195
RFDI,,,,,,,,,,,,0.23634972575004887,-0.1897210586555501,0.20797410752831125,0.08243369873367623,0.16172054053740426,-0.23555778761306734,0.18096561853374604,0.0642452134415401,0.3725361086336034
RFEM,,,,,,,,,,,,0.3451818743154309,-0.20668616779572635,0.20004860854713558,0.060105104445120405,0.0047855195670605255,-0.19471099841017148,0.21378128357054949,0.12056157106730092,0.2731285460314563
RFFC,,,,,,,,,,,,0.1983230452499891,-0.1108610918514122,0.2352503213718602,0.1089271831800104,0.244893376042147,-0.1510428602639515,0.2033520598285956,0.243568612604025,0.1759557917497489
RFG,,0.10299458414397211,-0.3457727265964683,0.5385621955148479,0.3235600952481057,-0.008971830156140448,0.16472887922630375,0.324025111588484,0.007900201346777491,0.02933556443272356,0.0614169804356155,0.20182674388986022,-0.15086385065226027,0.17671175568893105,0.3158850494146619,0.15138343515432506,-0.21469785002249886,0.185357937929435,0.18483758739002143,0.09465693773067452
RFLR,,,,,,,,,,,,,,,,,,,,0.121212829706425
RFV,,-0.04487847573237114,-0.42369223048237625,0.5468823557060325,0.19581439867257622,-0.0703485703778628,0.17033355789520566,0.35070072718925305,0.09833413348805053,-0.10614752509459091,0.31523458588449027,0.13765823477349626,-0.19754698079020527,0.22049377340225274,0.09361992566423005,0.351451808785036,-0.047290469193838613,0.2968578076749049,0.05894689949972287,0.09318175202899037
RGLO,,,,,,,,,,,,,,,,,,,,
RIFR,,,,,,,,,,,,,,,,,,,,
RING,,,,,,,,-0.5325466050829162,-0.2040912861655947,-0.2758038560519386,0.5390956774882298,0.06026857744527514,-0.1561291228673557,0.4936630180046464,0.25239041529611717,-0.1403371193622882,-0.13636463591865422,0.07847271855602744,0.18141403931560762,1.5806793790643119
RINT,,,,,,,,,,,,,,,,,,,,
RISN,,,,,,,,,,,,,,,,0.2359672064409999,-0.16949633978651124,0.10330473596333167,0.08479445704224409,0.1254907059992736
RLY,,,,,,,,-0.04146819095233245,-0.05894763107722967,-0.15086431762214214,0.1287847826280193,0.10313556904022714,-0.12482237070972235,0.1537679158144294,-0.008223334053839348,0.2284965495275726,0.07182946124293466,0.04033954098559489,0.026460046575390583,0.20216327242779775
RND,,,,,,,,,,,,,,,,,,,,0.23453453220006404
RNEM,,,,,,,,,,,,,-0.09341924076894881,0.13595548106408994,-0.09229596669504225,0.05972933255792312,-0.08746017525377936,0.23369426859528208,-0.0010870348168079413,0.15058234643858248
RNIN,,,,,,,,,,,,,,,,,,,,
RNRG,,,,,,,,,,,0.08120248399953711,0.2149553684965746,-0.06814835715638745,0.36790611038897847,0.25953375143663027,-0.13641966664187488,-0.15191207349364566,-0.12017169454059562,-0.20521533223113675,0.28760040101922013
RNTY,,,,,,,,,,,,,,,,,,,,
ROBT,,,,,,,,,,,,,,0.3375840770213112,0.4445003294829446,0.10395624883378995,-0.353974504614048,0.2695657352131129,0.024934549098551306,0.16584389882848694
ROE,,,,,,,,,,,,,,,,,,,0.1859120508992779,0.183998313842443
ROKT,,,,,,,,,,,,,,0.4067782356011085,0.06464484765090739,0.0783453102289513,-0.01236861797895783,0.1451955213506877,0.2955329688391146,0.512014371910309
ROM,,,-0.7220858191079773,1.2713536641960115,0.16019804493699086,-0.09216007186350261,0.15566234139513924,0.46879509653269835,0.4190745946646104,0.04035211960082452,0.296443752569834,0.7852865699191973,-0.12807869405840555,1.0097581695501856,0.7371338767278068,0.8404394117052283,-0.6425631258410534,1.344699177511667,0.39286967971090636,0.39681180936101246
ROMO,,,,,,,,,,,,,,,-0.042402412916120014,0.21814759307121045,-0.19131142356313968,0.1060846720081361,0.21429215884625696,0.10398821637239286
RPAR,,,,,,,,,,,,,,,0.1769059122986847,0.06707499413995088,-0.22451918447958008,0.05461014004682285,0.005872219067567741,0.18538591630216228
RPG,,0.06899369898653496,-0.3789449024069498,0.43077628587912176,0.24742624768478794,-0.009231445086539947,0.13496757101165957,0.39716997431238465,0.1475555476586028,0.022341169195214228,0.061901988406521724,0.25617402346908835,-0.05489667796724107,0.2895288444214479,0.27776345731332097,0.31121083765864443,-0.2701563418683274,0.10288975667423172,0.3107059610784282,0.1433614610552827
RPV,,-0.04483487488550553,-0.468763858865312,0.474236188211125,0.19714270125246358,-0.024875750808570074,0.22387792612640478,0.4393113291840627,0.13543342703376404,-0.08284552483039553,0.2009451812219245,0.15530460333718632,-0.13266526989809335,0.23404526150960447,-0.09496619350349311,0.3519527688820321,-0.025567871754035743,0.07454529071706006,0.1126901887790126,0.18840681950962557
RSDE,,,,,,,,,,,,,,,,,,,,0.09472469669426231
RSEE,,,,,,,,,,,,,,,,,,0.09692668588631714,0.19909416816423198,0.2197342190901057
RSJN,,,,,,,,,,,,,,,,,,,,0.08698942034526058
RSMR,,,,,,,,,,,,,,,,,,,,
RSMV,,,,,,,,,,,,,,,,,,,,
RSP,0.13508902395639089,0.00950725048169665,-0.39126445066118676,0.39833707921582384,0.1940470100871834,-0.016604815013766427,0.15391625719552415,0.3235819734461449,0.15115004439909008,-0.026450744866048925,0.15788939937052415,0.1757962110387783,-0.08518082529932192,0.2883606552857443,0.12337824690924548,0.31302602711941363,-0.11692995823590524,0.1380235321199359,0.12755375274793335,0.12498445930379831
RSPA,,,,,,,,,,,,,,,,,,,,0.12734091787295898
RSPC,,,,,,,,,,,,,,0.201728103768551,0.22053999043696448,0.1575425488728026,-0.2992694161328383,0.16825562537730643,0.18364043098327487,0.18547361963552067
RSPD,,-0.16379550698922296,-0.3953009483302795,0.5682154033829017,0.2557044074042627,0.03414399668631796,0.2026388243484929,0.40704496256686484,0.12270289629715858,-0.023872479264332225,0.06316899146068633,0.141336781987627,-0.09965768884169701,0.25028731657384506,0.10939838026675308,0.3064063220209363,-0.2423247927708182,0.2217145036478234,0.14136903590837124,0.09780579981849846
RSPF,,-0.1788076388669413,-0.5427280702935522,0.3296521404344728,0.20587599483831265,-0.14366953893024692,0.21221105308854704,0.35056953578540506,0.15806219168027513,-0.01484133575008717,0.24610421434937946,0.2068198974610771,-0.15374422588748016,0.3080408648219579,0.03827409986776509,0.3778650891234361,-0.11194613565847966,0.06236231275780968,0.25395760978265813,0.11462394208069515
RSPG,,0.4719083013048373,-0.49046876478791324,0.38463518169387445,0.21792849995104246,-0.022175239859644647,0.015889384529945927,0.25549481565815535,-0.13634811219464305,-0.289365066783835,0.3505011415994661,-0.07500875081579217,-0.26178893624831734,0.10938204412764363,-0.3335965278596198,0.5619194324519212,0.5264019967788403,0.08813072069664996,0.05222665719882347,0.06027704479708351
RSPH,,0.10373206725971018,-0.25884353091168133,0.3500031433742634,0.0939550630935233,0.05010788300778857,0.17983360866368736,0.3838114777064312,0.30548446037117327,0.07911666077011836,-0.027628825934280954,0.2173547860362084,-0.019506769862210005,0.26876002117514797,0.18495945335241326,0.2361019022230213,-0.08625660613511721,0.04022896406711429,-0.022537317851428762,0.10607969333997502
RSPM,,0.1116942725660881,-0.4162269622232653,0.6202966400214107,0.20090483210910115,-0.10534460437519677,0.13625948032222102,0.2174586810509378,0.07632418696229903,-0.07527837447921737,0.23137706393474122,0.2506004312134338,-0.1624143638987019,0.2491134328261293,0.23417705086197493,0.32140525198334857,-0.09122331918660975,0.08053730416337723,-0.014808781748395283,0.08741031705313218
RSPN,,0.14965067027586665,-0.3634591477510861,0.2962269046004964,0.24999293189090244,-0.03094776543075528,0.13804063017719526,0.3689743014160425,0.13287262046667103,-0.0679350141898607,0.22653596872940773,0.22372399966231993,-0.13726843105883324,0.3277180999053435,0.16342862580755546,0.2944361543297265,-0.07851618928666437,0.22064238619927212,0.18953659618452878,0.15510442071494346
RSPR,,,,,,,,,,,0.02135715488362666,0.08533850231575335,-0.03498986342770993,0.2816308637804148,-0.019931746258706196,0.5388810043961627,-0.24997605502092735,0.11253844981279126,0.07622784039672093,-0.003430775823351273
RSPS,,0.08940021109956997,-0.20463911422189862,0.2621448994475428,0.1718530546776713,0.12962100860947645,0.11831166644109548,0.29362235890251975,0.1913242920035001,0.13700043954186514,0.06153912256021399,0.13661521316323855,-0.10411757042069714,0.2878581679372487,0.06741908668073426,0.14932448043014812,0.027567505665860415,-0.05141813374332682,-0.02866337877209879,-0.00011225699987671423
RSPT,,0.01692684786704568,-0.4445895428565605,0.6907849954612271,0.16559061902182104,-0.08030902672364382,0.10463703203894004,0.3575854801320244,0.20362591585228773,0.028761890685663705,0.20945378211212473,0.3176643519966753,-0.018021202032898698,0.41747960189668154,0.2813554721823066,0.30016759088861567,-0.24882255132794862,0.354997683116963,0.179417599461291,0.23895724573626365
RSPU,,0.10003336422749975,-0.2993966657643111,0.20783961290757613,0.11907433242734711,0.11705706830849305,0.08125213955573551,0.11261802624247186,0.2988489683822635,-0.046826244196748634,0.16117038623100544,0.09023888836658145,0.07431261165629,0.25323839701250583,-0.021177662524804575,0.1902140512400936,0.051943361191160387,-0.03200262369037565,0.21792681937555813,0.17192528492956272
RSSE,,,,,,,,,,,,,,,,,,,,0.08700046907075554
RSSL,,,,,,,,,,,,,,,,,,,,0.13427468875320847
RSST,,,,,,,,,,,,,,,,,,,0.21371174697019812,0.2204473232302675
RSSX,,,,,,,,,,,,,,,,,,,,
RSSY,,,,,,,,,,,,,,,,,,,,-0.013396812465972352
RTH,0.06524494673092751,-0.058986921434492134,-0.16695952269438075,0.23796500624942762,0.13990323890251655,0.04135419899307324,0.188786217364721,0.38773790716769074,0.18762184018051897,0.11418890652316249,0.010610983071957403,0.21680970327957838,0.02464144345272401,0.28175862544202523,0.30856947108431654,0.25462715160900484,-0.17574670767894685,0.1941465887798095,0.2013885363242809,0.13447949375311752
RULE,,,,,,,,,,,,,,,,,-0.2279869509272061,0.0629599737319248,0.0936127427634017,0.0534146131073616
RUNN,,,,,,,,,,,,,,,,,,,0.17997665791344186,0.0398524069517352
RUSC,,,,,,,,,,,,,,,,,,,,
RVNL,,,,,,,,,,,,,,,,,,,,
RW,,,,,,,,,,,,,,,,,,,,
RWEM,,,,,,,,,,,,,,,,,-0.20577944825808392,0.22069001055848303,0.0835051531734925,0.2776887134286965
RWJ,,,,0.4407643103037022,0.22378547973585805,-0.027173990358436484,0.16429983601531495,0.41583762672018243,0.07706650206479226,-0.07934457401761041,0.3252771829262806,0.0399218183611072,-0.18174595533513316,0.17996740683812762,0.20765595330637243,0.5389857323157439,-0.12269606742877492,0.16687904013393484,0.11974939765997283,0.09338336274441983
RWK,,,,0.470264379783881,0.21366794823847335,-0.027526705453917888,0.1386893002716647,0.37253709949426694,0.1062868382884008,-0.052113094876433785,0.22452321798855923,0.12193863898743618,-0.15580409820127694,0.27653044439192165,0.10637664373876055,0.3666286592772239,-0.0832234924481896,0.24643443404125365,0.1234542309713822,0.11898715553690109
RWL,,,,0.2641522815574129,0.1527969783004648,-0.009946474293968222,0.16040779596695764,0.3448741819734906,0.14343823097137798,-0.012659781583653329,0.13065565248145528,0.18987320888367787,-0.08438243166132442,0.2714691747187048,0.07837206023043986,0.3106080140547862,-0.06682163558400545,0.17703583557631397,0.15917650633386038,0.19845654751680475
RWLC,,,,,,,,,,,,,,,,,-0.1200303016106381,0.15426997075737447,0.30711810597939904,0.2300595389272917
RWM,,,0.22770805579203346,-0.3143564817137756,-0.2542293792549686,-0.061056541555749355,-0.16540845956612849,-0.2841390896203968,-0.09330983871330378,0.00048353921822119617,-0.22946175902529686,-0.1312770811581423,0.12664210989477587,-0.1943683350573826,-0.3106255332047346,-0.1910852146994262,0.19829809266432563,-0.1093579832264554,-0.06492604655894607,-0.09914559707919901
RWO,,,,0.311351205215471,0.23108208478180803,-0.04457451130282841,0.24055425849760326,0.011896334853623403,0.1950355015549936,0.003673735041639592,0.05206754177099082,0.07634825380269272,-0.05903373100335907,0.23202183946091726,-0.09859680095038192,0.3451017826606386,-0.2487092420059167,0.10724867626046097,0.014842429098083754,0.11107653000395623
RWR,0.32641931264149515,-0.1784817768320517,-0.3840811039405827,0.320604845783399,0.28534965616966357,0.07079226211621181,0.15853377831254534,-0.0018786947249296304,0.3201404518372055,0.026457610098305828,0.07787129735227283,0.032582864460148686,-0.041726442217517534,0.26025296284995725,-0.10742258617478595,0.4977412729646262,-0.25680252510277257,0.13876907489712353,0.06608289453278271,0.04986641502326239
RWX,,-0.07202868201905932,-0.5037124742972925,0.3186031690243212,0.1941130135716489,-0.15800315450467672,0.35735494509050403,0.029978878339301795,0.06355320470646042,-0.030398273490202077,0.012214629018951761,0.15400496591966828,-0.0878633592665018,0.1988272908099138,-0.09209237413654714,0.10538811455403518,-0.21927829759723205,0.052638879475810585,-0.10878926639136544,0.2723150495581943
RXD,,,0.32802526058702264,-0.37013443869795914,-0.134222211760477,-0.2842214740819542,-0.3034294815474595,-0.5164650808733056,-0.42235762783149056,-0.2122672898656789,-0.06951127031208171,-0.3439475333516686,-0.13289229024516336,-0.3424696392913117,-0.440723241694548,-0.38652853175513413,-0.006588701586969892,0.025203248181943305,0.08510903723747187,-0.22173635919564705
RXI,,-0.039498531422373806,-0.3836852751206147,0.33347675929143916,0.21948115058087625,-0.05862710061581755,0.23076226060031302,0.35701301862296964,0.03818339740600707,0.06223081626747473,0.053674639227526466,0.22017825735577357,-0.07319006589461519,0.2661353047370345,0.23240293237181175,0.1718293649512519,-0.298252779574005,0.2696524795238,0.18692362753231873,0.15037180567414765
RXL,,,-0.46999528287854897,0.35670326003355934,0.02426696079194035,0.15508419941581164,0.3543383362835075,0.8769818658137565,0.5442576318495014,0.07339676491112512,-0.049942331598316625,0.44607143706061314,0.020006010781772554,0.42701936188301115,0.18715640004392942,0.4994384326750023,-0.13749256425583212,-0.024276171217012643,-0.05943914342609524,0.21297843229754454
RYLD,,,,,,,,,,,,,,,-0.003303687145572609,0.233035665522632,-0.13422016357262567,-0.006109051241434127,0.10329395355605264,0.06150107488661671
RYLG,,,,,,,,,,,,,,,,,,0.08766551492133012,0.11590881779894335,0.09888685964122068
RZG,,0.01580471254838356,-0.33022915419831034,0.3423263669181946,0.25784064445635946,0.026789434489964847,0.1163845829743615,0.3926356907279074,0.03487925457766705,0.016364381357670155,0.24582633187518854,0.18169103940111864,-0.08416114583134482,0.1383177332380794,0.17380187907915778,0.2202948901606887,-0.29350514498284386,0.20105149589672866,0.1076830086625935,0.1161239115999495
RZV,,-0.19514915660629173,-0.4031264738883825,0.5990921794700415,0.24938856368193552,-0.10040163364625654,0.18414188310933266,0.40744552774426923,0.03663674840575504,-0.12127831511858433,0.3553558485650907,-0.0014533598649439927,-0.20866179534641205,0.19644088578298335,-0.035213702242295364,0.4658639146244028,-0.0859160274360774,0.22459797208767696,0.05194673562764618,0.09478245824482068
SAA,,,-0.6119143284338501,0.3454202540916842,0.43635248713816877,-0.12495491126264968,0.2634272350581892,0.8335347624472575,0.10091668376434781,-0.03217132378748011,0.6178156064844371,0.22196608220822922,-0.22623298217066556,0.4110398939356712,-0.01506766149693528,0.5507259951040995,-0.3745761877676329,0.21754431100070049,0.07628868075779982,0.032225837510362565
SAGP,,,,,,,,,,,,,,,,,,0.11707409281729131,0.12892737266989251,0.24291583996478172
SAMM,,,,,,,,,,,,,,,,,,,,0.12858404856242256
SAMT,,,,,,,,,,,,,,,,,,0.023629858207015353,0.2885995370763641,0.33973210954898225
SAPH,,,,,,,,,,,,,,,,,,,,
SATO,,,,,,,,,,,,,,,,,-0.805226956583055,2.6535328699760994,0.5737482891854171,-0.007772932165889923
SAUG,,,,,,,,,,,,,,,,,,,0.11436264511160776,0.08517945065869337
SBAR,,,,,,,,,,,,,,,,,,,,
SBB,,,0.22274137576911923,-0.2968298688271235,-0.2477112836200689,-0.10067359068127268,-0.16287410435332061,-0.2944635739281771,-0.09522178982192975,-0.02412802174784434,-0.2586790294670952,-0.12118887530110245,0.08902513063818462,-0.18239223855561404,-0.26654049061213214,-0.26228024965885244,0.14857728578450158,-0.10585191895178236,-0.045855317820207575,-0.051403199094930074
SBIL,,,,,,,,,,,,,,,,,,,,
SBIT,,,,,,,,,,,,,,,,,,,,-0.18680223730753953
SCC,,,0.31829709817529017,-0.5234721649012856,-0.4114948207597713,-0.2540944493669308,-0.3793760676960781,-0.5135999694004763,-0.3059338338230775,-0.20410453142279106,-0.17088610468804666,-0.3158041808498223,-0.06263795543056161,-0.3764598743591042,-0.5363372593399423,-0.28559790830061493,0.659664156888299,-0.4359475379019243,-0.3715161055260481,-0.22044662853638253
SCHA,,,,0.0988100561118912,0.25733014472759397,-0.046465143496488115,0.16678440748938717,0.35729402168045055,0.07488203664902171,-0.03899377350576316,0.22313557518030414,0.1415897224308762,-0.1258948146668486,0.26044051691546244,0.1918585457470845,0.18073234556666806,-0.20629611011956317,0.191411727027899,0.11849227863709677,0.1262149845067162
SCHB,,,,0.0752911897255577,0.15174102121821398,0.002485321638024729,0.14750825155569136,0.30052519833939373,0.13719225248640554,0.005202435483475876,0.13801478382206311,0.20382294912294596,-0.059853603750853246,0.30751180788752563,0.19734550473065227,0.2754799267951973,-0.1993787071844606,0.2675085579101424,0.247353377689143,0.18079400042134752
SCHC,,,,,,-0.17398676380078704,0.15924653509060827,0.1909533999306472,-0.05996824176548898,0.020583230664403596,0.04291596080237303,0.2862121621087559,-0.19438703573109262,0.22925648943654142,0.09684990728619591,0.11610424435481947,-0.2232719227727178,0.14101699435779858,0.035729366133543605,0.3838863798230465
SCHD,,,,,,,0.10379699749265336,0.30077899333270364,0.1279162639437985,-0.00196335992848673,0.1779258770468739,0.20212496806002567,-0.058529472156789164,0.27293429112839007,0.14730773963461896,0.31745041587745293,-0.03231601749273172,0.046828256966938486,0.10844418968463088,0.0533192211493545
SCHE,,,,,,-0.1996631039868395,0.14974147735594845,-0.059874901232582656,0.0338323530925837,-0.1568526888969921,0.1649873942669,0.31540844280045444,-0.149231311713225,0.1991064469587971,0.11872575418220821,-0.010742522278717193,-0.18419874028045202,0.07697472176148934,0.12088492771926873,0.26858691270387336
SCHF,,,,0.048330431724365575,0.06483790775789089,-0.1316977652673763,0.15615842903672972,0.17138111480273754,-0.03943087907766962,-0.021138605505060526,0.046980266460225906,0.25125195914881804,-0.1488690360215621,0.22602014494235934,0.08608114961903923,0.10636486871457418,-0.1534055508370311,0.17583660383904554,0.04384551474811227,0.35884726625966
SCHG,,,,,0.1492309628922741,-0.017512429879821934,0.15023483078541355,0.3056389870614191,0.16707383848949742,0.03524304185708815,0.08338483765406712,0.27045169028376725,-0.024191323797650766,0.36138510826114834,0.3730603297333812,0.29823884923683175,-0.32416139867183646,0.5146825238186667,0.3702156042266369,0.1856697652667083
SCHH,,,,,,,0.15848007646076923,-0.00034163283796873056,0.3213284133761247,0.01895477966844661,0.07860244188923193,0.03429144775985171,-0.040062257947959035,0.2619589562853195,-0.13494007404621955,0.4591382693630186,-0.24463860689542916,0.11241175547596605,0.03880800962816866,0.03925292750769804
SCHK,,,,,,,,,,,,,-0.057587908104149044,0.3109763706623254,0.1968173671501534,0.2795222168454736,-0.19889124753563925,0.27142172005989473,0.2530011535697452,0.18407568513514438
SCHM,,,,,,,0.16332608154099892,0.3292907457814145,0.11200319927810409,0.00017844359643182095,0.16057025156177707,0.1899610716586484,-0.09465497399601575,0.278236069558532,0.14953097821260863,0.2133279688254961,-0.17267698269707787,0.17373571102303997,0.12623173238425145,0.11470422957804138
SCHV,,,,,0.13139354820589877,0.02364635392342307,0.13562836878171836,0.27724350818913335,0.11993594167249033,-0.012328813598441846,0.1718176868198611,0.1574588443232614,-0.07724520115876332,0.2574087669282865,0.020977468837862334,0.2733500342722852,-0.07873788013054106,0.0903358814778219,0.13771104993804517,0.17280067242708497
SCHX,,,,0.07337480976422373,0.14179010008460557,0.004698499122363309,0.1447553060628055,0.2918374816003868,0.14338777075721176,0.011086685026348686,0.12996470167274898,0.21018078812699348,-0.05193438884766832,0.31326281171062154,0.19717341667342003,0.28437580680648544,-0.19912468581194775,0.27434979468602894,0.25706487151297,0.18528865620435608
SCHY,,,,,,,,,,,,,,,,,-0.09810144062781867,0.13755686925244093,-0.012630430360687117,0.34346369351317896
SCJ,,,-0.20692175679939862,0.0331757895739444,0.15873283187858434,-0.053371854295323096,0.036622205150908194,0.21921688829838892,-0.012988347101930642,0.1488347258022964,0.09901305608824762,0.3078098751339964,-0.1756727709573438,0.1864351938735367,0.06576531661225515,-0.013507542072295098,-0.1274197066376438,0.13139221761443975,0.04063101421575044,0.30198744637941743
SCLZ,,,,,,,,,,,,,,,,,,,,0.1193922339437945
SCO,,,,-0.49816176470588236,-0.21588280647648417,-0.23461920099607447,0.13723280921081593,-0.19705060362421278,1.283497458280122,0.6725907689788015,-0.5270472291891053,-0.25710828321456614,0.20197036312284022,-0.5686901145367882,-0.04039572467107122,-0.7352574784382477,-0.6174819412165844,-0.17885224248788434,-0.20712277622725017,0.170509796804867
SCZ,,,-0.47813959534415706,0.4139237939101068,0.18409048972241315,-0.15958951889562867,0.17508956474736626,0.26290104725236363,-0.04975112762501399,0.09158334229955023,0.035979735960754766,0.31974430730571535,-0.1818399604333666,0.24730952432678555,0.10711814495949179,0.09875166577698846,-0.2163921361199025,0.12282486655626501,0.027443713652254287,0.33000949670752844
SDCI,,,,,,,,,,,,,,-0.020549694108547012,-0.11152763634625973,0.3548176942093073,0.3269619332927838,0.021762482374378944,0.17809809920274833,0.1840242454364711
SDD,,,0.21985807627492626,-0.5667270268287448,-0.4617821508158979,-0.2645148931475453,-0.3103449507481094,-0.5114566379477344,-0.20989414179193122,-0.07537281790496497,-0.4636271019566258,-0.2619385685552693,0.14492140798612763,-0.3580782130619957,-0.5526785840019778,-0.4762719462620877,0.2288534394875159,-0.2635772175346355,-0.14838078408065647,-0.171540774468824
SDG,,,,,,,,,,,,0.2706726445293868,-0.08879237524895778,0.2633084913040564,0.4351227084366385,-0.023362479276966663,-0.1170845584696566,0.0404769070057196,-0.08929787152435675,0.20525795670568914
SDIV,,,,,,,0.13658455341615694,0.12030851962556466,0.05961348591076132,-0.08717003430073411,0.14788079925605513,0.10698394941318567,-0.1573311785059539,0.11846970465915718,-0.21243933977238627,0.03602021309530623,-0.2702333365233167,0.05807296690705743,0.020885937285447964,0.2865332942141765
SDOW,,,,,,-0.38780966242561665,-0.28973034224850214,-0.5377018451827706,-0.31785015815442463,-0.13806533107119856,-0.44875944715004346,-0.5164268061963408,0.004732257218045932,-0.4948387321122544,-0.652692274488903,-0.5070128588206181,0.05950640598219836,-0.2891419451689159,-0.2586773911554553,-0.3597264483751986
SDP,,,0.3538867695269101,-0.29914674176898304,-0.19844001649265453,-0.360049252111209,-0.0852047032715515,-0.26491227384157023,-0.4390647656820291,0.00887964762294069,-0.33456696859141444,-0.22369233015947976,-0.11247219480870307,-0.3780168451266399,-0.3789304896970872,-0.36088289016054453,-0.1396997835703897,0.18946226605971161,-0.2823192586880914,-0.22803250942504583
SDS,-0.1986879191120975,-0.04113894145515962,0.5776125780850758,-0.47348650508350554,-0.2993215337906219,-0.17210310335446333,-0.2766041145218673,-0.42295711309325634,-0.270592132767582,-0.09614502671494507,-0.2629268721311925,-0.3097082734160649,0.07503971779253238,-0.4111894347904733,-0.49159060511579955,-0.4454046264874255,0.3218470282461676,-0.3209098741231027,-0.30270032447573136,-0.2825977455869517
SDTY,,,,,,,,,,,,,,,,,,,,
SDVD,,,,,,,,,,,,,,,,,,,0.12103903702692231,0.10204700345832429
SDVY,,,,,,,,,,,,,-0.15061847150452412,0.24652159692183284,0.11085306249444304,0.29129377866165185,-0.12345950719169396,0.28525182240612446,0.11491917711407962,0.09929371466481118
SDY,0.1624554147884194,-0.07011865631554715,-0.2174367970201445,0.16587003705367076,0.1493531178528995,0.06453584056297301,0.10839514829637098,0.27247998968539444,0.15063139195240183,-0.007579811124873603,0.21943058632244417,0.15493280319723568,-0.02824014697531263,0.24117107511073987,0.01977099624619716,0.2628956828628879,-0.004507526770695991,0.023282535522377357,0.08004816560165717,0.09619123399062635
SEEM,,,,,,,,,,,,,,,,,,,,0.38734349215513086
SEF,,,,-0.40933891261288846,-0.16032975466842325,0.040066880509977976,-0.22346835522979358,-0.25434128080037,-0.15388321774535152,-0.03655062856976887,-0.1907248389635221,-0.16341289127863667,0.09778374441466275,-0.2302425790189968,-0.16550427076167118,-0.28219345959748043,0.12724967389507835,-0.08525587610219654,-0.17598497011675895,-0.10648263000277491
SEIE,,,,,,,,,,,,,,,,,,,,0.4094419654747399
SEIM,,,,,,,,,,,,,,,,,,0.17785576530195302,0.4050986745178462,0.2072998842811662
SEIQ,,,,,,,,,,,,,,,,,,0.23014347036925864,0.1720298855590361,0.1377882139895541
SEIS,,,,,,,,,,,,,,,,,,,,0.10797252448676531
SEIV,,,,,,,,,,,,,,,,,,0.2192749526518052,0.1950928791782638,0.28668495921821724
SELV,,,,,,,,,,,,,,,,,,0.063300055146023,0.14107565926196064,0.14075640779572196
SEMG,,,,,,,,,,,,,,,,,,,,
SEPM,,,,,,,,,,,,,,,,,,,,0.06644337614753915
SEPP,,,,,,,,,,,,,,,,,,,,0.1441085912523461
SEPT,,,,,,,,,,,,,,,,,,,0.1693871970892864,0.1543542705890139
SEPU,,,,,,,,,,,,,,,,,,,,0.1305833711590309
SEPW,,,,,,,,,,,,,,,,,,,0.1135724417706474,0.1070995835511003
SETH,,,,,,,,,,,,,,,,,,,-0.4827388149332933,-0.2664731324472519
SETM,,,,,,,,,,,,,,,,,,,-0.11796098105679331,0.9048239724897673
SFEB,,,,,,,,,,,,,,,,,,,,0.0963979256840568
SFGV,,,,,,,,,,,,,,,,,,,,0.19784552247723197
SFLO,,,,,,,,,,,,,,,,,,,0.06803587274152023,0.11702096689698993
SFLR,,,,,,,,,,,,,,,,,,0.21576225586526743,0.20429317759950538,0.14087135952614682
SFY,,,,,,,,,,,,,,,0.23524434342450973,0.29536620221337095,-0.2341511929727924,0.30536777747405464,0.30657926053100715,0.23361376289037028
SFYF,,,,,,,,,,,,,,,0.3321716127391554,0.36951398060496854,-0.4882084794188807,0.5915807865662097,0.4855870651210412,0.3129720538836209
SGDJ,,,,,,,,,,,0.6206649144776637,0.008326217792933965,-0.269725387557215,0.3564088549771285,0.48855658803658963,-0.20263285624046035,-0.26066923134219633,0.03935374307691575,0.2197941417635303,1.6393802153532335
SGDM,,,,,,,,,,-0.28166615125075944,0.4455433089505354,0.05853014845672422,-0.1741372542400671,0.4346214266411377,0.22675747828244242,-0.1509325221468344,-0.062406297201611505,-0.0047242626374781604,0.13485138797687113,1.4772991788791163
SGLC,,,,,,,,,,,,,,,,,,,0.20632360083034618,0.18211352478715237
SGRT,,,,,,,,,,,,,,,,,,,,
SGRW,,,,,,,,,,,,,,,,,,,,
SGVT,,,,,,,,,,,,,,,,,,,,
SH,-0.08268380696031208,0.011677067037149547,0.37165778735879473,-0.24871349612534444,-0.15203110912667983,-0.06932310282441423,-0.14454503700679555,-0.23960211179421098,-0.1442042567707401,-0.043099446378069506,-0.13780097759150822,-0.16786884603541175,0.0566014956530041,-0.22117141655041073,-0.24360602094052963,-0.2520593883872261,0.1967919084971106,-0.1506543402619711,-0.14047788723915366,-0.12264166258059217
SHDG,,,,,,,,,,,,,,,,,,0.18354655887957905,0.20275444209306248,0.12241122360171586
SHE,,,,,,,,,,,,0.19163203812523766,-0.037165227978576465,0.23858377628854477,0.17157567506953542,0.16918397926260176,-0.21673266258634205,0.2253419881919465,0.2408058298751803,0.1644652160001676
SHOC,,,,,,,,,,,,,,,,,,0.638703287829328,0.20722735902477463,0.5015638953571855
SHPP,,,,,,,,,,,,,,,,,,0.2005616074384704,0.016048076109565823,0.1389053932463553
SHRT,,,,,,,,,,,,,,,,,,,-0.026330743783957833,-0.014497985779654443
SHRY,,,,,,,,,,,,,-0.09349082017089361,0.30147658190334314,0.11519749052508765,0.31630155477833766,-0.14175086673749604,0.17532013856077322,0.17843190540939124,0.07908634647516566
SHUS,,,,,,,,,,,,,,,,,-0.03445001880515086,0.06474469429521079,0.0380064345415021,0.11346980121159911
SIJ,,,0.6801576902175255,-0.5204101425871093,-0.4445389918782876,-0.1908099161224397,-0.31200183194731657,-0.4946194963240428,-0.19448672955238888,-0.04708908303022019,-0.3678296393566691,-0.3560229288353295,0.2185314235184701,-0.44489017660424846,-0.5307835288058618,-0.3709523120585999,0.168413409858434,-0.23609161487317798,-0.23153211080770497,-0.30924931264702593
SIL,,,,,0.8575653551243301,-0.2287566440658042,0.033787565488134996,-0.5193285419609746,-0.20247911497949167,-0.3397550933860244,0.764249159746142,-0.03642174611652205,-0.24588446953977527,0.33971850339917387,0.41318599197222694,-0.24291867987528082,-0.21458751414885113,-0.0035674902612855552,0.17271607657730526,1.6139297724200055
SIMS,,,,,,,,,,,,,-0.18447832622263027,0.33974210253780446,0.2890730374419255,0.10147171051591575,-0.2777613765597108,0.07913667230990251,0.014580749529408799,0.2410199955866954
SIXD,,,,,,,,,,,,,,,,,,,,0.0948396400676518
SIXF,,,,,,,,,,,,,,,,,,,,0.134177867040226
SIXJ,,,,,,,,,,,,,,,,,-0.1071882197059562,0.1819396388454333,0.1249907227721394,0.1248357778495297
SIXO,,,,,,,,,,,,,,,,,-0.0583684462742782,0.1763291546766097,0.1245271677861767,0.0759963849349032
SIXP,,,,,,,,,,,,,,,,,,,,0.1383231283207013
SIXZ,,,,,,,,,,,,,,,,,,,,0.0773912916682244
SIZE,,,,,,,,,0.16080250918399686,0.01916353272435911,0.15339550721528106,0.18563156542572878,-0.06587821795049686,0.29220940347323965,0.1583416885307145,0.27055538674979474,-0.15766099115222265,0.18017089299033384,0.14772311346110456,0.12365617335474322
SJB,,,,,,,-0.1308460197380188,-0.07940994633768306,-0.04536145008895953,0.02394551955630786,-0.14503828675817299,-0.057480761639395195,0.02514082426186981,-0.11716895516811832,-0.08789934399588628,-0.07043746553287855,0.09512589192985033,-0.054881635259258266,-0.011251794740672283,-0.01694494241331934
SKF,,,-0.009552992698182883,-0.7625674044455216,-0.3314846271889377,-0.01657825876276864,-0.40867422210783144,-0.45357593135441276,-0.28788317745670067,-0.08426519521791231,-0.35768257311413887,-0.30541699803628164,0.15703055178470238,-0.42785870056136277,-0.4189137643049813,-0.4938800097446743,0.1951458147115508,-0.2138734519998332,-0.3589155178187611,-0.25479990787125006
SKYU,,,,,,,,,,,,,,,,,-0.7594809771125501,1.0538499224671747,0.7659422923232495,0.0396170062873864
SKYY,,,,,,,0.13950521053410414,0.2989232287418455,0.083547058548052,0.05871567756247109,0.1760372388773419,0.3227574357050951,0.05771372792316276,0.2569319600128186,0.5492621950243404,0.12347653745455678,-0.4422642288189631,0.5231062556858439,0.3982861759924572,0.09759358518877481
SLJY,,,,,,,,,,,,,,,,,,,,
SLON,,,,,,,,,,,,,,,,,,,,
SLV,,0.17032967074693173,-0.2621871156717712,0.44960570873966876,0.75159611764323,-0.10140090242149302,0.018730520879513213,-0.3746658075948047,-0.21684863348336225,-0.12706817471339116,0.1455648322498393,0.0356217749794272,-0.10425655287839042,0.14560438354814909,0.4616300104353872,-0.15147929368059665,0.0396600632901134,-0.012244832642045567,0.21616629965989276,1.5614557213234068
SLVP,,,,,,,,-0.5209152080357493,-0.17978423613427508,-0.3633233217672258,0.8717716949943637,-0.005163510165140828,-0.24271172272066277,0.36556065555492556,0.5756754438246376,-0.28863108226841383,-0.1682718271118605,-0.05456577795987738,0.1630149604623523,1.9171458835104858
SLVR,,,,,,,,,,,,,,,,,,,,
SLX,,0.8942758605688199,-0.6317602589761324,0.9716988258150925,0.1461549093504253,-0.34059404114198955,-0.010089424579391992,0.004913711710875068,-0.24908523019315,-0.41268252948852213,0.9926332095389756,0.20827328058778138,-0.22451261662063882,0.09861962538307334,0.1961702024785119,0.249983605850167,0.14344623565237224,0.3333769919706544,-0.17156358583722586,0.49099380167782525
SLYG,0.11645366439237392,0.06355930426499312,-0.4018122849204402,0.43550636264496134,0.2713549572459779,0.016363176897194576,0.1323880022657955,0.38690140046921573,0.0537006785138745,0.03376857219097107,0.2562206124606323,0.14140140333728324,-0.046073917953739496,0.2106314312062978,0.191673188225427,0.23175514338160075,-0.2171926293863824,0.17582269351774893,0.10410632484176952,0.06909788522708205
SLYV,0.17808570980248795,-0.04629005382068918,-0.32956597932645304,0.34290902462420236,0.2252478995585636,-0.035944114651519254,0.14730164750656116,0.3646707256774111,0.08057948552070471,-0.06183409886135083,0.33692045927441017,0.1072610792155404,-0.13672202314349247,0.22931170089567132,0.028704729751270364,0.316469642814291,-0.12479581334089196,0.14741407689459396,0.0770502292118973,0.08038432273053386
SMAX,,,,,,,,,,,,,,,,,,,,0.07987881158467092
SMAY,,,,,,,,,,,,,,,,,,,0.12907640835713385,0.0485887080958185
SMCL,,,,,,,,,,,,,,,,,,,,-0.6764992385069242
SMCY,,,,,,,,,,,,,,,,,,,,-0.13125376858301274
SMDD,,,,,,-0.33041169102994894,-0.4587492258849011,-0.5925925347902641,-0.3458008157960113,-0.07799888176269709,-0.5334266538427703,-0.3921214257449448,0.3389933453945748,-0.5368399342148825,-0.7471249391332754,-0.599999975187701,0.0852197350789985,-0.3903529040084417,-0.3184981275523149,-0.2999020693442096
SMDV,,,,,,,,,,,0.38836849610003243,0.05115343283049656,-0.008849574737791577,0.18007725435885114,-0.04276230127449998,0.20721437005921817,-0.06246588543649689,0.0860510105363741,0.07129734895137796,0.02537906394292966
SMDX,,,,,,,,,,,,,,,,,,,,
SMH,-0.11260525963817025,-0.03306527981023499,-0.43845669059659265,0.5190425091064581,0.14501921670235496,-0.06913421755212223,0.0707206086548351,0.28252126274279776,0.3158792807688824,-0.000995337295838894,0.3698235802832348,0.3824608261799034,-0.1137194290182284,0.6325349663390027,0.5201910338057989,0.41845810838815223,-0.3496599364381997,0.7471850584984951,0.43956520489045325,0.48878826301395484
SMHX,,,,,,,,,,,,,,,,,,,,0.3000037975482539
SMIN,,,,,,,,-0.15919116396784883,0.5798634208638871,-0.014766847442853837,0.0035823414904936346,0.5941224479716174,-0.26026899129935777,-0.05010187407503097,0.16257229154035313,0.4197714921166644,-0.15790071496412028,0.34116614918102206,0.16217055606805086,-0.08465286612184497
SMIZ,,,,,,,,,,,,,,,,,,,0.18986243529988922,0.1342835669912532
SMLF,,,,,,,,,,,0.25033092585798,0.123055398479192,-0.09042782230809887,0.21525314213990576,0.08478507604685936,0.27886759403837114,-0.12709047085376912,0.2061993848129633,0.17204340345956548,0.1297359781955607
SMLV,,,,,,,,,0.1515819043872384,-0.009183261835418621,0.3370458632520197,0.05069409778468792,-0.06831702573974352,0.23859539574185296,-0.013167914117332535,0.2903368458010316,-0.08104650837477856,0.07405965594834107,0.171904964798552,0.07485038850579873
SMMD,,,,,,,,,,,,,-0.0882399807364137,0.28039738477155196,0.20088003651765707,0.19928613762827152,-0.18936142177128457,0.1840013068017654,0.12695595656626368,0.12971025509159562
SMMV,,,,,,,,,,,,0.14307521731875195,0.011843046995510864,0.2522553509365357,-0.024890821869108404,0.17894067872146247,-0.10135061373393184,0.04933753807028296,0.18188603782951307,0.07422949736797735
SMN,,,0.5516648131237942,-0.7587383271392469,-0.5122941371682789,-0.012194759271740407,-0.22432213609024165,-0.3288237745787973,-0.1463552579840669,0.161421372713354,-0.399661719896245,-0.38231177608188294,0.36125529633536835,-0.32090676643412774,-0.5652913913138327,-0.4631782352089372,-0.04652749398768574,-0.20766650714852797,0.06905859728205876,-0.20739998733538356
SMOG,,,-0.6112313961013831,0.01882720340656907,-0.21487979076981345,-0.44675299210037056,0.0015088078812901529,0.6558635560455388,-0.03920288439471897,0.014170903934088708,-0.0475217737967607,0.21199677047124688,-0.11123370436777202,0.38813626535550694,1.1525942244263034,-0.049932933871143836,-0.31100919475157385,0.023020868536360206,-0.06995816461577653,0.34546666544210836
SMOT,,,,,,,,,,,,,,,,,,0.16965065873279084,0.1152206130227118,0.07745092840853918
SMRI,,,,,,,,,,,,,,,,,,,0.1806702677040756,0.1856535407450308
SNDG,,,,,,,,,,,,,,,,,,,,
SNDU,,,,,,,,,,,,,,,,,,,,
SNOV,,,,,,,,,,,,,,,,,,,0.09426810580679668,0.0731284544385511
SNOY,,,,,,,,,,,,,,,,,,,,0.3005302976262172
SNTH,,,,,,,,,,,,,,,,,,,,
SNXX,,,,,,,,,,,,,,,,,,,,
SOCL,,,,,,,-0.018083436985000145,0.6087945219996833,-0.15158763099922412,0.09542442447982147,0.12220288011506697,0.5323165689064195,-0.19065818125125988,0.2532558533059568,0.7388121690090788,-0.13354789342592344,-0.424400041806402,0.277420253691933,0.07128385464097708,0.30827297176299484
SOLZ,,,,,,,,,,,,,,,,,,,,
SOVF,,,,,,,,,,,,,,,,,,,0.0958788198857532,-0.03314532765824019
SOXX,-0.024292338508574596,-0.01859115395623978,-0.503819207941516,0.6716523908740482,0.12277144082630653,-0.11074254085660695,0.052996723464417084,0.3566159035038545,0.31661564778065565,-0.019341038930949517,0.3996435919203971,0.3978625635775188,-0.08960118712684428,0.61378438763996,0.49624658730315097,0.4469649833758822,-0.36351306310914255,0.6876186267872286,0.17143634382016448,0.4162501000384262
SOXY,,,,,,,,,,,,,,,,,,,,0.36443303284091466
SPBC,,,,,,,,,,,,,,,,,-0.283816127451059,0.4883061587345756,0.3688514935621947,0.17208478057994037
SPBU,,,,,,,,,,,,,,,,,,,,
SPBW,,,,,,,,,,,,,,,,,,,,
SPBX,,,,,,,,,,,,,,,,,,,,
SPCI,,,,,,,,,,,,,,,,,,,,
SPCK,,,,,,,,,,,,,,,,0.0966058811805357,-0.12312637547285743,-0.04254377510831442,0.028327317355174797,0.07829040959290956
SPCL,,,,,,,,,,,,,,,,,,,,
SPD,,,,,,,,,,,,,,,,0.2654768470638311,-0.2589295586497017,0.2168886624904114,0.17927180282832222,0.19445353463726045
SPDG,,,,,,,,,,,,,,,,,,,0.2008640705348741,0.1280921470326557
SPDW,,,-0.40243940431969305,0.2702686622637296,0.08255993517239735,-0.14164662011579077,0.15648064737178458,0.1729705071175205,-0.036005794942221114,-0.012107469092413337,0.04638816830983816,0.2512726393692948,-0.14890663411881888,0.22596631992225746,0.09029098982622208,0.10790672068425544,-0.16413785129381842,0.17260295410019144,0.04687871721721626,0.35643115398507885
SPEM,,,-0.48733725761172375,0.6541760168132222,0.15486537680564316,-0.19768314915305374,0.14828146542567944,-0.03448330981580805,0.019879265346133046,-0.146925080810144,0.14728181108508975,0.33441459112931393,-0.1514971293408568,0.19245866690627889,0.12219882322922704,0.009127986303485214,-0.18367355528037677,0.09314698978091962,0.1276946820897551,0.2614245044996424
SPEU,0.22292296227735364,0.12678453554199876,-0.4167033769116961,0.27397373374673584,-0.054964580799751306,-0.08845348110770535,0.1361257526627715,0.19721261279243807,-0.06058111638728381,-0.035523306236441066,-0.008675200357699864,0.23347735393109392,-0.1424136261357487,0.26662893371891383,0.05488301496695169,0.15161264066373548,-0.16868237710239786,0.18509532740137113,0.032729856754086795,0.3690843688498795
SPGM,,,,,,,,0.20569892794053923,0.11582190184810282,-0.020653464188544413,0.10387692767942758,0.22107523961725262,-0.10478109619398557,0.2624908262297956,0.14243019717899053,0.2075842657837137,-0.17957606319750896,0.2134484444057878,0.17619551281233847,0.24493157561199141
SPGP,,,,,,,0.14103578992920007,0.26618528113276985,0.1745041444028148,0.06607054555588032,0.018360935245107735,0.3471938453409127,0.006400194634980982,0.3998074986675686,0.14591650251056643,0.3743027368945291,-0.13525795012057695,0.2104756829596366,0.08649611827697945,0.10866864185969827
SPHB,,,,,,,0.14215638734567015,0.36753004086108687,0.13983675457030165,-0.1264660097413558,0.27450426788207016,0.15985454976168412,-0.16649853131844383,0.3298111379773503,0.23184026963826976,0.4226249143301246,-0.21656267820437947,0.3364172249160893,0.10205791634101868,0.3434918991025171
SPHD,,,,,,,,0.1832438772702525,0.21268851842479153,0.048605463623999645,0.22698994469148737,0.10795661921708444,-0.06346853360707883,0.20893460582396983,-0.09427844478435687,0.2639644113285955,0.003159229149712006,0.009252333046885663,0.1618404307545065,0.03904670363432672
SPHQ,0.01978294981987405,0.1662504543874359,-0.4567967958652631,0.10055402281473436,0.19119995118373434,0.05344004970085936,0.13511518111434495,0.29843869714487226,0.1717476015591457,0.017757575115987523,0.1554613908374649,0.18601933721753605,-0.07546747407709031,0.33633094566041444,0.1587935264676772,0.29089096895414346,-0.16077694653321084,0.25857221596596824,0.2632665481301377,0.14586567031411168
SPIN,,,,,,,,,,,,,,,,,,,,0.14856208988836417
SPIT,,,,,,,,,,,,,,,,,,,,
SPLV,,,,,,,0.10553412667474915,0.2062235789913347,0.18783736555403174,0.03896146354281105,0.11859296040502643,0.17189726838357156,0.005186213954873065,0.2984629124364091,-0.00671468591062796,0.2540252016506024,-0.03942756274572279,0.00572800563622855,0.12936693636652863,0.053117097892047216
SPMD,,,,,,,,,0.03356190024073458,-0.07649768629837383,0.19102545852018826,0.14834102366773672,-0.11773814638955005,0.251498153364045,0.1332934323027477,0.2667511343388542,-0.13405880449063778,0.16974228786888168,0.1426058255164253,0.08869309406444703
SPMO,,,,,,,,,,,0.07175012948688653,0.28517703925183047,-0.012044049037114757,0.25667326956066683,0.27075553809801733,0.24215292651047293,-0.10446280832910138,0.1947252212529118,0.47179115243680725,0.26952799496453816
SPRE,,,,,,,,,,,,,,,,0.4847031680164682,-0.28079365948397816,0.08863103243075954,0.012133543505478128,0.045470496920267056
SPRX,,,,,,,,,,,,,,,,,-0.447685415204633,0.906133530079158,0.26068766652739717,0.3846427986127954
SPSM,,,,,,,,,0.06284078727251807,-0.026199089994137226,0.24709902128126093,0.14863984835174837,-0.12014960618803328,0.2518901465115515,0.1161438969301416,0.27998495062158146,-0.1703192659522217,0.1629789446921328,0.09090132573667087,0.0749723004989522
SPTE,,,,,,,,,,,,,,,,,,,0.37305526372273246,0.27163580663589415
SPTM,0.13224468235120312,0.05425652289669869,-0.35940733651104806,0.24258059949991728,0.15458739391721754,-0.0011824035345464612,0.14088865504178738,0.30046174216430455,0.14394686544459812,0.010298902777016616,0.14776253193398525,0.20285788742798894,-0.05727850725549,0.3134142047064945,0.1698792133776319,0.3030115738707675,-0.1819418537770029,0.26027411796485245,0.24554055005024567,0.18043084752586314
SPUC,,,,,,,,,,,,,,,,0.36001112320296014,-0.25383773022027345,0.2790889637870644,0.2668189657392295,0.24440770459307415
SPUS,,,,,,,,,,,,,,,0.23994053998952913,0.37638898485606864,-0.2312626476688927,0.35513112344390163,0.27916245464480705,0.20859131978849388
SPUT,,,,,,,,,,,,,,,,,,,,
SPVM,,,,,,,0.16658098082582073,0.309401800953677,0.11595897620425544,-0.04783427540570018,0.25922457999591497,0.13675011877732235,-0.08816355681016563,0.2898884092897649,-0.04040566775039378,0.3008888671255421,-0.030899773976200473,0.0681285932951865,0.14631568723779154,0.21764312017597764
SPWO,,,,,,,,,,,,,,,,,,,0.10988181766976313,0.27369585708135036
SPXE,,,,,,,,,,,0.12061853906384656,0.24009052907015938,-0.055163380242823745,0.3190201459095754,0.19351584235273678,0.29875151077632167,-0.20926490795392017,0.2788669076258563,0.2655551312784561,0.19113832548756537
SPXN,,,,,,,,,,,0.08818597012463703,0.20845193949276442,-0.03847455880837791,0.30823058961445327,0.21043011232998832,0.2889848093578109,-0.19236572229761306,0.29162519591440583,0.2534816818762027,0.1976804880486125
SPXT,,,,,,,,,,,0.13192351494444376,0.1770460530841511,-0.07063544242070241,0.2620162317546,0.0981620843808062,0.2806528785120308,-0.1440665468173924,0.16411353564505426,0.19712165479627397,0.15974126275252387
SPXU,,,,,-0.4378799049452601,-0.30344844653178227,-0.3974462700439325,-0.5685657360318854,-0.386451588111964,-0.16749773531467715,-0.38282432240023134,-0.4297551953830896,0.061085880400708614,-0.5622141012775146,-0.695828492157392,-0.5951219495728133,0.38950292859199287,-0.46714148303073666,-0.4440947518891596,-0.43528535742820784
SPXV,,,,,,,,,,,0.12740985420395168,0.17540755528029872,-0.0423485445232239,0.3254724823895163,0.17880061161933347,0.30484687744414907,-0.2126505948746107,0.31156089045191715,0.2915004010809299,0.19254544866699574
SPY,0.13842843358731938,0.0533220022313412,-0.36236766953524324,0.22654720207823464,0.13137372168354844,0.008523645775996957,0.14170916708071468,0.29001426718368184,0.14561710913154347,0.012885204136228623,0.13585742533036327,0.207814082179401,-0.052471943289430834,0.3108747402734291,0.17235242128764328,0.30505432905785823,-0.18646408539693604,0.267092336443836,0.2558930905740018,0.18889855763436536
SPYC,,,,,,,,,,,,,,,,0.3124330723854276,-0.2562767402690369,0.24221640785380538,0.23460388732305915,0.1704316596909894
SPYD,,,,,,,,,,,0.2561165911688752,0.11711140559600564,-0.05219459731124998,0.2198836344217423,-0.10942184350195927,0.3362736696902562,-0.019658059415368356,0.03624486304419827,0.13920453354997386,0.056663333227064294
SPYG,0.0746754653249011,0.11126890413454005,-0.36623618015958437,0.32090116837146554,0.1440869137238796,0.03572705753445393,0.12922559267253453,0.2929061888627189,0.16120942479040035,0.05348522585263482,0.09014551951911876,0.26396748963405403,-0.009587565515093321,0.31164669776983445,0.3161159979619379,0.3392638748124135,-0.2995126750028456,0.31608224059217127,0.3820075872457973,0.23037033009302044
SPYH,,,,,,,,,,,,,,,,,,,,
SPYI,,,,,,,,,,,,,,,,,,0.16974191972439034,0.19480925269447047,0.1745566074627236
SPYM,0.14547575911048338,0.06286514583672265,-0.3605247658427273,0.24299801871409432,0.13953074687374656,0.0037048506404080417,0.13677005073369286,0.2941091208024367,0.14491798987386395,0.013437760994806425,0.14907505292610024,0.20956289083978996,-0.05832777524412347,0.31992915994405857,0.1749755916747624,0.30560720623133775,-0.1861679088056477,0.2680666070181468,0.25671094872908196,0.18966298735921772
SPYV,0.19693402284666184,0.016598166486110566,-0.35463762362376816,0.146970560782687,0.13666902431845074,-0.01938141249838976,0.1493583212486953,0.28397095044244525,0.12839251913654426,-0.030363250254356267,0.185037033043161,0.14251706820689858,-0.0957551133404525,0.31174763158223273,0.010325392450340365,0.26640925813457494,-0.056789137863135775,0.2157453057196015,0.1152408047040705,0.14538342941722804
SPYX,,,,,,,,,,,0.12593857188163926,0.22609877403151812,-0.04879190064633143,0.3163790519827321,0.1881788924623422,0.30117519154759353,-0.19969470504833275,0.27441665446630337,0.2603728150861613,0.1906229583450576
SQLV,,,,,,,,,,,,,-0.10709213989387723,0.17157992237862318,0.06994539169007052,0.37147839021397266,-0.13660315813535495,0.20860141927785203,0.051334366687716404,0.03763492602734608
SQMX,,,,,,,,,,,,,,,,,,,,
SQQQ,,,,,,-0.33837386862420893,-0.4546798847533732,-0.6088851868673579,-0.4918256125083418,-0.3789544619380383,-0.34258284945815665,-0.5762995373486336,-0.16568946555236963,-0.6538219913953311,-0.857057985671895,-0.625000038836351,0.887547761239458,-0.7415438718002355,-0.5224266464915271,-0.5451761432691389
SRET,,,,,,,,,,,0.22879875300312325,0.16621863574071072,-0.052895702840844994,0.23329159693613732,-0.363918919441779,0.16092302134455894,-0.18756281627089955,0.08841891982869199,-0.01547753613055447,0.18604971908402979
SRHQ,,,,,,,,,,,,,,,,,,0.21529941954387133,0.16847172526825216,0.08760479162185275
SRHR,,,,,,,,,,,,,,,,,,,0.03298726027117871,0.004652277440296837
SROI,,,,,,,,,,,,,,,,,,,0.1075254436908939,0.1724964056261793
SRS,,,-0.5033966113955342,-0.8591019992767887,-0.5194701618323554,-0.3029957518906463,-0.3311276950183447,-0.08244805080797035,-0.4111933918233913,-0.0958434221146085,-0.22105740034054278,-0.1731258532565464,0.04962369630710506,-0.41363749403273486,-0.3467144580376579,-0.551515136521127,0.5199081020358443,-0.18624883780191948,-0.017964159887676412,-0.05235580255250105
SRTY,,,,,,-0.3987167729416624,-0.46102224346818643,-0.6504063589541464,-0.3015370707098186,-0.06415574858942197,-0.5812320486579698,-0.37408809589710834,0.26939707351918263,-0.530634779318566,-0.8059561190001228,-0.5353591873278096,0.3409367832935477,-0.43020302295263413,-0.3417105033511382,-0.4180001607487748
SRVR,,,,,,,,,,,,,,0.43838992707416935,0.12297498070669666,0.24917844047250148,-0.31221409580286674,0.05744148399212001,0.025128379387405975,-0.010141197362788734
SSG,,,0.949829354724637,-0.7458787210883981,-0.36606111153249976,-0.17781771985883288,-0.06878796732456727,-0.4707266147790572,-0.5379710474867887,-0.19044701543801734,-0.5063291186433854,-0.5156322735757141,0.036925264535257574,-0.6253437632033997,-0.7559296510800319,-0.6787739578610081,0.4376608561378046,-0.7919358002567841,-0.7895904971148661,-0.6950064957045292
SSO,0.25949436383451263,0.017291508789105903,-0.6725422146835983,0.38681032613062505,0.22867130469097452,-0.04754427040806952,0.2710936698757491,0.6254930604871083,0.2799162695308903,-0.010645618912294985,0.248564560926414,0.422606674433357,-0.15739344314697612,0.6325206182782417,0.19392460108786747,0.6506930372252264,-0.3969706859845593,0.47986231664672685,0.45202819036683106,0.2878755336540808
SSPY,,,,,,,,,,-0.014417988213291655,0.14108198177349518,0.19725688194313462,-0.06574392123186956,0.2876271414917586,0.11863441378422612,0.30542256801922796,-0.09383370709130878,0.1383847525963886,0.09802957342881302,0.12802128000845925
SSUS,,,,,,,,,,,,,,,,0.300788699373707,-0.1825257134412388,0.18617255199414617,0.19606027904948764,0.17745750465137422
SSXU,,,,,,,,,,,,,,,,,,0.09037577237264882,0.06220606228522274,0.2810360224570081
STCE,,,,,,,,,,,,,,,,,,1.0875130112907923,0.44110160223919737,0.3325519923485156
STHH,,,,,,,,,,,,,,,,,,,,
STRN,,,,,,,,,,,,,,,,,,,,
STXD,,,,,,,,,,,,,,,,,,0.15199895180761436,0.1475190725670148,0.16178784917688227
STXE,,,,,,,,,,,,,,,,,,,0.029252565345189385,0.34442652524717365
STXF,,,,,,,,,,,,,,,,,,0.2819783993835667,0.259539892289979,0.19096127809146912
STXG,,,,,,,,,,,,,,,,,,0.3653989395401047,0.3016029156037774,0.18756683386445516
STXK,,,,,,,,,,,,,,,,,,0.20682074674731754,0.10224860060665453,0.08790670819697377
STXL,,,,,,,,,,,,,,,,,,,,
STXU,,,,,,,,,,,,,,,,,,,,
STXV,,,,,,,,,,,,,,,,,,0.09421762818254686,0.1241506147205318,0.17325502370264712
STXX,,,,,,,,,,,,,,,,,,,,
SUPL,,,,,,,,,,,,,,,,,,0.23183586678281976,-0.016681481423206246,0.10392788950357223
SURE,,,,,,,0.1257763213448539,0.3946734890358283,0.1604979883288089,-0.0133328641808108,0.2073715473720225,0.1201763720366504,-0.1726783640424376,0.2758425650201639,0.0813364475451088,0.2502628471998884,-0.1207215322923109,0.2516663709248865,0.126447792369265,0.1215518354048192
SURI,,,,,,,,,,,,,,,,,,,-0.14838762245948345,0.22067255999679158
SUSA,0.1116855209926002,0.04640654375427933,-0.34565933052416287,0.2694007956538307,0.12456250872605468,0.005731865146837212,0.0875168356743179,0.2763897957573078,0.14770026115417112,-0.01773072603046999,0.1420717454703917,0.21507168579810498,-0.06038432591506526,0.32487018610996077,0.23847757954799098,0.32051320585040477,-0.21454208273051023,0.24408879004419237,0.2330133823936107,0.16954056559351205
SUSL,,,,,,,,,,,,,,,0.18018815166963953,0.3332823237321787,-0.20543938949524165,0.2938728753859623,0.24231097778540578,0.20342395766520394
SVAL,,,,,,,,,,,,,,,,0.346526555187022,-0.11068105544110873,0.12695140667963734,0.07714650261002465,0.10309595680829808
SVOL,,,,,,,,,,,,,,,,,-0.06465265743175996,0.22992586114270108,0.06586342888349561,0.03391362811277654
SVXY,,,,,,,1.3847694544002942,0.8369181067676967,-0.07494514371107197,-0.18981852590223536,0.9250953573453711,1.6312983217836798,-0.9202368406757095,0.5173296303825585,-0.3782445959792119,0.5523328340072793,-0.06217035973503793,0.7564124919641557,-0.031908678019626935,0.12482327842228869
SWP,,,,,,,,,,,,,,,,,,,,0.17680558210763597
SYLD,,,,,,,,0.163629686427005,0.0729523020018763,-0.0722632234857211,0.1450193294717101,0.1758042878768271,-0.1536353613310614,0.256986812699844,0.1385938016130883,0.5082945996068253,-0.0670451635714514,0.175675689869184,0.0280644702704624,0.0520555358521894
SZK,,,0.4301853669684268,-0.4008792383728449,-0.3360675589058444,-0.23579042296831798,-0.24320712978058556,-0.42922603274434556,-0.4633028306458066,0.14597755854640493,-0.13063683602152132,-0.27683327573255334,0.3218489984290711,-0.3941058026838009,-0.5852606247671092,-0.3875544827986972,0.5698689737655416,-0.05748480039304038,-0.09387784096083585,0.011683182777740164
TACK,,,,,,,,,,,,,,,,,,0.07026314315753424,0.12559257713755656,0.11764999681438804
TAIL,,,,,,,,,,,,,0.0418802896431005,-0.142359470892557,0.0686006491329713,-0.1335315762441858,-0.1219679925882317,-0.1362857800513665,-0.0983417189913903,0.0520347177697961
TAN,,,,0.10571712966507762,-0.3079693139018179,-0.6384192039318859,-0.352495203175754,1.1707217377197296,-0.08227378672321406,-0.08419498845651674,-0.43477881665760154,0.5082611598941833,-0.27285058191227707,0.6440457940538664,2.220368570735758,-0.2666729643684369,-0.07070965824316999,-0.2600872439602544,-0.36078855384063546,0.4261445272713513
TAPR,,,,,,,,,,,,,,,,,,,,
TAX,,,,,,,,,,,,,,,,,,,,0.1755081555559434
TBF,,,,,-0.12480222540403818,-0.2963882038520369,-0.0714285612479576,0.1055460403323858,-0.23323169306527214,-0.0072257780698491425,-0.027676162287773698,-0.08147847213245474,0.021366367324927582,-0.10566165887185652,-0.1847794753041111,0.014593917110438115,0.38476376305652904,0.043178212149898476,0.1565081715924974,0.005445000604486605
TBFC,,,,,,,,,,,,,,,,,,,,0.1187090903025327
TBFG,,,,,,,,,,,,,,,,,,,,0.1527655309382636
TBT,,,,0.27897474667557476,-0.26112106836155224,-0.5182618206120866,-0.14717740250790512,0.21752473771789327,-0.4106962632919202,-0.03078984481220104,-0.060096637618823445,-0.1651012768478637,0.027670345471169533,-0.22015640006954473,-0.3659747912076651,0.025500691839941192,0.8382579138640058,0.011576145419774475,0.25952627900893654,-0.03148649379499047
TBX,,,,,,,-0.05204674965416334,0.0436923330729182,-0.09576038902879425,-0.02894717023901161,-0.01424211652104812,-0.022444688835531523,0.008821832283250508,-0.05114930596195488,-0.09688473923216379,0.01757329121006057,0.1741658471233689,0.047970525410498954,0.08516652792034618,-0.01720093465320449
TCHI,,,,,,,,,,,,,,,,,,-0.09324150886692795,0.12698330788662315,0.3822994600944569
TDEC,,,,,,,,,,,,,,,,,,,,0.21870902218228183
TDIV,,,,,,,,0.2627240984325703,0.17184295736782818,-0.06755272528026124,0.21201613742359804,0.2088431263157624,-0.042959413024070026,0.3274596578605875,0.15807659161111287,0.3104816494567866,-0.2314051004400588,0.36882875969616236,0.26444080847125484,0.2637126341918725
TDV,,,,,,,,,,,,,,,0.2773292219766601,0.2928382809564152,-0.16322074606156678,0.2721353466684018,0.11708172452553756,0.18379914394247598
TDVI,,,,,,,,,,,,,,,,,,,0.24503879182308985,0.2585886488366538
TECB,,,,,,,,,,,,,,,,0.2141917252418668,-0.34463386140957775,0.5752890142494294,0.2668611047123197,0.1567773712987437
TEK,,,,,,,,,,,,,,,,,,,,0.19108920761261672
TEKX,,,,,,,,,,,,,,,,,,,,0.38636121667104484
TESC,,,,,,,,,,,,,,,,,,,,
TESL,,,,,,,,,,,,,,,,0.1579260838796357,-0.6443794784115833,0.6066901276346692,1.552157968765333,0.10589555496869663
TEXN,,,,,,,,,,,,,,,,,,,,
TFGZ,,,,,,,,,,,,,,,,,,,,
TFPN,,,,,,,,,,,,,,,,,,,0.0285173252181996,0.0507110589326536
TGLR,,,,,,,,,,,,,,,,,,,0.19048523472841228,0.24223101753167908
THD,,,,0.7432066800295831,0.5428040239370455,-0.05456201916587933,0.36370963611191875,-0.16305132066157324,0.2701202160908893,-0.21109290193224206,0.2835839073859756,0.309786828834679,-0.08828600176155088,0.06630860422549367,-0.10931257203794931,0.004360130082488922,0.009556313835428876,-0.13659729247828323,-0.03150823303429029,0.04427044997113283
THNR,,,,,,,,,,,,,,,,,,,,0.1425051853558612
THRO,,,,,,,,,,,,,,,,,-0.1791507194212265,0.25332046226440896,0.334391269939172,0.15968077022947802
THYP,,,,,,,,,,,,,,,,,,,,
TILC,,,,,,,,,,,,,,,,,,,,
TILT,,,,,,,0.1462291442067425,0.32335699401704754,0.11482115710485097,-0.017072422714434987,0.1875693288774405,0.172961507171834,-0.09392173464596631,0.28620371427516345,0.15392464860123445,0.29384886565352564,-0.17733031439369862,0.2511928752371815,0.20525053089906642,0.17644247593893247
TINT,,,,,,,,,,,,,,,,,-0.3017440984458063,0.1971518974355908,-0.12448796386246241,0.18048287582927425
TINY,,,,,,,,,,,,,,,,,-0.34754983302313336,0.48160837008923996,0.09561066632646309,0.2010152136637593
TJAN,,,,,,,,,,,,,,,,,,,,0.07517585840992913
TJUL,,,,,,,,,,,,,,,,,,,0.083495956577045,0.06823912230919271
TJUN,,,,,,,,,,,,,,,,,,,,
TLG,,,,,,,,,,,,,,,,,,,,
TLTD,,,,,,,,0.1927080572393327,-0.05046407987961987,-0.010329303121836442,0.06845182736110078,0.25619037593240823,-0.1832129857305489,0.21545406147384072,0.032753241104822584,0.1273249785092756,-0.14252259614988627,0.16600187335498418,0.05931204512775401,0.4082349654338826
TLTE,,,,,,,,-0.043888315692721336,-0.02249314930287105,-0.12428643515635929,0.15440295338682164,0.31594306338888556,-0.19068576312826624,0.14439474096010008,0.10352726757368624,0.03762155513520882,-0.17880969682948822,0.12901449870932402,0.045277706131046314,0.3085510486249292
TMAR,,,,,,,,,,,,,,,,,,,,
TMDV,,,,,,,,,,,,,,,0.05117042016983353,0.25138010607576056,-0.045477309329979954,0.019603265059807473,0.02363766937417955,0.04521237741545603
TMFC,,,,,,,,,,,,,,0.3390952744710416,0.3998645704960959,0.27277687403942297,-0.31398697215999893,0.4771786485602467,0.3697984075132743,0.21249496867299023
TMFE,,,,,,,,,,,,,,,,,-0.2581462407061651,0.4095868707264618,0.29457983719026615,0.12250617569772548
TMFG,,,,,,,,,,,,,,,,,-0.2737695533878953,0.27558095167651975,0.16768280257538648,0.07443173459389385
TMFM,,,,,,,,,,,,,,,,,-0.2690990981634813,0.21556066707680177,0.18818499205108696,-0.07013995966290587
TMFS,,,,,,,,,,,,,,0.38891264085745636,0.578475955447054,-0.001015991497766322,-0.3262585460790792,0.2532628383528288,0.17126779024089034,0.002042505762301028
TMFX,,,,,,,,,,,,,,,,,-0.27845399628620504,0.18591641093698952,0.17997264057220508,0.11119029752932863
TOK,,,-0.39791855380779007,0.3200325948213665,0.09804820888654575,-0.037968565803600196,0.14794020389609686,0.25502184410583073,0.06839667920914749,-0.013829533786519188,0.1026303987115258,0.20293298458116293,-0.08463839020776942,0.2857025915345779,0.14209288236737372,0.24375635316073363,-0.18299975790662393,0.24906293853849593,0.20560010904160086,0.21945411274628346
TOLZ,,,,,,,,,,-0.1412309312239971,0.11760353771067011,0.1270778745609804,-0.08521726556867404,0.2676575804010086,-0.09149162763212415,0.21476205957216554,-0.045769111933981144,0.06371742492325527,0.113838013170809,0.14586444651398112
TOPC,,,,,,,,,,,,,,,,,,,,
TOPT,,,,,,,,,,,,,,,,,,,,0.21577739679227692
TOS,,,,,,,,,,,,,,,,,,,,
TPLX,,,,,,,,,,,,,,,,,,,,
TQQQ,,,,,,-0.12021121287093617,0.440857031802357,1.1927585318647527,0.6084937121670455,0.18201139952790024,0.18629361131831912,1.1290763478206425,-0.23703964454689652,1.3053512732370658,1.001320971363442,0.9134884002813617,-0.7967651561680689,2.049226398571034,0.6671874206746446,0.38748037291895976
TRFK,,,,,,,,,,,,,,,,,,0.6740306387020005,0.41643995070117756,0.27136376945967133
TRND,,,,,,,,,,,,,,,0.036906843343120554,0.13573473738966024,-0.15436157931744687,0.16282076000841328,0.12351852628336557,0.0686944358920083
TRTY,,,,,,,,,,,,,,0.082188380145548,0.0115008478121085,0.1591399077684006,-0.0364235071366534,0.0474919860197657,0.0434075151695541,0.1647263189569225
TRUT,,,,,,,,,,,,,,,,,,,,
TSDD,,,,,,,,,,,,,,,,,,,-0.8919614271981755,-0.7797819353793416
TSEP,,,,,,,,,,,,,,,,,,,,0.21396175311629184
TSL,,,,,,,,,,,,,,,,,,1.5245738636208328,0.6412351788533421,0.13541043478519255
TSLP,,,,,,,,,,,,,,,,,,,0.4186051417335035,0.15882829419150424
TSLR,,,,,,,,,,,,,,,,,,,0.6789596124113604,-0.1380764577897976
TSLW,,,,,,,,,,,,,,,,,,,,
TSLY,,,,,,,,,,,,,,,,,,0.645451408870702,0.27318486007163,0.21669013818848182
TSLZ,,,,,,,,,,,,,,,,,,,-0.8883387678358192,-0.790300823785711
TSMU,,,,,,,,,,,,,,,,,,,,0.6422636003704632
TSMY,,,,,,,,,,,,,,,,,,,,0.3702507388255276
TTT,,,,,,,,0.31914320598944834,-0.552981139500639,-0.07630025952426234,-0.10948141908758346,-0.2495368318046589,0.027784477026585375,-0.3336887731828384,-0.5265258851820116,0.0208055851236697,1.3319265076997664,-0.062248975430599374,0.35424572559081247,-0.08359773935837767
TUG,,,,,,,,,,,,,,,,,,0.3776177807361649,0.2177006072701113,0.218334211721269
TUGN,,,,,,,,,,,,,,,,,,0.3578371837704475,0.1970364284237225,0.19810828800814373
TUR,,,,0.9854141326142645,0.2065622043975086,-0.370221011389795,0.5884649600902683,-0.28380827221122873,0.20122434681925738,-0.30814567542895743,-0.05864378820183491,0.4222592967010468,-0.43177380178271274,0.17501094655861005,-0.0319069104249361,-0.2800970362326939,0.912330471176634,-0.10660884665945547,0.11634623489196416,-0.03130777900716042
TWM,,,0.20881000928969917,-0.5903398688686949,-0.4755741048072536,-0.20358909181333407,-0.32001077912031384,-0.49411269864746044,-0.1940147279978589,-0.0184864955994678,-0.4220272421227642,-0.25699377663315515,0.2151786135910987,-0.3768112416089472,-0.6001000467689026,-0.37062275846388903,0.31691316567414285,-0.27667038013552314,-0.20435931368164584,-0.2581977939050678
TWOX,,,,,,,,,,,,,,,,,,,,
TXNU,,,,,,,,,,,,,,,,,,,,
TXXH,,,,,,,,,,,,,,,,,,,,
UAE,,,,,,,,,,-0.132811552293288,0.1277490364541436,0.018463078339969963,-0.15127040691553373,-0.01289248173729085,-0.07770139772566231,0.4211157860154149,-0.07255037592762315,0.01809780898086011,0.15414669053223395,0.21786653494605268
UAPR,,,,,,,,,,,,,,,-0.05319430816795023,0.05580085901898735,-0.055936118047748895,0.1068979233829086,0.1249863442713226,0.06476217861129419
UAUG,,,,,,,,,,,,,,,0.07592349277058674,0.05517117611996758,-0.10879431389701022,0.17899742358333848,0.16042478523472825,0.12974604635248954
UBR,,,,,,-0.5014693619857659,-0.12983155142084957,-0.38222706562379916,-0.3137207905934851,-0.683575859395056,1.4407783745726492,0.27115882372148037,-0.2296372119616007,0.2761478272581799,-0.6223709952383436,-0.37351840983065565,0.11224487600171607,0.7564896994405217,-0.5556183771987682,0.9526070354760263
UBRL,,,,,,,,,,,,,,,,,,,,0.3481948347948596
UBT,,,,,,0.7500454800142626,0.059248568025820125,-0.247155754698425,0.5903676125796742,-0.09467779120072861,-0.02165305550997154,0.1489015838231207,-0.044698746336606976,0.2350716091100966,0.28523241365947993,-0.11795196006918784,-0.5345852813429595,-0.06883787547300024,-0.2057395050018127,0.03276886563842396
UCC,,,-0.5877597765983353,0.5398757089701367,0.4426828517425212,0.05733110555080012,0.46665527394963346,0.8978179917937601,0.2921420080512611,0.09617648772765763,0.11877113242907322,0.42621767283671597,-0.06495327721930844,0.5061363914425239,0.4338695389677498,0.25211581602538136,-0.5803945816506286,0.6008280544960394,0.4693980681248324,0.0661110082828189
UCO,,,,-0.19029374201787996,-0.05944319036869827,-0.18640699523052462,-0.3390441839495041,0.0711436170212767,-0.6570767195767195,-0.7469223007063572,-0.06634692246203033,0.05017921146953408,-0.43644067796610164,0.485838779956427,-0.9291601553559303,1.4794285365513393,0.3674711578608232,-0.07838980710724441,0.07716409167137162,-0.30403969285873644
UCTX,,,,,,,,,,,,,,,,,,,,
UCYB,,,,,,,,,,,,,,,,,-0.5357300076634743,0.696281936714424,0.34362416035089693,0.13655347332930257
UDEC,,,,,,,,,,,,,,,0.06313975115820858,0.07039866458630661,-0.09564469120867025,0.17358983004475204,0.09893208546183518,0.13454951994408004
UDI,,,,,,,,,,,,,,,,,,0.06096876662644779,0.16355554932281202,0.15053972232885826
UDIV,,,,,,,,,,,,0.16831248459230008,-0.08739984747474216,0.2450168044431713,0.047093511424658674,0.20426004785681728,-0.1511454369505597,0.2554111226451472,0.26147867212965625,0.1992433599086023
UDN,,,-0.05241688056620375,0.06004620139589556,-0.022718896754295836,-0.005187092693200279,0.004429583686181626,-0.004414916047032924,-0.11705684050304554,-0.09044604381809163,-0.043478306675515,0.1052976279614628,-0.05521725702358948,-0.002572343563051027,0.06611175002600578,-0.07028027648839674,-0.07361168520630801,0.059704888833090664,-0.037986238824584406,0.13252187219037226
UDOW,,,,,,0.06553908734708114,0.20868919229436833,0.941258492436746,0.28982667594335765,-0.08472715091177774,0.5433986390231307,0.9642290924096739,-0.24536972528047563,0.7482247423642279,-0.2025202853182576,0.7128138166098541,-0.33730484136363226,0.32882294679682067,0.2832827403322775,0.2833496259972357
UEVM,,,,,,,,,,,,,-0.18573741957186818,0.10920360335068646,0.023110620661114245,0.1054708000853668,-0.15440285165499323,0.16678776514446803,0.13568872257769327,0.2363800188697589
UFEB,,,,,,,,,,,,,,,,0.07621245485464279,-0.05998923221468011,0.11912629016825393,0.1298648856627178,0.1068690927522471
UFO,,,,,,,,,,,,,,,-0.036094880237360294,0.08792028469798074,-0.2628687382263607,-0.022447826880210076,0.3050881829247154,0.6809700107806618
UGE,,,-0.4957607820063835,0.41128503252806237,0.35657964674245957,0.11983410817215101,0.20121951775273317,0.6004277737154358,0.26677521272899063,0.11833812084357631,0.12178416579046991,0.32697493187467486,-0.29589564607804253,0.5825279294505736,0.5776923680044603,0.4485982995288056,-0.49758821862732483,0.058131624095823176,0.1402041926671631,-0.033315014093216244
UGL,,,,0.4229299633114805,0.5140227490223153,0.12903684404299454,0.0280688367871178,-0.5231160434304094,-0.09793334439458123,-0.23178297270973514,0.08638747850565975,0.2093368087194245,-0.10050493603846944,0.31255019103600223,0.37223331793382797,-0.16197283071906055,-0.045917483745886556,0.13769147891479405,0.47096781241845753,1.3550072146665575
UIVM,,,,,,,,,,,,,-0.1822156538076133,0.15737464402647783,-0.0009051464323118763,0.11060564739349998,-0.13625269948173857,0.16855261621506568,0.05893564091465908,0.466630522504317
UJAN,,,,,,,,,,,,,,,0.06719088988108579,0.06360268991379936,-0.06129543625402756,0.16043141950259154,0.1356678356084302,0.11035462964306109
UJB,,,,,,,0.24401108289226903,0.07338427592942165,0.026916169581098437,-0.12445678600415655,0.2917054233616889,0.1176535800040297,-0.060945861089628406,0.28786491192543995,0.04319510937945559,0.06794075914683417,-0.23104203911069277,0.17272542260821666,0.10159783628931285,0.11763998018445654
UJUL,,,,,,,,,,,,,,0.12992693641246889,0.046677150544956136,0.053673384957837245,-0.06954483826538216,0.17807154144549298,0.14259683079404528,0.12675198677314747
UJUN,,,,,,,,,,,,,,,0.0698279250577547,0.0552763450983742,-0.09077025108203363,0.12421915353246527,0.12696660359700518,0.10762484399475936
ULE,,,,0.033927339299669734,-0.15517804329587848,-0.07084467329657773,0.002060125097548271,0.07355366624710258,-0.2268645542687966,-0.2090770144752292,-0.08506490249299137,0.24447608102520468,-0.1423709242592146,-0.06896548388912638,0.15485762631221656,-0.16005040832825101,-0.14242192454380698,0.08029198096514789,-0.09680206699228422,0.28167634748322
ULTY,,,,,,,,,,,,,,,,,,,,-0.003886594207728855
ULVM,,,,,,,,,,,,,-0.12634938319180167,0.22301205941483926,0.034591703171611865,0.32466821371929755,-0.0885356561858266,0.10557976985514195,0.19241333093455237,0.16971281135017868
UMAR,,,,,,,,,,,,,,,,0.07504960895740198,-0.054240127348753386,0.12515582736623299,0.12993092277303342,0.12119929331092294
UMAY,,,,,,,,,,,,,,,,0.05512791337860157,-0.09269224259699771,0.12764572403224905,0.14490529608820113,0.088191559987705
UMDD,,,,,,-0.30666846908726886,0.4514199963935952,1.0459627105196727,0.2718856160752634,-0.1264538188137153,0.6581404076543491,0.46679210621787504,-0.4075604163490639,0.7953364161315675,-0.17425922706145502,0.8133369888436637,-0.4999161591176765,0.28449928821707404,0.20824267258166151,0.008748166880628183
UMI,,,,,,,,,,,,,-0.10636754188261477,0.2101182035107254,-0.08246218951184103,0.23610621597409498,0.19000606392974895,0.1715847951080658,0.42454101388992527,0.0416136266478202
UMMA,,,,,,,,,,,,,,,,,,0.18297128826809272,0.06732825268377729,0.2709711217608022
UNHU,,,,,,,,,,,,,,,,,,,,
UNHW,,,,,,,,,,,,,,,,,,,,
UNOV,,,,,,,,,,,,,,,0.08018328898996674,0.04898825548559094,-0.06321841933930294,0.14319788113720033,0.09629812259131487,0.10340638985762918
UOCT,,,,,,,,,,,,,,0.11272955122270223,0.07843141295609501,0.06576981367071455,-0.04448331293706176,0.1909491747033083,0.09226004992647563,0.10963170015657542
UPGD,,0.03276255627585534,-0.38288514926840733,0.5146788368179935,0.2577753381759853,-0.033881703615565195,0.12955271836251936,0.39254510827778044,0.05632320644507982,-0.05930196946923716,0.21968303222772456,0.12316039655395428,-0.15541213397269282,0.30233949244240876,0.06092901134734463,0.25549965405786645,-0.13988739174436393,0.1646327056254322,0.13792173336168223,0.09978508540110287
UPRO,,,,,0.29801146029840053,-0.14373490583682957,0.4002114414609419,1.0337582691088425,0.42064941166455716,-0.0498604332851319,0.36678010817205986,0.6774382197469551,-0.26615663468240536,1.0189168775069706,0.07194316994900074,1.0712813425332994,-0.5758607868855805,0.7077008887678529,0.6657972821626819,0.3606597355381098
UPSD,,,,,,,,,,,,,,,,,,,,0.1415016626601448
UPV,,,,,,-0.32033020965138825,0.31549934973813776,0.48344955845802917,-0.11963188836724237,-0.05865751314018197,-0.03072099472074641,0.5654381349175526,-0.32633997844258844,0.49052620154429993,-0.04672238194466094,0.2942783669764861,-0.37638435101252254,0.2900455481208901,-0.020251132667062577,0.7142790694699706
UPW,,,-0.5809239888222317,0.14275163973644633,0.106566265329062,0.3373614168968537,0.02083659913015934,0.2530318610229447,0.6032899931829361,-0.13244364745416282,0.32696248823395657,0.23097401190084477,0.0404432444913827,0.5316772444685465,-0.1485750931316201,0.39422737460515966,-0.02695698896497456,-0.2235709861044678,0.3391324634784476,0.22919384884368998
URA,,,,,,-0.6093000086660635,-0.21848793298719804,-0.24728291619070875,-0.20900591549234637,-0.37569867662688483,-0.006125268911624571,0.157627441652195,-0.25236782693064463,-0.033748242769694126,0.41587294431573074,0.5594705268022735,-0.16271435788453925,0.46686660026155047,0.014705851174026785,0.5956462333938588
URE,,,-0.8056561609079778,0.19033392413820005,0.49121060028983643,-0.01186226559575676,0.3508345375283577,-0.0368752234181865,0.5822295673387465,-0.027237055508880115,0.12547235248550415,0.1573036812572406,-0.12792850718067605,0.6431642488438518,-0.2613365211674422,1.0104620123840755,-0.4871876156157433,0.10821350963562737,-0.012827276753993089,0.0008894038928370929
URNJ,,,,,,,,,,,,,,,,,,,-0.16097312650026052,0.27661851288844796
URNM,,,,,,,,,,,,,,,0.6784366906095469,0.7729116861168177,-0.1823802522390796,0.5905778520334175,-0.12567441090975318,0.30938860705074656
URSP,,,,,,,,,,,,,,,,,,,,
URTH,,,,,,,,0.26344736957454806,0.054535849427490346,-0.006219013469646817,0.08870542600648523,0.2181290294564313,-0.0925262764910143,0.28129670361044656,0.14912245485369935,0.23127282381701497,-0.18408448445895365,0.24118258664225123,0.19658510780537952,0.2240659695103362
URTY,,,,,,-0.407171824611108,0.3788531526875256,1.2708038882850707,0.09415481999531572,-0.19618269135798638,0.7195152730482659,0.37130458209325723,-0.4143246474283324,0.6915843203358161,-0.07862661624076595,0.34004780181718974,-0.6417190995157147,0.2659217914133285,0.09362782799006886,0.1157781928248347
USAF,,,,,,,,,,,,,,,,,,,,0.0926283184173457
USCL,,,,,,,,,,,,,,,,,,,0.2752314620900578,0.15427614162568148
USD,,,-0.7835802686865467,1.2421052837636695,0.15578415554105263,-0.1548051491209177,-0.12144937500757291,0.6462586683161495,0.8187980313030543,-0.0794763826369308,0.6463182167407977,0.8241082564647872,-0.3018872595185129,1.0618998107897415,0.6176608239542232,1.0679261489121061,-0.6974567282881594,2.3818144286546166,1.5611425237652239,0.5907329763191846
USDU,,,,,,,,,0.08825846562528095,0.06618770315359312,0.017090841672386947,-0.08645023014866449,0.05767537187040572,0.01091287531186902,-0.05923865061514566,0.04031935117971841,0.0705060680027012,0.021619777831694664,0.13697050385649145,-0.03878914517382359
USE,,,,,,,,,,,,,,,,,,,0.24826808131592926,-0.1712377019753163
USEP,,,,,,,,,,,,,,,0.06872788031435872,0.06460108246809071,-0.08145157324577978,0.1902698829499776,0.12742644246980683,0.12204276348616139
USG,,,,,,,,,,,,,,,,,0.026044381768036917,0.08193538713713111,0.23848338637661115,0.5055694216929263
USMC,,,,,,,,,,,,,-0.024317168516330034,0.27615089969962403,0.14873139470859842,0.2741936750693834,-0.1773149978530132,0.3095916302552033,0.301253832895912,0.16583595399800033
USMD,,,,,,,,,,,,,,,,,,,,
USMF,,,,,,,,,,,,,-0.04550037767885717,0.24185577913058598,0.11625414382853472,0.22476464735042057,-0.08752065920700303,0.13893333706459465,0.19512917804645347,0.05477860894090503
USMV,,,,,,,0.10863562633428048,0.22600519533100538,0.17492663608016978,0.053631646148389445,0.11959800162762146,0.1859264243711818,0.013735056304915672,0.2881613057094543,0.05606706058407562,0.22564833805433304,-0.08866260835371476,0.1022007568425567,0.15299785650322328,0.08712033692417154
USNG,,,,,,,,,,,,,,,,,,,,
USPX,,,,,,,,,,,,0.2379768912303919,-0.0807060699220068,0.26462664314507345,0.09037888334075816,0.19839519648617165,-0.18843282419195495,0.2752577767203126,0.25511154364567834,0.18807032228526555
USRT,,,-0.3715675705368976,0.3003734506333098,0.27282397958851345,0.0748957958559413,0.16508332328396702,-0.025185795245220244,0.2942583022515559,0.03151506811483329,0.09775042573034942,0.04709233325421325,-0.04442128648223498,0.2899651763541422,-0.06471139866850151,0.48380645335570005,-0.24033938964142176,0.1396192726565888,0.07555106185614147,0.04174759112909543
USSE,,,,,,,,,,,,,,,,,,,0.2520028143211004,0.03407983117381308
UST,,,,,,0.31906036452146713,0.07806297161356524,-0.11737524227884111,0.1690463208071995,0.009457866274278137,-0.004043509737706841,0.033705166277293586,-0.005348383126050349,0.12760139573878226,0.18040548605743645,-0.0801061674655742,-0.2941545786849863,-0.012814577855676856,-0.05313509409404982,0.1210187471764077
USVM,,,,,,,,,,,,,-0.10136538640654957,0.21706887882167103,0.11945588814372332,0.2543047204747022,-0.1431209448826234,0.1901366064907113,0.1715890331146519,0.11232788313094977
USXF,,,,,,,,,,,,,,,,0.28656762856486884,-0.20821037615508808,0.31564369467306586,0.2753626697374747,0.17773859871773667
UTES,,,,,,,,,,,0.16514534782514034,0.1408350098594635,0.0637114849547935,0.2766534177636053,0.01548268429261146,0.23826668301792409,0.019052713429158707,-0.019862218261247455,0.43989428966755306,0.2364978405461653
UUP,,,0.05815112558598834,-0.07383640667414038,-0.009162403018226795,-0.01533745615157589,-0.02109519882759814,-0.013748733513704647,0.10715936123977521,0.0599171347132641,0.02997259948185116,-0.09915200060747298,0.07495593123662014,0.03314804456612186,-0.06983889835643364,0.05647154977503499,0.08781578134651014,0.025250127913633902,0.125464744324973,-0.05716808380745875
UVXY,,,,,,,-0.9679840706266819,-0.8955818270008352,-0.6394782018348624,-0.7669543711817015,-0.945244055068836,-0.9319333333333333,0.7297354497354498,-0.8345739219712526,-0.12201154163231653,-0.8966749792186202,-0.41913632514817956,-0.875699558173785,-0.5084223085450956,-0.6689719797294831
UWM,,,-0.6583084711638292,0.37429686046137767,0.4329453209876577,-0.2120252954709727,0.266521688924372,0.759719089366631,0.08628292069625965,-0.11300508501519602,0.4813469577462186,0.2567240703937059,-0.2726116035867119,0.46758307272217725,0.1653682829920009,0.2726644387167385,-0.45055590726551487,0.24012734276452963,0.12798738923877684,0.1516568945028285
UX,,,,,,,,,,,,,,,,,,,,
UXAP,,,,,,,,,,,,,,,,,,,,
UXI,,,-0.6958568509259533,0.30831239753286255,0.442282376633798,-0.11942633592337792,0.2794855590057619,0.8222857505769847,0.15748188556734077,-0.06701656224727581,0.41823002383631125,0.4788090433252188,-0.2818642267594429,0.6568523693238373,0.13497900043324096,0.4056658045377799,-0.32061287615688994,0.26265701554187726,0.2942109146138079,0.3310924755818043
UXJA,,,,,,,,,,,,,,,,,,,,
UXJL,,,,,,,,,,,,,,,,,,,,
UXOC,,,,,,,,,,,,,,,,,,,,0.18342359389540142
UXRP,,,,,,,,,,,,,,,,,,,,
UYG,,,-0.8455385451184915,-0.06392516902582746,0.13985246863205147,-0.353378295569198,0.4780835034224753,0.652875416032606,0.28885851597223056,-0.04448183702813224,0.36506632209043954,0.37191272815918586,-0.22273495402088472,0.6579183671190021,-0.21015941618888334,0.7370845370052315,-0.332048046712512,0.21528005636530612,0.5489814032265707,0.221325272012743
UYM,,,-0.8342146330363749,1.0663768119024049,0.4701089354864947,-0.37764003767393084,0.07456177743746983,0.31936488421889164,0.042760120663708046,-0.27308403481085697,0.41769183816371847,0.495307628572524,-0.3716842248585922,0.32515031547461826,0.18583310852374435,0.5636108149949943,-0.21588925413184057,0.17970777333398047,-0.07626778138001844,0.13930715469982324
VAMO,,,,,,,,,,,0.0556239030837697,0.0390923005010031,-0.1272200229662633,-0.0597783169140321,-0.0515420566469544,0.3264713470434002,0.0773141580637162,0.0804176424817262,0.0634820755189391,0.1688219133559059
VAW,0.17367603002513254,0.26786381011095495,-0.46068913529165945,0.4595133256593016,0.20825927043284231,-0.10247224899809149,0.14162217233035945,0.2171369775525438,0.0481167497689321,-0.1049978615827436,0.23428913089747017,0.22764566682061882,-0.18752240467048675,0.22952093604960266,0.2069298353781408,0.28397923974812245,-0.1082305852705161,0.13742039492310432,0.0070114627970752075,0.1452052642544155
VB,0.13872191743076612,0.012387526518789604,-0.353178826964766,0.3361116062211609,0.2538281092838126,-0.042803634279655056,0.16622598404554134,0.3391506341512598,0.08592125093944158,-0.03441394630821948,0.20343546593659956,0.1558671772516762,-0.10061725155173173,0.2744212660701406,0.18982536672623906,0.19506030131590824,-0.18036767189149439,0.18897529677901992,0.1493894647976879,0.10056857071920833
VBK,0.10258606835127271,0.10074625238539459,-0.3930506671311208,0.3851404597256394,0.2814475935379017,-0.03144645701645088,0.1631119501659315,0.3465181970191402,0.05056377413015367,-0.023985048486203198,0.12941986696485985,0.21217648524227983,-0.06539085998229788,0.3346953068046066,0.34744340372535687,0.07630618276258994,-0.28704115507849803,0.22527984942992152,0.17967036060378594,0.09368925141740303
VBR,0.17296835288796264,-0.0714273526025454,-0.3104388771818444,0.2909283896543875,0.22767437249387368,-0.0578026773894893,0.17000168573001373,0.3277450300442828,0.11783523882868341,-0.04429475698091434,0.2674742128022751,0.10996562946560418,-0.12974612612363945,0.22511792391242746,0.06044479167390082,0.30208033281806923,-0.10096410380508503,0.16344177417231287,0.12574020402851183,0.10544957270077226
VCLN,,,,,,,,,,,,,,,,,-0.08575738669328781,-0.1688078245162581,-0.056916275986339304,0.5401531186322559
VCR,0.15776964540410177,-0.1197201284338254,-0.3661974095641677,0.4061919502939315,0.2954122495533922,0.024263108472572625,0.2348531150988482,0.40657364179646405,0.08685120410385405,0.07147814300390398,0.08619686256641468,0.22264403684288903,-0.035986825051800175,0.2651641617042453,0.46617717689045657,0.26473285712856653,-0.3655859369808401,0.4116862160831303,0.2547801426960026,0.07656060959290967
VDC,0.1540787750599193,0.12090150513465714,-0.1562587040882364,0.14955184521163178,0.13470841615965146,0.13438466021673778,0.11005970526188014,0.24759061227153012,0.1727744255121073,0.06472462182188732,0.07686376071629608,0.11479284856280025,-0.07335961400891922,0.2657993557432894,0.11778695286869878,0.18828055890052542,-0.01812527076836945,0.027014821115753485,0.1201713807717133,0.029913164403338133
VDE,0.13926566077665448,0.3999270188362556,-0.4012098824929573,0.18688594138942793,0.17408920774381298,0.018575013621787262,0.00665137718531672,0.22961168526406528,-0.10431688266945904,-0.23607368669768314,0.2918951537218999,-0.03631559430011633,-0.21360011500545617,0.06910692843590671,-0.3359562361410947,0.5550231508655481,0.5782269675471294,0.04161680483794061,0.05695597927037355,0.06420583805121272
VEA,,,-0.4048662030370742,0.2672309971437097,0.05515923122337818,-0.13012391187190886,0.1546930283278094,0.19833630336475827,-0.04361196980490856,0.0012908352972635928,0.04194662017932371,0.25629788712046664,-0.15480134366611664,0.22786680373356205,0.08824680898157422,0.11029107442777719,-0.15852757122197714,0.17290597323720247,0.04303731275936329,0.36142978779260493
VEGA,,,,,,,,0.0084710786128687,0.0680902952073871,-0.0185816272448069,0.090613168629551,0.1202760775134987,-0.0694284240956573,0.1887501777472426,0.0807143511685004,0.1325904782243416,-0.1540371249617875,0.1558366390641612,0.1200954158482594,0.1623086796687607
VEGI,,,,,,,,0.02013457892349413,0.002431587587667705,-0.12905742132153897,0.16285795693126204,0.19713651094212858,-0.1032875721054839,0.1384739188273283,0.19404960542763194,0.21646218269594075,0.05451152895257638,-0.0735559292957646,-0.049807792049946675,0.1226686145333944
VERS,,,,,,,,,,,,,,,,,,0.5145588295136234,0.192775851434291,0.2626767093993736
VEU,,,-0.43230100249872583,0.34938265142354874,0.08462672403277405,-0.14741241358938117,0.15861914501353924,0.12337206832835501,-0.02573447081459912,-0.04411391197623482,0.06701261639134559,0.26482609076274577,-0.15097032209011363,0.219614948776798,0.0969005394224034,0.0773014759713413,-0.1612682620700011,0.15016665292950027,0.06760326410720707,0.3341406489780856
VEXC,,,,,,,,,,,,,,,,,,,,
VFH,0.17717711234784095,-0.17647576702730827,-0.4773398741974817,0.13985918659560936,0.1275722762561322,-0.16136899508226754,0.2344740439309625,0.29309896733315544,0.14637631241866056,-0.005845379640335491,0.27197321076932024,0.1908976259021622,-0.1345618655644677,0.3057805377908196,-0.027879592668599407,0.37180470218597894,-0.13297360098219346,0.1381387556667073,0.3035224590027765,0.16016542227436092
VFLO,,,,,,,,,,,,,,,,,,,0.21016827615392297,0.18575961626691795
VFMF,,,,,,,,,,,,,,0.21483856887941766,0.04555685849068625,0.31297581237150784,-0.06026945774824832,0.19771995617616023,0.15643965398350979,0.18634995587577863
VFMO,,,,,,,,,,,,,,0.2846077933530222,0.30799267429433463,0.205032058484794,-0.1307205926243884,0.1825851080387555,0.28262914962227015,0.17731388144190552
VFMV,,,,,,,,,,,,,,0.2753418044741025,0.0015331980880028961,0.21469471225181058,-0.05367583618349492,0.0854285092165381,0.16780189128677625,0.11517265279746525
VFQY,,,,,,,,,,,,,,0.24764507973254757,0.16557062122851018,0.29419576181743645,-0.1578683369634406,0.23079362488308086,0.1350871661528399,0.11818012692986501
VFVA,,,,,,,,,,,,,,0.23236209452837286,0.02349730899019109,0.3840681551505474,-0.0534691835752491,0.17929424870405852,0.07306222846897681,0.15742598307498934
VGK,0.28507761199783843,0.12695203066315486,-0.44429809185359603,0.28882884746860493,0.02910843612425662,-0.12152186417633659,0.17643533226298036,0.22862034107455997,-0.05069054009326723,-0.014313556769596558,0.010619591856724453,0.265627764865596,-0.15441778939883555,0.2554831993447808,0.0521193051004194,0.15396596412817454,-0.16772729067709502,0.18688948491188961,0.031706212504057474,0.3699409649418921
VGSR,,,,,,,,,,,,,,,,,,,0.05374956939223274,0.08285748277420302
VGT,0.06866492151857484,0.14560198319677875,-0.4174697624224477,0.5562929263487275,0.10897603903965036,-0.005888182718249646,0.12381567987783715,0.27056856621605263,0.17896685294157488,0.05288012011712806,0.15564570709120007,0.3600814145955076,0.010789869217839643,0.48534112074317637,0.4341378776182274,0.3265497760544651,-0.30277988627317587,0.541355111655591,0.32791682941746125,0.23013539068790712
VHT,0.05489255516597469,0.07855263651969757,-0.22732135399778441,0.19828375020148448,0.041571863169215684,0.0954796197552934,0.17636514654529956,0.3975216901357179,0.24865751269676872,0.06873138276378521,-0.012731145113773934,0.21751678536968866,0.04282704663024939,0.2351606545478162,0.18086411954185833,0.21190367017076883,-0.04993322783417431,0.029440070273375696,0.010962795120777802,0.1593340259176219
VICE,,,,,,,,,,,,,-0.1833603619716861,0.2047847096999757,0.2357136640163726,0.1125281046140209,-0.1813242368311844,0.0364171133110866,0.1825903289656785,0.030979785411356
VIDI,,,,,,,,,-0.024752650854131364,-0.11182531114611594,0.11448776085648582,0.32200626115040043,-0.18670576928811633,0.15744102485508216,-0.002125899481703386,0.1135123668731357,-0.14383563569946434,0.18974652930992653,0.07249314714964461,0.42663231631979714
VIG,,0.053120439355651694,-0.2549309830988208,0.1647856457160659,0.133152430592395,0.054622625403982994,0.10417526531052368,0.26198975674262903,0.11071926653793995,-0.01773706711414924,0.1348080754617047,0.21804579349716824,-0.024267486467536514,0.30457797398500475,0.1480735263427042,0.25451547262986685,-0.09504516195786972,0.1456716114175547,0.1721358018331094,0.1560143831282501
VIGI,,,,,,,,,,,,0.2741114625955754,-0.12362272042185796,0.2789250971876789,0.13682267545458493,0.11745479576902351,-0.16856034535836462,0.15550696498667183,0.04052107177071229,0.17541440040800071
VIOG,,,,,,0.020634343592525584,0.12913237820912915,0.3941618680891652,0.05208229046598656,0.03773774844695277,0.25612279937128934,0.14210089934995773,-0.049044204136868275,0.20967960997422774,0.19333111192471342,0.2344565174234703,-0.21590394909632005,0.17570974945255036,0.10206756414853602,0.0679223407078664
VIOO,,,,,,-0.007381297578584856,0.14419281134841966,0.38419156540171984,0.06901374912991032,-0.015095553150554997,0.29781298571608805,0.1266696900160682,-0.09225065686996958,0.22129249179845245,0.11357935624248028,0.2802952975526385,-0.17122180625312045,0.16378350654201745,0.09098983502709768,0.07463350255127033
VIOV,,,,,,-0.03298620424033705,0.1545605567378907,0.36465280465382244,0.08670862315651218,-0.05290016968925848,0.3351804695521541,0.10583998411446371,-0.13650133343056092,0.23364894536491065,0.02910931511595516,0.3234001496119896,-0.1265717183175561,0.1510892649867659,0.07727326180649707,0.08253645285179134
VIS,0.1504349245250185,0.12717136496993442,-0.38863440898186663,0.17664537985440765,0.2499466239843633,-0.0313414961479479,0.1490954811003895,0.38616024360496826,0.08161232017055031,-0.03339171286609688,0.22320015911705848,0.20680533732185213,-0.14612597896400648,0.2954843052105529,0.10531506184352146,0.23597608756148003,-0.08004129167734286,0.2220751384539421,0.18106677598838128,0.1998121560574848
VIXM,,,,,,,-0.5275438205643941,-0.40241630591698807,-0.18005645673755255,-0.14801952677165664,-0.2379409808124715,-0.4841463507675543,0.28495917623067757,-0.1932549674905102,0.762728208495745,-0.18414735257778647,0.002973245828438831,-0.4392367080887607,-0.13413177379988372,0.03353872253984158
VIXY,,,,,,,-0.7628937831056594,-0.6185828877005348,-0.278941944349021,-0.35322658903444926,-0.7005633716851893,-0.7068135674292403,0.7290640431116477,-0.6681793886105565,0.149790743903635,-0.7480066495876376,-0.22161418996441318,-0.7262135955672209,-0.2743391393713521,-0.445822458208895
VLU,,,,,,,,0.3461296734824135,0.1450144800110844,-0.00835257709028081,0.1860384574521916,0.1699204302023296,-0.07881518583181368,0.257162380022409,0.09154589687464698,0.32513334010928463,-0.09000180383564538,0.1726129412345334,0.1719853503017943,0.17742982672916208
VLUE,,,,,,,,,0.13403399812496675,-0.025774016294687563,0.16514985914538327,0.20697684540389982,-0.12291309499422098,0.25898023044108953,-0.00872863939118973,0.30085893866867575,-0.15437037657858732,0.14251716305715645,0.07098144506942616,0.34061190152295096
VNIE,,,,,,,,,,,,,,,,,,,,
VNM,,,,,-0.0178652789857765,-0.46331959947738577,0.24686663172255496,0.02383468486427054,0.06344860421282927,-0.19129491358454964,-0.10721949715252332,0.36276521765932124,-0.17380458081073435,0.0813876873489412,0.0801303346726634,0.21628818757307,-0.43822268676432563,0.10624769865986305,-0.09748438186379649,0.6478686548133128
VNQ,0.326062281434895,-0.16645154559623165,-0.36786784545983786,0.3441504875176926,0.2893835777316329,0.06651786414091365,0.166478389105982,0.010442591213759123,0.3037871964058618,0.009125630269208873,0.09896889769291461,0.045568761095310384,-0.056745759195346634,0.31773504788884055,-0.034765995771766534,0.4525750585962056,-0.2566807379273439,0.11743450508575748,0.03917897320908992,0.050287020161418505
VNQI,,,,,,-0.17440209028532916,0.39825384008631426,0.00811053899116465,0.03822531351356684,-0.022858506620966668,0.030812459927199276,0.2616800855081405,-0.10633259984211141,0.22461005668133804,-0.07787220173660636,0.07035182405998919,-0.23094228460470922,0.055887621749830974,-0.005853527450723983,0.22617041221833345
VNSE,,,,,,,,,,,,,,,,0.41375115539970175,-0.16493440322588748,0.22258316799594202,0.1128543462983187,0.1389585351764242
VO,0.1215111131023896,0.05690856261031274,-0.4095646376740024,0.3614376003718578,0.2337725421015291,-0.03239406851215609,0.147594726803576,0.32051250000276554,0.1491586300764054,-0.013644472684622433,0.1272576237499603,0.18309856155492765,-0.09844842464417014,0.31371590641444924,0.17677512323924738,0.26558994769534383,-0.1829076113114978,0.1657047127006519,0.15968742324426755,0.1282763748754503
VOE,,-0.041397382944014405,-0.35680167530428775,0.3448625158067855,0.2000379761127855,-0.01590360048473527,0.1481392773235639,0.34586955921864226,0.1531283545658193,-0.018874831529733682,0.16593346384082985,0.16140110505973881,-0.12909075032485273,0.27892899618608813,0.02680721362498395,0.3115574386468125,-0.07974809809165462,0.09998672435648248,0.13715029099107756,0.13398141919741313
VONE,,,,,,0.0016261763436222765,0.14313304841907715,0.30381137524442137,0.13635811793768204,0.007507470892982981,0.13400893976924744,0.20618740337404962,-0.054383371980221584,0.31294789335452955,0.1986518390220151,0.2814140278503956,-0.1955346356606512,0.2719240944452872,0.2533082359476144,0.18420058507793358
VONG,,,,,,0.013517348582458233,0.13541323294690244,0.3008681808916738,0.13341159093329336,0.05569841796375963,0.0889918709030244,0.2913963232014518,-0.024378190464537153,0.3628933671355934,0.3643905010063897,0.2931441807861015,-0.29695516413568335,0.4376848068119066,0.35230501207189846,0.19609586581058225
VONV,,,,,,-0.006872190259331945,0.1524281530744842,0.2985004592815126,0.13349066884837701,-0.040437378139249414,0.18657740712408843,0.12749540639707102,-0.08908012934260323,0.26230314851775693,0.022965261285682992,0.2681445475139055,-0.07900634819392105,0.11447632737813107,0.13930788370334724,0.168375452826802
VOO,,,,,,0.009505982475704444,0.1430165476413392,0.2919568771985137,0.13951914038921687,0.013250719750254492,0.13761219380205114,0.20931318958916179,-0.05196397267897512,0.31262177515248024,0.17285529712562764,0.3056473440428389,-0.18673266168124347,0.2681111458099452,0.2577943976225303,0.1898383045952583
VOOG,,,,,,0.035725765491916306,0.12979384979596476,0.2958723372946739,0.15665438518317676,0.054569218046466084,0.08825063050436666,0.2626200960517793,-0.011776324530486049,0.3111602593923428,0.31500978503165955,0.3382081283860354,-0.300050448992921,0.3159212266869458,0.3805056280512267,0.2294218509606858
VOOV,,,,,,-0.016481201521370226,0.15012722221108188,0.29295921217881404,0.12999756552627262,-0.03302538340725325,0.1881639712043166,0.14306977361759987,-0.09574572721348606,0.3119888856246389,0.009147434109414432,0.2661373135469909,-0.0583900452477768,0.21572435841771664,0.11468519914497266,0.14527849606785126
VOT,,0.1769713805674309,-0.46711099297579595,0.37801379765836884,0.26712208912888236,-0.05002315542931679,0.144205192005459,0.29270027444268854,0.1456988452872603,-0.01043735100543941,0.08439884964404509,0.20883162552659096,-0.06292970523936758,0.3463080302391526,0.3344438428272474,0.22297597948098336,-0.2794817388443612,0.241956912299772,0.1813830923243105,0.11452272732220892
VOX,0.35719762685000744,0.05053153987258807,-0.3772971130746663,0.2702576970858164,0.17029548565254493,-0.036247714096561356,0.1570487337912101,0.22028468996236517,0.02146125529916043,0.02528898671195945,0.24541394102820457,-0.084870103943542,-0.1718431805794518,0.26371792539508143,0.27638995155170853,0.15595826906673427,-0.39273586665764637,0.43183309532081937,0.3430404826221294,0.26091648283584257
VOXP,,,,,,,,,,,,,,,,,,0.27267043964632776,0.2538813864486009,0.19828340521208232
VPL,0.09400572932388407,0.04563482237046279,-0.33573891746803175,0.1938824667623209,0.122670334782917,-0.14674085219554778,0.13451087992654687,0.15335220812381012,-0.03088285711784533,0.02287972112374348,0.07077809096478749,0.27594985319327336,-0.15074740725661107,0.1816418603837473,0.15575140205474103,0.01550324441713924,-0.15297151698790667,0.1559814877629666,0.02579579005686794,0.33508556700003234
VPU,0.1940476651645835,0.16599692438327174,-0.2721451272174116,0.091383320501915,0.06582132251075068,0.18244935811169216,0.03514300022488892,0.12675426266948486,0.27901202647253687,-0.05333666118685321,0.17981958054870284,0.12886276505151484,0.05282638058183786,0.272594393354171,0.005100409079411339,0.20265276491988327,0.019685702710903197,-0.07463628370895603,0.2142074503702711,0.1641292953078035
VRAI,,,,,,,,,,,,,,,-0.05691341076752732,0.2561849076731384,-0.09927848158455688,0.07175961487228322,0.021178399460200392,0.06638450310955402
VRTL,,,,,,,,,,,,,,,,,,,,
VSDA,,,,,,,,,,,,,-0.008896139085020072,0.3139766695004216,0.12240850123353897,0.2376145630922777,-0.03795814397797648,0.0866856683538304,0.09553394072015764,0.07805279162737255
VSGX,,,,,,,,,,,,,,0.2304158835423784,0.11752531830416024,0.06792406035886067,-0.19049554443911065,0.14808627421187737,0.07040682508474538,0.31932399727643945
VSLU,,,,,,,,,,,,,,,,,-0.1622246153608834,0.2689813295807983,0.2463882902072598,0.2140673850364609
VSMV,,,,,,,,,,,,,-0.011232146812254151,0.2750869553394155,0.05372020358925722,0.2707117420925935,-0.07184973703805242,0.12525602648586331,0.1549165584161405,0.18197471211022154
VSS,,,,,0.2192183298417436,-0.20221064591713167,0.17931822570048417,0.14651384067516982,-0.03556818157641106,-0.0004330860545739279,0.05328825456028019,0.2957588654194707,-0.19258387392434817,0.21276303096040472,0.10784505587071291,0.1257480357054428,-0.21859942358133333,0.14955099563016194,0.043315688715093836,0.30248493640502616
VT,,,,0.2917772687004174,0.1049268760095543,-0.08333271290347066,0.14968285765452105,0.20308499199434737,0.05239163583748452,-0.015994872678351424,0.10355340569286842,0.23484224280897625,-0.1054609086098689,0.26968988378245484,0.15419133958653264,0.1894721102852821,-0.18473869632561102,0.21951062323254478,0.17486672638201317,0.23484689444366613
VTHR,,,,,,-0.0015568750926537867,0.13996247016577024,0.3015985715170366,0.13363104363185085,0.011916388291227431,0.1456478070663474,0.20711847138433437,-0.06198593078326009,0.3067875095624073,0.19983692859097113,0.27364902082525955,-0.1964856813774023,0.26485317934475194,0.24363302625188843,0.1820670165068221
VTI,0.14014204010136733,0.05565623013977716,-0.36230397550335214,0.25292009147578387,0.1550225641834344,-0.000626759551158873,0.14826340928873427,0.3014637294094804,0.1354366649291523,0.00430847195446149,0.1453079163001798,0.20295454172550875,-0.05899830595044042,0.30566329585790264,0.20078041624503107,0.2749631684167231,-0.20030211597608172,0.2656331282521409,0.24645699174546087,0.18223734541364678
VTV,0.20521662841656463,0.0019248520943651037,-0.35163687205935223,0.16646022142842187,0.12653930100944755,-0.0005020441039469414,0.13428987416597749,0.29862683958920444,0.1421903393461661,-0.010015595280166267,0.1854156683264372,0.16369238388618434,-0.05766410645594011,0.255918657160241,0.018304820262142973,0.28172075895564963,-0.024915302348991086,0.09502696041217784,0.15245045101081978,0.1626523623284013
VTWG,,,,,,-0.049537607958458185,0.13181132256293893,0.3998702245392243,0.07430340557275539,0.0017139088183737439,0.14421871833934974,0.21894460311000974,-0.10036140430371465,0.2892291379582612,0.3456488410539891,0.04380208736523583,-0.27334146145920946,0.1964341275722925,0.16287066172894415,0.13483820201323748
VTWO,,,,,,-0.05962487104983871,0.14487187258669953,0.34820428059350106,0.06117263600169953,-0.039342642659542015,0.24305972518649588,0.13937879357723548,-0.11981909545518676,0.24879036012222344,0.2024830798859829,0.16486475252202903,-0.21394146414222093,0.17766700107683264,0.12237382362062754,0.13640387900495088
VTWV,,,,,,-0.06793137431299368,0.14336056897997174,0.3039171281318531,0.05363857874788214,-0.07084677644877169,0.3439109370309674,0.07383902877296111,-0.13649971228775126,0.21896480285479614,0.053480056214412874,0.2980560248856665,-0.15531834462042382,0.15347535926715405,0.08326314039901517,0.13636353279555724
VUG,0.07622938182555594,0.12536437788346744,-0.37254105023573403,0.32089744686762134,0.15281713866951963,0.00885723263491589,0.15330538090842505,0.29102421216175767,0.14623268416906687,0.0337783615274343,0.08123340046166172,0.268131009865888,-0.044092003845324856,0.3707532653179766,0.3825887834838886,0.2922403205372346,-0.33611771465487095,0.4787404558708994,0.3499197621558401,0.20576964509420415
VUS,,,,,,,,,,,,,,,,,,,,
VUSE,,,,,,,,,,-0.05769634319747252,0.19977015290793632,0.15586752980842378,-0.16128084312272528,0.1964842679357537,0.06345677429089647,0.3700651670286277,-0.09945760759018096,0.24788439410745222,0.17020904674485005,0.14083059411210752
VV,0.1386070716471579,0.06430334434130192,-0.3596323091410667,0.23640993303473623,0.14088128485443097,0.004003927267095753,0.14421178148844604,0.29387938506418987,0.1443199147276233,0.010869599278944264,0.1341538261322739,0.2115299398164847,-0.05162574728360503,0.3123099801779856,0.19926472767242553,0.2913705087739771,-0.20127503299343297,0.2772538550684214,0.2586290850979347,0.19178801347981844
VWO,0.2521107014576782,0.364128615088116,-0.5232212327279716,0.6736396797068323,0.15536180778146358,-0.1953642857451754,0.1581568764500978,-0.06906626442115293,0.03584001900407463,-0.14840626480822672,0.1545356830053799,0.30067787787428424,-0.16202444617079426,0.20213874636606843,0.12494113236004156,0.007963028826569074,-0.1855516520675905,0.0809094753082864,0.11899198043711934,0.26066357326272516
VXF,0.12983509509679148,0.04350690507498345,-0.3799590787555248,0.34943551423951336,0.2505969392312912,-0.051435741243674005,0.16997310765426366,0.34622666647967115,0.08588598425196858,-0.030725514591460223,0.18269806283919743,0.17339240529592193,-0.10130201028059937,0.27937294080813313,0.3207129488597862,0.13992911736616498,-0.2690022215787945,0.2623130872781303,0.1818046845145338,0.12184604439146396
VXUS,,,,,,,0.15261348122202323,0.12863433254191037,-0.030344959906704494,-0.03922085660683772,0.0661862358653289,0.2654516900127095,-0.15280052878121675,0.21978387892947526,0.09446476943100146,0.08336180580337849,-0.16618086038946844,0.15084223779920536,0.06289370166036701,0.3313613998606524
VYM,,0.013469639334032557,-0.31056389714030197,0.14526761705072144,0.12738591475604655,0.09873480543814206,0.11656280536205532,0.27042964414448645,0.14643128111513604,0.0030969676304359872,0.18456237199669867,0.15807975194451807,-0.06239937528541373,0.23856981966116342,0.008651928477601656,0.2774872971222122,-0.009030959455277987,0.06761452216562569,0.16821324540968674,0.1629721216512925
VYMI,,,,,,,,,,,,0.21144818374898722,-0.13498679962603555,0.18617266351293682,-0.025108548493760208,0.14805072744852077,-0.07666919508535108,0.16485035169975193,0.07738724221229432,0.39321853911490456
WAGN,,,,,,,,,,,,,,,,,,,,
WBIF,,,,,,,,,,-0.0418058565177899,0.09701168961323492,0.18856393677923577,-0.041885369230703295,0.028065655317126126,-0.02860915518488505,0.1743099969536821,-0.08770537445958615,0.006727929041662195,0.03622062311083796,0.10457748257987509
WBIG,,,,,,,,,,-0.10549904305190072,-0.014809049131684238,0.24797418442548813,-0.08529241690095912,0.06978407640977236,-0.036203813018223174,0.17614537133688568,-0.08627167234300992,-0.01612735801213816,0.058556213430128956,-0.001269404652708639
WBIL,,,,,,,,,,-0.06907894987067908,0.05552122883545407,0.19151702795570125,-0.09430335318629246,0.11695873736649376,-0.025427853348976792,0.1947591661835324,-0.0953962678087088,0.1241356427028184,0.15419835843631668,0.005586675113993023
WBIY,,,,,,,,,,,,0.13344309944338018,-0.12929496353564418,0.23077791510450152,-0.08594616100709584,0.2942507098051008,-0.01294439363327804,0.13428045704828429,0.07383099477597543,0.13940536455516406
WCBR,,,,,,,,,,,,,,,,,-0.40315746631472027,0.6818031806946354,0.14672601688839015,-0.010537381253810763
WCLD,,,,,,,,,,,,,,,1.0520087972812227,-0.01481760616148986,-0.511111105327511,0.40530758277275414,0.11401425527890452,-0.057154290635014426
WCME,,,,,,,,,,,,,,,,,,,,0.35956320491315985
WCMI,,,,,,,,,,,,,,,,,,,,0.31508867006749797
WDCX,,,,,,,,,,,,,,,,,,,,
WDEF,,,,,,,,,,,,,,,,,,,,
WDIV,,,,,,,,,0.06352930853751126,-0.07185661285727096,0.1491475800615336,0.18377258193871016,-0.08978472460597275,0.20448472499225345,-0.1036878115425337,0.14539520322447474,-0.0791985233988145,0.07690643725659241,0.0805682732662365,0.28547343662776337
WDNA,,,,,,,,,,,,,,,,,-0.2669249347431897,-0.013356484275314773,-0.1443653090255903,0.2226646397767622
WEEI,,,,,,,,,,,,,,,,,,,,0.10772399486411621
WEEL,,,,,,,,,,,,,,,,,,,,0.173008329785026
WLDR,,,,,,,,,,,,,,0.20669759353958206,-0.024217753709923406,0.2709669329808355,-0.10583455581283807,0.18954250730327415,0.22964985560149387,0.3252457615548783
WLTG,,,,,,,,,,,,,,,,,-0.23064252516743422,0.17597387515010454,0.28098425548746087,0.24822267594392677
WNTR,,,,,,,,,,,,,,,,,,,,
WOOD,,,,0.38468934732942994,0.13887168214501244,-0.17244300251475986,0.21188789750775916,0.15205096813278196,0.03510843415302056,-0.08057184863119748,0.15783080917449555,0.3393933335997701,-0.18924408334630005,0.19391522865539357,0.20686152256644896,0.1764644221004692,-0.18898415848684902,0.1345306153096837,-0.0347909360981421,-0.026348736555720786
WQTM,,,,,,,,,,,,,,,,,,,,
WSML,,,,,,,,,,,,,,,,,,,,
WTAI,,,,,,,,,,,,,,,,,-0.4297295906448163,0.47352068789656987,0.10201940815806321,0.3570884438362325
WTIP,,,,,,,,,,,,,,,,,,,,
WTMF,,,,,,,-0.10224989860815825,0.023433596619978125,0.058038141124725495,-0.04151359514768327,-0.013327038318635243,-0.0234087719356455,0.004107298502195045,-0.030473238819829218,0.003382385228269502,0.0942275896523117,-0.05814516655679425,0.16189758873548432,0.032888577132782704,0.1274981742673862
WTPI,,,,,,,,,,,,0.09989647706168814,-0.07458382596098168,0.13061635323820808,0.013161960255783534,0.21535459069850105,-0.10265266638842607,0.16079457610044012,0.1734025088775757,0.15724549738150073
WTRE,,,-0.5605081635390435,0.38667806650223224,0.14508007267495282,-0.15618021144931837,0.35770591900044746,-0.054287194836368347,0.09834635251862123,-0.027712848901392473,0.04361351392106605,0.37252139595363687,-0.11965777229698449,0.2370528448790603,-0.16347420880750263,0.01989402037767496,-0.3157004033019888,0.1354769032923968,-0.02872718221538484,0.27823865782649304
WTV,,,-0.4047051558382705,0.23425000277435215,0.12600080048563744,0.039876380471104866,0.09611471266507765,0.27254834575500997,0.14742764325137236,-0.002899316785150874,0.09914115856793848,0.2344869944169954,-0.08598333150843118,0.2910009500057984,0.054721737458236275,0.3180669754994303,-0.08225552293700755,0.22871600981109608,0.23971870847655197,0.14850150974391352
WWJD,,,,,,,,,,,,,,,0.12076005194696737,0.16502209128121414,-0.1483672866073381,0.1637308523378982,0.023309577303233908,0.3035221654383007
WYFL,,,,,,,,,,,,,,,,,,,,
XA,,,,,,,,,,,,,,,,,,,,
XAIX,,,,,,,,,,,,,,,,,,,,0.3012437076162764
XAPR,,,,,,,,,,,,,,,,,,,,0.12576448879307445
XAR,,,,,,,0.13749158172188336,0.5536068856538465,0.12837210511671326,0.00010199485855322266,0.2275892946368825,0.31173988771967265,-0.04765159163434496,0.38666903447545753,0.03622111934936134,0.06613658488038632,-0.05788937765719537,0.23935692354781346,0.2505190755717812,0.47765308641047755
XAUG,,,,,,,,,,,,,,,,,,,0.091588169555465,0.0968789378433208
XBAP,,,,,,,,,,,,,,,,,-0.07760002829811785,0.20788555124650565,0.11713063301169968,0.1337243864322064
XBI,,0.3024401600661013,-0.08587099598397252,-0.008303250684829067,0.15743120643263175,0.039123361578735194,0.3294778447424609,0.42974685577264315,0.4426408051914834,0.12401240664252344,-0.12492635070772495,0.42807418036901224,-0.1755035729848612,0.30544102026986697,0.49005227073352664,-0.2054565830799403,-0.28101188132917165,0.09539589200066345,-0.000459661844400161,0.334255476665444
XBIX,,,,,,,,,,,,,,,,,,,,
XBJA,,,,,,,,,,,,,,,,,-0.11721076587237367,0.17411119424971777,0.12098185978858855,0.11147825821586288
XBJL,,,,,,,,,,,,,,,,,-0.05176688945769403,0.19782502711832994,0.1193363512487906,0.12214417276489353
XBOC,,,,,,,,,,,,,,,,,-0.07996670628116087,0.20044813816541462,0.08726186906701194,0.11498176512755998
XC,,,,,,,,,,,,,,,,,,0.21553722080364124,0.06636454140090264,0.17826078328450445
XCLR,,,,,,,,,,,,,,,,,-0.13188254261718269,0.15860165659824021,0.21290512518924798,0.1106679391662786
XCNY,,,,,,,,,,,,,,,,,,,,0.1946572765955561
XCOR,,,,,,,,,,,,,,,,,,0.14494518918031218,0.3147655427236873,0.13350637679854538
XDAT,,,,,,,,,,,,,,,,,-0.44260155409704494,0.47019155017590974,0.19499218865652068,0.02776901275651933
XDEC,,,,,,,,,,,,,,,,,-0.035930641844911904,0.14463502533700656,0.09641383701240813,0.09999998977292934
XDQQ,,,,,,,,,,,,,,,,,-0.342024274200563,0.311638024267741,0.3374374231492241,0.15859103495033633
XDSQ,,,,,,,,,,,,,,,,,-0.17117365316044697,0.23348473620270593,0.24065368349144678,0.15796272531538813
XES,,0.4508477245911151,-0.5853336221250558,0.5704630129452146,0.25700771796303523,-0.053508998525825135,-0.03152825144847715,0.23600388309926013,-0.3361984732901072,-0.3710424226003981,0.2639215983603551,-0.23970948014998616,-0.4798938557598974,-0.11167328643630015,-0.43511456954443406,0.10282926979176965,0.5114605659914713,0.13124583794576328,-0.04239516409100863,0.037279933507640806
XFEB,,,,,,,,,,,,,,,,,,,,0.0913255256714316
XHB,,-0.46376476797710986,-0.3451327951409956,0.24630092991067265,0.15816415722312938,-0.02191993714053808,0.5488319680067721,0.2232209576558497,0.03673825970844913,0.01578372853983323,0.016375849616350413,0.3059981633929938,-0.26041388297578605,0.40047587802458295,0.2758258793426409,0.5199032496428606,-0.2751279052012269,0.579851089492768,0.11243183780106114,0.013509017519823141
XHE,,,,,,,0.11757990326323431,0.3436232745005079,0.17457950999242855,0.10889390727566184,0.15863900317075053,0.30328703961923886,0.07337126287614937,0.24690224684827267,0.3275801695211402,0.03605415381191723,-0.24768883755672544,-0.057289620432270705,0.060886919441559995,0.0023380275839364195
XHS,,,,,,,0.22031592506520759,0.35324911038719553,0.2577492445775462,0.037245277352096595,-0.07073888378714499,0.16299564674492895,0.007004432130344851,0.19167510377483965,0.3425189598836891,0.09752563588868624,-0.20484272065864118,0.06100157910166293,0.0054632245497725496,0.19486083379923413
XIDE,,,,,,,,,,,,,,,,,,,0.06861090181716833,0.07043647776172635
XIDV,,,,,,,,,,,,,,,,,,,,
XIJN,,,,,,,,,,,,,,,,,,,,0.07480704215818901
XIMR,,,,,,,,,,,,,,,,,,,,0.06784095901152964
XISE,,,,,,,,,,,,,,,,,,,0.05753269758415014,0.06602507581581918
XITK,,,,,,,,,,,,0.3600991797425497,0.06037579159676665,0.367506553818963,0.8495320782246643,-0.10024080646534816,-0.4760811528380152,0.46386059843746796,0.2278806283065251,0.02731740739494848
XJAN,,,,,,,,,,,,,,,,,,,,0.090720468865092
XJH,,,,,,,,,,,,,,,,0.2562522479570004,-0.14483879153714074,0.17071575745494427,0.1252319860090576,0.0979561014901329
XJR,,,,,,,,,,,,,,,,0.2642576105426211,-0.18058720393552707,0.1641968485451073,0.10354211784535794,0.06356073864460421
XJUL,,,,,,,,,,,,,,,,,,,0.10767267244551482,0.10362618893314002
XJUN,,,,,,,,,,,,,,,,,-0.001173188812848447,0.14949449612932342,0.10119723636724265,0.11341277030691721
XLB,0.15914796749095683,0.22896913595848223,-0.4350697435593497,0.4294072232284656,0.16904948063436742,-0.11635011429737163,0.11595394742962961,0.2291032930581316,0.08047930804090786,-0.08824652447439396,0.18654539183824959,0.23293265558206855,-0.16069923429421595,0.23493573492787823,0.21889538853140889,0.28664344466166036,-0.11139703971515957,0.12571862618739993,0.0032518221635025046,0.12103674613311366
XLC,,,,,,,,,,,,,,0.2932475422180547,0.2543092824407762,0.17706281228495047,-0.3806009679838587,0.508716972151817,0.3547106825772419,0.23076861660125747
XLE,0.12714401001926023,0.4184806749866685,-0.39070497571216,0.15985214875212406,0.1804963841916143,0.020763109058729246,0.023693909980635697,0.2351395102728715,-0.07359430852054816,-0.21863367460399874,0.2806780893248506,-0.019934551738875927,-0.19542585369136667,0.09582353133231392,-0.33271486062628786,0.5303754682045498,0.5938540628930269,0.029842637344267287,0.04438107483600584,0.07227704288998593
XLF,0.16931795018855467,-0.1956973740543707,-0.5399581364885809,0.16265302254876746,0.09694877097032362,-0.18921697516900715,0.2514245632104457,0.3167119549119537,0.15688590296115845,-0.01770027394212159,0.24824719532940276,0.20650665262523393,-0.13083231304134313,0.30775989799701664,-0.02684817162267994,0.36652000694180065,-0.11672215533455099,0.11639222538802518,0.30002997113703955,0.16050648010167157
XLG,0.15920676134107326,0.04539372454713231,-0.3289093204380801,0.1693410828254167,0.07412209796649694,0.02990064802318959,0.13419215572723253,0.25400078001553417,0.12197478416091045,0.043733386468673086,0.13046942795684213,0.22130145770480913,-0.04288056465395296,0.314941482276625,0.22189180097135086,0.32199811430363523,-0.25214858623467573,0.3898717887762766,0.34634759003854754,0.2059953944111268
XLI,0.12762226747486927,0.12784492713023643,-0.3769340800639205,0.17708778323577667,0.2542852067041188,-0.01803654750112471,0.12458637587628618,0.3725309567435027,0.11929241332622009,-0.042048811546010145,0.21634599220252704,0.2324630654778581,-0.13760244908136365,0.28426590762208304,0.08847462115402682,0.2408074560584883,-0.04785841057988738,0.17877270067523798,0.18505251177219484,0.20768833384890661
XLK,0.09999386773683949,0.15110574344040506,-0.4029796623553361,0.45835980111496166,0.09767004901832532,0.014857800253405662,0.13688156268111618,0.22175776310243078,0.19007867666522626,0.05673659710088974,0.16535566290546,0.3307319457582185,-0.028769908048520754,0.49759203825902176,0.4097369073409427,0.36977579329648114,-0.2840571531607041,0.5751196657664919,0.24901086265277317,0.2615065072659808
XLKI,,,,,,,,,,,,,,,,,,,,
XLP,0.1375714910892898,0.119576423524278,-0.13796374386257115,0.12672802774664893,0.12926599297510277,0.13931325799527094,0.10828284082905304,0.231335098450957,0.17164578229331862,0.07182510735922487,0.06328498108115954,0.12568336948382552,-0.07502072969545193,0.2819128370770514,0.10991953548146527,0.18487836266993507,-0.007965444027945523,-0.004442998882145277,0.10954447802351064,0.024431399403676446
XLRE,,,,,,,,,,,0.05197588545645626,0.10336698207904305,-0.018213369293986093,0.3170014350504222,-0.01034632225577814,0.5097377860351977,-0.2555961111337751,0.11935664883946218,0.04132469180835341,0.04547871068027298
XLSR,,,,,,,,,,,,,,,0.19387595141773484,0.25407434785311644,-0.16213478709834173,0.1946826117186018,0.18707857929246274,0.18451789656387918
XLU,0.1858824662407339,0.1809894913583614,-0.28504858228739716,0.09149105404425995,0.051053482677339446,0.19070203547148545,0.028667768036534813,0.11030764144895011,0.3074439844264427,-0.05369928276097791,0.16318249541958685,0.1232562467427305,0.04910996062278916,0.28134711796598677,0.01786412623129907,0.20746776778664278,0.02459225369824014,-0.07174769917732748,0.21546517807604948,0.15870317273922963
XLV,0.05751227741254894,0.07127576844738925,-0.22497968205320673,0.17136314511058015,0.015345349437377198,0.1137153259545789,0.15868806417649983,0.3866253178578578,0.25840071825990574,0.06442006336954509,-0.009745172129821511,0.20203659836505472,0.05097827850800929,0.22303778844853905,0.12995703002419146,0.26585415148006164,-0.010610063327961439,0.02360451592685875,0.007022848645775959,0.15121171729756178
XLY,0.1715616333977128,-0.14026804491150935,-0.31930327689376115,0.3386645592276316,0.26485147688542776,0.04762172843125101,0.2256253880987602,0.3981493107759071,0.09971846677504304,0.1070067268806707,0.07817480486002992,0.22102463961259433,0.0006118124151912596,0.27424328535650555,0.2810836625479207,0.29019460758091276,-0.38050920024814405,0.4047672586059692,0.2769697949976222,0.09666983532735607
XMAR,,,,,,,,,,,,,,,,,,,0.10298601765825932,0.10359115803774088
XMAY,,,,,,,,,,,,,,,,,,,,0.1058115446569654
XME,,0.4597554517194493,-0.5953084789429471,0.7319712871955018,0.27677433064173407,-0.2955338823241048,-0.11478619250769595,-0.07971088062588583,-0.26274851738829264,-0.5054459042434323,1.0562770949564837,0.18524377887824484,-0.2936411471648256,0.1271337209952974,0.16470001089370667,0.3408223769672276,0.11248534361786455,0.23217231859423149,-0.03722771160497651,0.8262506400866627
XMHQ,,0.051193047459851204,-0.3927690331637903,0.27013919207212367,0.19471926326251054,-0.02256759605327452,0.12169713924199455,0.33420943874950026,0.14018078766285647,-0.0653962193628762,0.18058343777497599,0.1494860809799976,-0.09892886171589577,0.28320706590403044,0.25609769969363927,0.21635921920728007,-0.12642229435253938,0.30695489289670563,0.1705707996898682,0.060379273230003916
XMLV,,,,,,,,,0.19652616724661165,0.05149865610220816,0.2308529696090016,0.1366262889454002,-0.0024675277088371805,0.25806829540846876,-0.08025372741005776,0.24355513266117157,-0.06031769764641326,0.017027602466128666,0.16726529939620627,0.06805639398444674
XMMO,0.0822409804439681,0.2722599913871162,-0.4357588806484598,0.19980086130651564,0.279781721431021,-0.0690029597682289,0.12677006923948864,0.2535779408041994,0.11420084034565736,-0.03755824773365257,0.06514014195395612,0.3596011546218334,0.050222623503397346,0.37060328113977836,0.28574578577403487,0.1820237288824007,-0.16025460526321522,0.22489528818767934,0.39614348757771856,0.13854480275565395
XMVM,0.12556142857660335,-0.0015665640464063157,-0.36088091174332737,0.21715566186337387,0.12621085922196262,-0.018558514627005307,0.16932279650691395,0.36623752153673106,0.14465445302834,-0.0724621777235479,0.30341305190788104,0.014922921001922829,-0.10164950818497243,0.3075879522074292,0.05322328129356557,0.3764493745338482,-0.08776255840376845,0.18023468865483672,0.12022174635827665,0.20394630625392618
XNAV,,,,,,,,,,,,,,,,,,0.17279123871988733,0.27475347899335123,0.1445136196603336
XNOV,,,,,,,,,,,,,,,,,,,0.08371560406451417,0.11288674213440286
XNTK,0.07122470061435582,0.10219837294093703,-0.4379988402578838,0.6311416484237531,0.13976879588059155,-0.11692822869817665,0.15969843952686436,0.2968457671198337,0.15849994413043844,0.08449527026640702,0.1585937709805436,0.3910622095394234,-0.09057548549397565,0.37203003283951874,0.6970741039392325,0.18641119817618468,-0.41773741205632964,0.7002885095114457,0.27024529567463373,0.3893149046930555
XOCT,,,,,,,,,,,,,,,,,,,0.07031589739024935,0.10599858019395092
XOEF,,,,,,,,,,,,,,,,,,,,
XOMO,,,,,,,,,,,,,,,,,,,0.043066944132392315,0.07211517385500876
XOP,,0.42255006816611296,-0.43654038420253816,0.317924155577191,0.22813835953438266,-0.0009236231698843689,0.0014831560060590832,0.25143067640853056,-0.2792784845032794,-0.3643217084543393,0.3761024022593449,-0.10741518590568255,-0.300563251641929,-0.11959939058629299,-0.36292168405035785,0.6524436335852317,0.38778145124007146,0.09696356940168949,-0.017481574389647037,-0.030417905548939195
XPH,,-0.013926496965996238,-0.08064045577718781,0.25211971283508583,0.19690844525749518,0.11810495131249854,0.10073928264331578,0.58906304881766,0.3030230974636623,0.01729895889836408,-0.2149662858854413,0.09199651004093345,-0.16411710062321883,0.24627673473270173,0.14983149054010814,-0.0989537103452105,-0.1072376466706163,0.038549240774794935,0.047935071104813654,0.33277771186954874
XPND,,,,,,,,,,,,,,,,,-0.29706854537160043,0.4682825221816811,0.3227580015920193,0.19906480614864241
XPP,,,,,-0.013757720468677181,-0.3969180091697987,0.2942518620060157,-0.13184312860621794,0.279142660828412,-0.3036153131979742,0.029867606400818758,0.757226611094691,-0.3560746448966913,0.2750978485914728,0.017101280226397453,-0.400444138233638,-0.5003470958136176,-0.3907176476261708,0.4760495363400912,0.5466202456164102
XRLX,,,,,,,,,,,,,,,,,,,0.18591269165161117,0.08354059432942496
XRMI,,,,,,,,,,,,,,,,,-0.14195533434656682,0.03523007222601082,0.15041054175062363,0.05221552936187468
XRPI,,,,,,,,,,,,,,,,,,,,
XRPT,,,,,,,,,,,,,,,,,,,,
XRT,,-0.17256332270426533,-0.372344670371182,0.7036879783679366,0.3604331616884493,0.08958621459802596,0.20737907194945637,0.41115810033263167,0.10683249015891993,-0.08223474999886426,0.03959420898646049,0.03673212502911993,-0.09699914175200164,0.1252404185622078,0.4300147754775818,0.4434811187269594,-0.32602483481049904,0.22380879992750047,0.11867278418197547,0.09247158779542919
XSD,,-0.04848920537297585,-0.46047636123029934,0.911092996310993,0.14849481173330337,-0.1932652941320948,0.006572193414396299,0.30797202055173645,0.326903174652154,0.10116504989715702,0.31092151401547397,0.2439279284508431,-0.09258681524500878,0.633929140913484,0.5868199033210679,0.43378409398623274,-0.3237426209896074,0.36811316703353825,0.14115533726499363,0.2941348591801414
XSEP,,,,,,,,,,,,,,,,,,0.16292935121469543,0.08739527173695172,0.0911286605456536
XSHD,,,,,,,,,,,,0.008637675542689793,-0.0826788530155802,0.17426767034953716,-0.1286514532609102,0.19670433215501792,-0.20398439105225463,0.011779582259080046,-0.05541681140978627,-0.06028919493801432
XSHQ,,,,,,,,,,,,,-0.06795316600345203,0.1769245765092622,0.11635186057228664,0.25155429997082046,-0.16084201447065483,0.24984229690729176,0.08034235511335241,0.023475342502371266
XSLV,,,,,,,,,0.121933806936803,0.030328576115763006,0.34108303390346184,0.08343215605023158,-0.053842004068448523,0.2269284216919889,-0.17539114368484232,0.298664242345255,-0.12174967289272709,0.009895085820652127,0.09742901185340846,0.02124117100453593
XSMO,0.04316951434501859,-0.010758852012127118,-0.3711636572921251,0.16254309741247064,0.24076931378806288,-0.02869355867640322,0.12862820402169128,0.2968454976086672,0.0732749128883412,0.010688210366861295,0.10820016483794137,0.23529764321830116,-0.036789583093188916,0.28399519251759187,0.21774274989461784,0.19468258865254784,-0.1607215192872995,0.23384003865979808,0.18823158956983677,0.1163699918054717
XSOE,,,,,,,,,,-0.11823353986171081,0.06659485672535048,0.4922359994616907,-0.2054454884579906,0.25058925692653555,0.2634416434893232,-0.06696347614086473,-0.26128178914508393,0.09129804374580464,0.08641913998252382,0.3045481009470137
XSVM,0.15780158527997123,-0.08781933542424347,-0.3066339523682451,0.1676899866351631,0.16358617082331395,-0.031388943144668224,0.1902869745475515,0.3993462750153709,0.07123822764469767,-0.08261570452695455,0.38715474801204697,0.023447317760009634,-0.12729394899007185,0.2854656189748157,0.049258886575396676,0.5672936975593474,-0.1493999014674261,0.2136593526684325,0.026638849877094195,0.09473676360564842
XSW,,,,,,,0.13839192631666286,0.44476345112621773,0.06958901076362367,0.0999709748169062,0.12674694842607903,0.27509554976447403,0.07464583616828468,0.3589523319539847,0.5039225645220737,0.09724153692323867,-0.3454037897560276,0.38626511605390434,0.29322657462854385,-0.0007534998860885267
XT,,,,,,,,,,,0.11609000934012803,0.3296543249039303,-0.0613062894712052,0.30624761293613645,0.3354009533889899,0.16591301916148793,-0.2820925625838141,0.2678189062401857,0.022218959817815964,0.2741566827417543
XTAP,,,,,,,,,,,,,,,,,-0.14763726365329888,0.24122949883554012,0.14339997489219525,0.17633124238267417
XTJA,,,,,,,,,,,,,,,,,-0.20784079015614876,0.2251030201966031,0.15464557331783024,0.14205755615289872
XTJL,,,,,,,,,,,,,,,,,-0.1583335938532653,0.2610409099127635,0.14714800226582492,0.15921912158601992
XTL,,,,,,,0.08476455560313467,0.19366840015990894,0.06091003126543848,-0.01450395158255191,0.27758074623125983,-0.00832319458566566,-0.07774210602288445,0.11306210909428982,0.21817074369345701,0.22547605049694153,-0.19652328734003444,-0.01960106443337728,0.3519493071125941,0.4507072129796681
XTN,,,,,,,0.18349326320510406,0.4805076657824563,0.34941460844812844,-0.19884492427482625,0.2968198347014732,0.21323015977881066,-0.1850263624346572,0.20828290447095466,0.10936104957787651,0.3713391897760836,-0.28409116986643956,0.2582103814104475,0.06527502870666169,0.07424095450316792
XTOC,,,,,,,,,,,,,,,,,-0.18073358396925732,0.2565748994767243,0.10739037954283126,0.14552329770779737
XTR,,,,,,,,,,,,,,,,,-0.18008069896907875,0.21510342554944195,0.22551609031308417,0.14776117607628092
XUDV,,,,,,,,,,,,,,,,,,,,
XUSP,,,,,,,,,,,,,,,,,,0.2700838229722733,0.3221728163982125,0.19826770353455103
XV,,,,,,,,,,,,,,,,,,,,
XVV,,,,,,,,,,,,,,,,0.312675096450012,-0.21898938903194975,0.3012281742381211,0.2684041590542685,0.18615486431920303
XYLD,,,,,,,,,0.0862829230588662,0.005031084208299008,0.08879889857589407,0.1607949463094065,-0.0725575437213245,0.20999946307729744,-0.014889203243206306,0.20211855383033517,-0.12466199978749026,0.11043775739994932,0.19461467063259286,0.08594000235509403
XYLG,,,,,,,,,,,,,,,,0.24528585254941415,-0.15651025613911107,0.189984758580104,0.22598453676909513,0.14041250048043197
XYZY,,,,,,,,,,,,,,,,,,,0.30000352320921597,-0.3004206713935026
YCL,,,,-0.03904555060245596,0.26146273912327,0.1003919811539915,-0.230476171791959,-0.3324963712143866,-0.2505307977070511,-0.02391149412377347,-0.0014388132833250689,0.061529968528746926,0.0017406174550584907,-0.03857409808061674,0.06936004939876228,-0.21064929000212484,-0.2659303307313231,-0.20778100384141107,-0.2523879171633283,-0.052109144264943286
YCS,,,,-0.039675373509536316,-0.25910169020846885,-0.140969113994714,0.2501846760579045,0.3811843290096879,0.27353108319880515,-0.027765509887872408,-0.075460861998497,-0.08022563242694958,-0.007391520288795306,0.04346043986270631,-0.11010498327640661,0.22603035707684072,0.284652247355212,0.28811662652752723,0.3373442755386369,0.060346615712697504
YDEC,,,,,,,,,,,,,,,,0.04731390050051676,-0.06542984952999853,0.1373362478519442,-0.0008853677569090612,0.16127600526654717
YGLD,,,,,,,,,,,,,,,,,,,,0.9950681597259725
YJUN,,,,,,,,,,,,,,,,,-0.08415845043226,0.1424268960792452,0.025653251073597172,0.18961521606183873
YLDE,,,,,,,,,,,,,-0.059396677999834724,0.30364399302913503,0.10352459929837088,0.24167085444198455,-0.08651210133339537,0.1589159556388311,0.16406179709678836,0.1389373596633896
YMAR,,,,,,,,,,,,,,,,,-0.0865824019791458,0.15882761112049004,0.04464617397631909,0.18880104084104943
YMAX,,,,,,,,,,,,,,,,,,,,0.06566455227479806
YOKE,,,,,,,,,,,,,,,,,,,,
YOLO,,,,,,,,,,,,,,,0.4803654268354751,-0.2358273517315084,-0.7265000106090769,-0.1460474367756907,-0.1833506850858066,0.299212599164296
YQQQ,,,,,,,,,,,,,,,,,,,,-0.106121843467884
YSEP,,,,,,,,,,,,,,,,,-0.10002507128781257,0.1491577673622304,0.05719583683926133,0.20175106903810747
YXI,,,,,,0.0651150750766023,-0.19079068318742154,-0.012069716467573488,-0.18583038369605387,0.03961441280760991,-0.10816174080232999,-0.27859002959441703,0.13401100532679777,-0.14996705440303937,-0.15671067531809713,0.1362396452070136,0.046508816422525134,0.16973880779282102,-0.27569299773099043,-0.2501591095072345
ZALT,,,,,,,,,,,,,,,,,,,0.12174894303196249,0.09956417435302156
ZAP,,,,,,,,,,,,,,,,,,,,0.21477315357172477
ZAPR,,,,,,,,,,,,,,,,,,,,
ZAUG,,,,,,,,,,,,,,,,,,,,0.07552786151966107
ZDEK,,,,,,,,,,,,,,,,,,,,0.07821717704106246
ZECP,,,,,,,,,,,,,,,,,-0.12992772349401693,0.14188908969846858,0.17640627037230971,0.16402763349110971
ZFEB,,,,,,,,,,,,,,,,,,,,
ZHDG,,,,,,,,,,,,,,,,,-0.22174530028104866,0.13430081640657243,0.1805353420892153,0.1495346709830263
ZJAN,,,,,,,,,,,,,,,,,,,,0.06752535072469934
ZJUL,,,,,,,,,,,,,,,,,,,,0.0758814845550555
ZJUN,,,,,,,,,,,,,,,,,,,,
ZMAR,,,,,,,,,,,,,,,,,,,,
ZMAY,,,,,,,,,,,,,,,,,,,,
ZNOV,,,,,,,,,,,,,,,,,,,,0.06225141495834796
ZOCT,,,,,,,,,,,,,,,,,,,,0.0641584490785505
ZSB,,,,,,,,,,,,,,,,,,,-0.18809286868612862,0.6516196365889542
ZSC,,,,,,,,,,,,,,,,,,,-0.13309846355557398,0.2741614526969145
ZSEP,,,,,,,,,,,,,,,,,,,,0.06860794741286824
ZSL,,,,-0.7190615835777125,-0.7773242630385487,-0.6020561685055166,-0.27382159215804025,0.8770031725578824,0.3976820502839078,0.09601831500275093,-0.3952254777055506,-0.1515806678690642,0.21599473149182935,-0.27587139805385097,-0.7400379506641366,0.046801873188985876,-0.3040028543236246,-0.054922311417179404,-0.43089430894308944,-0.8828940898940687
ZVOL,,,,,,,,,,,,,,,,,,,0.0854535746762124,-0.11003871854154057
